Inclination,In Flow Rate,Thruster Force,Weight on Bit,Torque on Bit,Drilling Speed,diff_Distance,diff_Depth,Internal Pressure,Annular Pressure,Fluid Loss,Distance,Depth,time_dt
79.74820143884892,0.30777963473310105,44.94,-0.2823529411764696,-0.023529411764705598,0.0,0.0,0.0,-2.2737367544323207e-14,2.439309056956122,0.27545794961683573,0.9999999999994458,0.0,2021-04-28 08:05:20
79.74820143884892,0.58136154165304,44.53,-0.8418300653594764,-0.01960784313725462,0.0,0.0,0.0,57.21500721500718,-1.0600907029478375,0.5203094687817765,0.9999999999994458,0.0,2021-04-28 08:22:20
79.75719424460432,0.5927608041939201,45.400000000000006,-0.8094117647058816,-0.011764705882352637,0.7799999999999999,0.0,0.0,73.0679814013147,-0.7180650037792817,0.53051163010859,0.9999999999994458,0.0,2021-04-28 08:22:30
79.7931654676259,0.7295517729848001,43.99,-0.7999999999999993,3.2579758996440603e-16,0.0,0.0,0.0,89.56496178718396,0.2551807760141164,0.6529374034119853,0.9999999999994458,0.0,2021-04-28 08:22:40
79.85611510791367,0.91193972758723,43.81,-0.7999999999999993,3.411292412568487e-16,0.0,0.0,0.0,116.9606114050558,2.1224647266314003,0.8161717644286293,0.9999999999994458,0.0,2021-04-28 08:22:50
79.91007194244604,0.91193972758723,46.92,-0.7764705882352934,3.4496215407995936e-16,1.2,0.0,0.0,134.52380952380946,2.9102891156462656,0.8161717644286293,0.9999999999994458,0.0,2021-04-28 08:23:00
79.91007194244604,0.9005404688317601,46.5,-0.7529411764705876,3.4496215407995936e-16,1.2,0.0,0.0,146.82539682539675,3.202947845804996,0.8059696064896984,0.9999999999994458,0.0,2021-04-28 08:23:10
79.93705035971223,0.9062400982094949,46.49,-0.7529411764705876,3.4496215407995936e-16,0.8999999999999999,0.0,0.0,153.17460317460313,3.0895691609977396,0.8110706854591636,0.9999999999994458,0.0,2021-04-28 08:23:20
79.97302158273382,0.91193972758723,47.24,-0.7529411764705876,3.4496215407995936e-16,0.8999999999999999,0.0,0.0,154.7619047619047,2.8004535147392358,0.8161717644286293,0.9999999999994458,0.0,2021-04-28 08:23:30
80.0089928057554,0.9062400982094949,47.18,-0.7529411764705876,0.003921568627451321,0.8999999999999999,0.0,0.0,150.02645502645498,2.341269841269847,0.8110706854591636,0.9999999999994458,0.0,2021-04-28 08:23:40
80.0179856115108,0.9005404688317601,46.71,-0.7529411764705876,0.019607843137255224,0.8999999999999999,0.0,0.0,131.08465608465605,1.5476190476190534,0.8059696064896984,0.9999999999994458,0.0,2021-04-28 08:23:50
80.0179856115108,0.9062400982094949,46.0,-0.7764705882352934,0.011764705882353272,0.8999999999999999,0.0,0.0,124.76190476190472,0.9126984126984192,0.8110706854591636,0.9999999999994458,0.0,2021-04-28 08:24:00
80.01798561151078,0.42177210834696,44.06,-1.0784313725490189,3.4496215407995936e-16,0.0,0.0,0.0,143.9255189255189,4.107744107744114,0.041942158558986295,0.9999999999994458,0.0,2021-04-28 08:25:00
80.01798561151078,0.84354421669392,45.17,-1.1058823529411757,3.4496215407995936e-16,0.44999999999999996,0.0,0.0,158.48214285714283,4.279054279054286,0.08388431711797259,0.9999999999994458,0.0,2021-04-28 08:25:10
80.07194244604315,0.89484083756132,46.28,-1.0862745098039208,3.4496215407995936e-16,0.8999999999999999,0.0,0.0,172.07341269841268,4.080744358522143,0.08898539175847685,0.9999999999994458,0.0,2021-04-28 08:25:20
80.13489208633094,0.94613745842872,46.805,-1.0078431372549013,3.4496215407995936e-16,1.2299999999999998,3.0000000000036664,0.5139874643874811,182.9861111111111,3.9202053090942046,0.4704323319949056,1.5000000000000568,0.5139874643874811,2021-04-28 08:25:30
80.17086330935253,0.94613745842872,47.33,-0.9882352941176463,3.4496215407995936e-16,1.5599999999999998,2.9999999999983373,0.5121317633465191,180.95238095238093,3.54404529843127,0.658605264792868,1.9999999999997797,1.026119227734,2021-04-28 08:25:40
80.2068345323741,0.95753671718419,46.91,-0.973856209150326,0.003921568627451321,1.2,0.0,0.0,175.79365079365078,3.2024505708716298,0.38088015801322705,1.9999999999997797,1.026119227734,2021-04-28 08:25:50
80.25179856115108,0.95753671718419,47.33,-0.9163398692810452,0.019607843137255224,1.5599999999999998,0.0,0.0,174.20634920634916,3.1801726538568698,0.8569803555297608,1.9999999999997797,1.026119227734,2021-04-28 08:26:00
80.32374100719426,0.94613745842872,45.77,-0.8431372549019602,0.0235294117647062,1.5599999999999998,0.0,0.0,173.80952380952377,3.9002267573696203,0.8467781975908302,1.9999999999997797,1.026119227734,2021-04-28 08:26:10
80.39568345323741,0.94613745842872,45.88,-0.739869281045751,0.0235294117647062,1.2,6.000000000002004,1.0010581749973924,168.76417233560085,4.767573696145131,0.8467781975908302,3.0000000000001137,2.0271774027313922,2021-04-28 08:26:20
80.44964028776978,0.94613745842872,46.81,-0.5620915032679734,0.0235294117647062,1.5599999999999998,0.0,0.0,148.58276643990928,5.334467120181413,0.658605264792868,3.0000000000001137,2.0271774027313922,2021-04-28 08:26:30
80.44964028776978,0.95753671718419,46.8,-0.49411764705882305,0.03529411764705913,1.5599999999999998,0.0,0.0,158.67346938775506,5.1934523809523885,0.19044007900661353,3.0000000000001137,2.0271774027313922,2021-04-28 08:26:40
80.50359712230215,0.95753671718419,47.96,-0.4588235294117642,0.047058823529412055,1.5599999999999998,0.0,0.0,173.8095238095238,4.862570028011211,0.09522003950330676,3.0000000000001137,2.0271774027313922,2021-04-28 08:26:50
80.56654676258992,0.95753671718419,46.94,-0.42352941176470527,0.047058823529412055,1.5599999999999998,5.999999999996675,0.983411780444764,173.8095238095238,4.669992997198886,0.09522003950330676,3.9999999999995595,3.0105891831761564,2021-04-28 08:27:00
80.60251798561151,0.95753671718419,46.03,-0.42352941176470527,0.047058823529412055,1.5599999999999998,0.0,0.0,172.6190476190476,4.957983193277318,0.09522003950330676,3.9999999999995595,3.0105891831761564,2021-04-28 08:27:10
80.63848920863309,0.95753671718419,46.995000000000005,-0.37647058823529345,0.04705882352941207,1.5599999999999998,0.0,0.0,171.4285714285714,5.2941176470588305,0.09522003950330676,3.9999999999995595,3.0105891831761564,2021-04-28 08:27:20
80.67446043165468,0.94613745842872,47.96,-0.3294117647058816,0.0431372549019611,1.5599999999999998,0.0,0.0,171.4285714285714,5.2941176470588305,0.09408646639898113,3.9999999999995595,3.0105891831761564,2021-04-28 08:27:30
80.71043165467626,0.95753671718419,47.095,-0.3294117647058816,0.02745098039215718,1.5599999999999998,3.0000000000036664,0.484272434526545,172.6190476190476,5.1768207282913234,0.09522003950330676,4.5000000000001705,3.4948616177027017,2021-04-28 08:27:40
80.78687050359713,0.95753671718419,46.23,-0.2823529411764698,0.011764705882353234,1.5599999999999998,2.9999999999983373,0.4803221660119912,175.21645021645017,6.882999247129689,0.09522003950330676,4.999999999999893,3.9751837837146926,2021-04-28 08:27:50
80.87679856115108,0.95753671718419,46.44,-0.20653594771241746,-0.002614379084967049,1.5599999999999998,0.0,0.0,180.8441558441558,14.17690099755318,0.09522003950330676,4.999999999999893,3.9751837837146926,2021-04-28 08:28:00
80.96672661870504,0.95753671718419,46.4,-0.0915032679738554,-0.013071895424836315,1.5599999999999998,0.0,0.0,186.47186147186142,21.47080274797667,0.09522003950330676,4.999999999999893,3.9751837837146926,2021-04-28 08:28:10
81.056654676259,0.94613745842872,47.44,0.023529411764706687,-0.023529411764705587,1.2,0.0,0.0,192.09956709956708,28.764704498400157,0.09408646639898113,4.999999999999893,3.9751837837146926,2021-04-28 08:28:20
81.14658273381295,0.94613745842872,47.02,0.13856209150326873,-0.03398692810457485,1.2,5.999999999996675,0.9234426124264135,197.7272727272727,36.05860624882365,0.09408646639898113,5.999999999999339,4.898626396141106,2021-04-28 08:28:30
81.23651079136691,0.94613745842872,46.47,0.25359477124183083,-0.04444444444444412,1.2,0.0,0.0,203.35497835497833,43.35250799924714,0.09408646639898113,5.999999999999339,4.898626396141106,2021-04-28 08:28:40
81.28597122302159,0.94613745842872,46.76,0.16941176470588296,-0.03529411764705848,1.8599999999999999,0.0,0.0,205.9523809523809,45.65677478720957,0.09408646639898113,5.999999999999339,4.898626396141106,2021-04-28 08:28:50
81.32194244604317,0.94613745842872,47.13,-0.015686274509803408,-0.02352941176470553,1.8599999999999999,6.000000000002004,0.9052934862430905,207.1428571428571,46.13756613756614,0.09408646639898113,6.999999999999673,5.803919882384196,2021-04-28 08:29:00
81.35791366906474,0.94613745842872,46.41,-0.3043137254901954,-0.02352941176470553,2.1599999999999997,0.0,0.0,207.1428571428571,46.13756613756614,0.09408646639898113,6.999999999999673,5.803919882384196,2021-04-28 08:29:10
81.39388489208633,0.94613745842872,48.03,-0.42352941176470515,-0.02352941176470553,2.1599999999999997,0.0,0.0,208.33333333333331,46.13756613756614,0.09408646639898113,6.999999999999673,5.803919882384196,2021-04-28 08:29:20
81.42985611510791,0.94613745842872,47.13,-0.439215686274509,-0.02352941176470553,1.8599999999999999,6.000000000002004,0.8941205673850101,209.5238095238095,45.98765432098766,0.09408646639898113,8.000000000000007,6.6980404497692065,2021-04-28 08:29:30
81.46582733812949,0.95753671718419,46.87,-0.373856209150326,-0.02352941176470553,1.8599999999999999,0.0,0.0,209.5238095238095,45.38800705467372,0.09522003950330676,8.000000000000007,6.6980404497692065,2021-04-28 08:29:40
81.47482014388488,0.95753671718419,47.8,-0.1124183006535941,-0.02352941176470553,2.1599999999999997,0.0,0.0,209.5238095238095,45.337301587301596,0.09522003950330676,8.000000000000007,6.6980404497692065,2021-04-28 08:29:50
81.47482014388488,0.94613745842872,46.71,0.35541795665634734,-0.02352941176470553,2.1599999999999997,5.999999999996675,0.8894642461349244,209.92063492063488,45.434618291761154,0.09408646639898113,8.999999999999453,7.587504695904131,2021-04-28 08:30:00
81.47482014388488,0.94613745842872,46.81,0.7962848297213628,-0.0274509803921565,1.8599999999999999,0.0,0.0,211.50793650793645,45.42705971277401,0.09408646639898113,8.999999999999453,7.587504695904131,2021-04-28 08:30:10
81.47482014388488,0.95753671718419,47.28,0.9498452012383907,-0.043137254901960395,1.8599999999999999,0.0,0.0,211.90476190476184,45.975371630133544,0.09522003950330676,8.999999999999453,7.587504695904131,2021-04-28 08:30:20
81.4568345323741,0.9546869024953225,47.44,1.0117647058823536,-0.03529411764705845,2.1599999999999997,6.000000000002004,0.8913268405307593,211.50793650793645,46.70781893004116,0.09493664622722536,9.999999999999787,8.47883153643489,2021-04-28 08:30:30
81.38489208633092,0.9518370878064549,47.03,1.0431372549019613,-0.0274509803921565,2.1599999999999997,0.0,0.0,209.92063492063488,47.436801881246325,0.09465325295114393,9.999999999999787,8.47883153643489,2021-04-28 08:30:40
81.31294964028777,0.95753671718419,46.81,1.0745098039215693,-0.043137254901960395,1.8599999999999999,0.0,0.0,208.33333333333331,47.56493506493507,0.09522003950330676,9.999999999999787,8.47883153643489,2021-04-28 08:30:50
81.2679856115108,0.95753671718419,47.7,1.0823529411764712,-0.04705882352941137,2.1599999999999997,5.999999999996675,0.9108787438660597,207.1428571428571,47.186002886002896,0.09522003950330676,10.999999999999233,9.38971028030095,2021-04-28 08:31:00
81.30395683453237,0.95753671718419,46.74,1.0823529411764712,-0.039215686274509415,2.1599999999999997,0.0,0.0,207.1428571428571,45.886724386724396,0.09522003950330676,10.999999999999233,9.38971028030095,2021-04-28 08:31:10
81.28597122302159,0.95753671718419,46.46,1.0823529411764712,-0.007843137254901609,2.1599999999999997,0.0,0.0,209.5238095238095,45.302998236331575,0.09522003950330676,10.999999999999233,9.38971028030095,2021-04-28 08:31:20
81.25,0.95753671718419,46.14,1.2470588235294124,0.09411764705882383,1.8599999999999999,6.000000000002004,0.912740317139805,214.28571428571425,45.06726812282369,0.09522003950330676,11.999999999999567,10.302450597440755,2021-04-28 08:31:30
81.21402877697842,0.95753671718419,46.55,1.4588235294117655,0.20000000000000023,2.1599999999999997,0.0,0.0,223.80952380952377,45.15997377108488,0.09522003950330676,11.999999999999567,10.302450597440755,2021-04-28 08:31:40
81.12410071942446,0.95753671718419,46.81,1.6156862745098046,0.23921568627451006,2.1599999999999997,0.0,0.0,226.19047619047615,46.750333000333,0.09522003950330676,11.999999999999567,10.302450597440755,2021-04-28 08:31:50
81.0251798561151,0.95753671718419,47.17,1.6784313725490203,0.254901960784314,2.46,6.000000000002004,0.9360023350530038,230.9523809523809,47.752009894867044,0.09522003950330676,12.9999999999999,11.23845293249376,2021-04-28 08:32:00
80.95323741007195,0.94613745842872,47.02,1.6705882352941184,0.247058823529412,2.1599999999999997,0.0,0.0,235.7142857142857,48.22713529856387,0.09408646639898113,12.9999999999999,11.23845293249376,2021-04-28 08:32:10
80.90827338129498,0.95753671718419,47.22,1.6313725490196087,0.22352941176470614,2.1599999999999997,0.0,0.0,235.7142857142857,48.21050642479214,0.09522003950330676,12.9999999999999,11.23845293249376,2021-04-28 08:32:20
80.8408273381295,0.95753671718419,45.9,1.5686274509803928,0.17647058823529438,2.1599999999999997,5.999999999996675,0.9550664520970732,230.9523809523809,48.286848072562364,0.09522003950330676,13.999999999999346,12.193519384590832,2021-04-28 08:32:30
80.71043165467626,0.94613745842872,46.35,1.3411764705882359,0.14117647058823551,1.8599999999999999,0.0,0.0,224.60317460317458,48.282312925170075,0.09408646639898113,13.999999999999346,12.193519384590832,2021-04-28 08:32:40
80.67446043165468,0.95753671718419,46.4,1.105882352941177,0.10980392156862766,2.1599999999999997,0.0,0.0,218.2539682539682,47.942176870748305,0.09522003950330676,13.999999999999346,12.193519384590832,2021-04-28 08:32:50
80.61151079136691,0.94613745842872,46.99,1.0117647058823533,0.07843137254901988,2.1599999999999997,6.000000000002004,0.9787665324425349,215.47619047619042,48.13186813186813,0.09408646639898113,14.99999999999968,13.172285917033367,2021-04-28 08:33:00
80.54856115107914,0.94613745842872,46.35,0.9882352941176475,0.07058823529411794,1.8599999999999999,0.0,0.0,214.28571428571425,48.57862375719519,0.09408646639898113,14.99999999999968,13.172285917033367,2021-04-28 08:33:10
80.51258992805755,0.95753671718419,46.07,1.0039215686274514,0.06274509803921599,1.8599999999999999,0.0,0.0,214.28571428571425,49.26674515960231,0.09522003950330676,14.99999999999968,13.172285917033367,2021-04-28 08:33:20
80.50359712230215,0.94613745842872,46.36,1.0666666666666673,0.03137254901960816,2.1599999999999997,6.000000000002004,0.9899141095199582,213.09523809523805,49.75466112370874,0.09408646639898113,16.000000000000014,14.162200026553325,2021-04-28 08:33:30
80.51258992805755,0.9518370878064549,45.51,1.1764705882352948,0.011764705882353262,2.1599999999999997,0.0,0.0,211.90476190476184,49.77490616379505,0.09465325295114393,16.000000000000014,14.162200026553325,2021-04-28 08:33:40
80.54856115107914,0.95753671718419,45.93,1.2784313725490202,3.219646771412954e-16,2.1599999999999997,2.9999999999983373,0.49263485511232635,211.90476190476184,48.59234387012165,0.09522003950330676,16.499999999999737,14.654834881665652,2021-04-28 08:33:50
80.55755395683454,0.95753671718419,46.35,1.3098039215686281,3.219646771412954e-16,2.1599999999999997,2.9999999999983373,0.4921703787295591,210.71428571428567,48.169515669515675,0.09522003950330676,16.99999999999946,15.147005260395211,2021-04-28 08:34:00
80.56654676258994,0.95753671718419,46.5,1.31764705882353,-0.017647058823529117,2.1599999999999997,0.0,0.0,209.5238095238095,48.20987654320989,0.09522003950330676,16.99999999999946,15.147005260395211,2021-04-28 08:34:10
80.60251798561151,0.95753671718419,46.91,1.31764705882353,-0.023529411764705598,2.1599999999999997,0.0,0.0,209.5238095238095,48.88007054673722,0.09522003950330676,16.99999999999946,15.147005260395211,2021-04-28 08:34:20
80.61151079136691,0.95753671718419,46.81,1.2862745098039223,-0.023529411764705598,2.1599999999999997,6.000000000002004,0.9787665324425349,210.71428571428567,49.16666666666667,0.09522003950330676,17.999999999999794,16.125771792837746,2021-04-28 08:34:30
80.62050359712231,0.95753671718419,47.28,1.160784313725491,-0.023529411764705598,2.1599999999999997,0.0,0.0,211.90476190476184,49.23968253968255,0.09522003950330676,17.999999999999794,16.125771792837746,2021-04-28 08:34:40
80.65647482014388,0.94613745842872,46.92,1.0588235294117654,-0.011764705882352637,2.1599999999999997,0.0,0.0,211.90476190476184,49.05555555555556,0.09408646639898113,17.999999999999794,16.125771792837746,2021-04-28 08:34:50
80.71942446043165,0.95753671718419,46.92,0.9882352941176477,3.219646771412954e-16,2.1599999999999997,5.999999999996675,0.967615483308941,211.90476190476184,48.90952380952381,0.09522003950330676,18.99999999999924,17.093387276146686,2021-04-28 08:35:00
80.8003597122302,0.94613745842872,46.45,0.9882352941176477,3.219646771412954e-16,2.1599999999999997,0.0,0.0,211.90476190476184,48.86904761904762,0.09408646639898113,18.99999999999924,17.093387276146686,2021-04-28 08:35:10
80.90827338129498,0.94613745842872,46.97,0.9882352941176477,-0.011764705882352604,2.0100000000000002,0.0,0.0,211.90476190476184,49.04761904761905,0.09408646639898113,18.99999999999924,17.093387276146686,2021-04-28 08:35:20
80.98920863309353,0.95753671718419,47.02,0.9882352941176477,-0.019607843137254555,1.8599999999999999,6.000000000002004,0.9397229298586564,211.90476190476184,49.04761904761906,0.09522003950330676,19.999999999999574,18.033110206005343,2021-04-28 08:35:30
81.0521582733813,0.95753671718419,47.43,0.9882352941176477,-0.003921568627450634,2.1599999999999997,0.0,0.0,211.90476190476184,49.04761904761906,0.09522003950330676,19.999999999999574,18.033110206005343,2021-04-28 08:35:40
81.08812949640287,0.95753671718419,46.9775,1.0117647058823536,0.011764705882353272,2.085,1.5000000000018332,0.23237260182307348,211.90476190476184,49.16997354497356,0.09522003950330676,20.24999999999988,18.265482807828416,2021-04-28 08:35:50
81.15107913669064,0.95753671718419,46.525,1.0431372549019613,0.0235294117647062,2.0100000000000002,1.5000000000018332,0.23074433938704633,211.90476190476184,49.65939153439153,0.09522003950330676,20.500000000000185,18.496227147215464,2021-04-28 08:36:00
81.22302158273382,0.94613745842872,45.92,1.0745098039215693,0.0235294117647062,2.1599999999999997,2.9999999999983373,0.4577662541768838,210.71428571428567,49.89087301587302,0.09408646639898113,20.999999999999908,18.95399340139235,2021-04-28 08:36:10
81.29496402877697,0.95753671718419,46.49,1.105882352941177,0.0235294117647062,1.8599999999999999,0.0,0.0,209.5238095238095,50.07936507936509,0.09522003950330676,20.999999999999908,18.95399340139235,2021-04-28 08:36:20
81.36690647482014,0.95753671718419,46.24,1.129411764705883,0.017647058823529738,2.1599999999999997,5.999999999996675,0.9006384913870285,209.5238095238095,50.39682539682539,0.09522003950330676,21.999999999999353,19.854631892779377,2021-04-28 08:36:30
81.44784172661869,0.95753671718419,46.55,1.145098039215687,3.4496215407995936e-16,1.8599999999999999,0.0,0.0,209.5238095238095,50.714285714285715,0.09522003950330676,21.999999999999353,19.854631892779377,2021-04-28 08:36:40
81.55575539568346,0.95753671718419,46.33,1.2078431372549026,3.4496215407995936e-16,1.8599999999999999,0.0,0.0,209.5238095238095,51.01648351648352,0.09522003950330676,21.999999999999353,19.854631892779377,2021-04-28 08:36:50
81.63669064748201,0.95753671718419,46.03,1.2000000000000006,-0.02352941176470551,2.1599999999999997,6.000000000002004,0.8726969745235564,209.5238095238095,51.272893772893774,0.09522003950330676,22.999999999999687,20.727328867302933,2021-04-28 08:37:00
81.71762589928056,0.94613745842872,46.14,1.1843137254901968,-0.043137254901960395,1.8599999999999999,0.0,0.0,211.90476190476187,51.133866133866135,0.09408646639898113,22.999999999999687,20.727328867302933,2021-04-28 08:37:10
81.8255395683453,0.94613745842872,46.71,1.2156862745098047,-0.02745098039215651,1.8599999999999999,0.0,0.0,213.88888888888886,50.85497835497836,0.09408646639898113,22.999999999999687,20.727328867302933,2021-04-28 08:37:20
81.90647482014387,0.94613745842872,46.49,1.2235294117647066,-0.02352941176470553,1.8599999999999999,6.000000000002004,0.8447361090240149,212.30158730158723,50.55194805194805,0.09408646639898113,24.00000000000002,21.57206497632695,2021-04-28 08:37:30
81.98741007194243,0.9518370878064549,46.14,1.2156862745098045,-0.015686274509803574,2.1599999999999997,0.0,0.0,211.90476190476184,50.53571428571429,0.18930650590228787,24.00000000000002,21.57206497632695,2021-04-28 08:37:40
82.09532374100718,0.9546869024953225,46.24,1.1843137254901968,0.015686274509804247,2.1599999999999997,0.0,0.0,211.90476190476184,50.85317460317461,0.18987329245445073,24.00000000000002,21.57206497632695,2021-04-28 08:37:50
82.20323741007194,0.95753671718419,46.61,1.0352941176470594,0.03529411764705914,1.8599999999999999,5.999999999996675,0.8139575491901575,211.90476190476184,51.88492063492064,0.09522003950330676,24.999999999999467,22.386022525517106,2021-04-28 08:38:00
82.32014388489208,0.94613745842872,46.71,0.894117647058824,0.050980392156863064,1.8599999999999999,0.0,0.0,211.90476190476184,52.261904761904766,0.18817293279796227,24.999999999999467,22.386022525517106,2021-04-28 08:38:10
82.46402877697841,0.95753671718419,46.95,0.8941176470588241,0.06666666666666696,1.8599999999999999,0.0,0.0,211.90476190476184,52.38095238095239,0.28566011850992035,24.999999999999467,22.386022525517106,2021-04-28 08:38:20
82.55395683453237,0.95753671718419,46.61,0.8941176470588241,0.08235294117647088,1.8599999999999999,0.0,0.0,211.90476190476184,52.38095238095239,0.19044007900661353,24.999999999999467,22.386022525517106,2021-04-28 08:38:30
82.63489208633092,0.95753671718419,47.13,0.9019607843137261,0.0980392156862748,2.1599999999999997,6.000000000002004,0.769149978321078,211.90476190476184,52.38095238095239,0.19044007900661353,25.9999999999998,23.155172503838184,2021-04-28 08:38:40
82.7428057553957,0.95753671718419,46.474999999999994,0.933333333333334,0.1137254901960787,2.0100000000000002,0.0,0.0,211.90476190476184,52.50000000000001,0.28566011850992035,25.9999999999998,23.155172503838184,2021-04-28 08:38:50
82.85071942446044,0.94613745842872,46.71,0.7294117647058831,0.11764705882352966,2.1599999999999997,5.999999999996675,0.7467296631145298,212.30158730158723,52.73809523809524,0.18817293279796227,26.999999999999247,23.901902166952713,2021-04-28 08:39:00
82.94964028776978,0.95753671718419,47.13,0.40588235294117714,0.11764705882352966,2.1599999999999997,0.0,0.0,213.88888888888886,53.21428571428572,0.28566011850992035,26.999999999999247,23.901902166952713,2021-04-28 08:39:10
83.02158273381295,0.95753671718419,46.49,0.058823529411765337,0.11764705882352966,1.8599999999999999,0.0,0.0,214.28571428571425,53.82594417077176,0.19044007900661353,26.999999999999247,23.901902166952713,2021-04-28 08:39:20
83.14748201438849,0.95753671718419,46.81,0.011764705882353543,0.11764705882352966,2.1599999999999997,6.000000000002004,0.7158844938380635,214.28571428571425,54.59085933223865,0.19044007900661353,27.99999999999958,24.617786660790777,2021-04-28 08:39:30
83.28237410071941,0.95753671718419,46.81,-0.21176470588235236,0.12941176470588261,1.8599999999999999,0.0,0.0,214.28571428571422,55.680076628352495,0.19044007900661353,27.99999999999958,24.617786660790777,2021-04-28 08:39:40
83.39028776978418,0.95753671718419,46.92,-0.42352941176470527,0.13725490196078463,1.8599999999999999,0.0,0.0,214.28571428571422,55.83333333333334,0.19044007900661353,27.99999999999958,24.617786660790777,2021-04-28 08:39:50
83.47122302158273,0.94613745842872,47.15,-0.42352941176470527,0.12156862745098077,1.8599999999999999,0.0,0.0,213.88888888888883,55.74735449735451,0.18817293279796227,27.99999999999958,24.617786660790777,2021-04-28 08:40:00
83.55215827338128,0.94613745842872,46.92,-0.42352941176470527,0.1176470588235298,2.1599999999999997,6.000000000002004,0.6737921108389874,212.30158730158723,55.87962962962963,0.09408646639898113,28.999999999999915,25.291578771629766,2021-04-28 08:40:10
83.66007194244605,0.95753671718419,46.76,-0.42352941176470527,0.1176470588235298,1.8599999999999999,0.0,0.0,211.90476190476184,56.289682539682545,0.28566011850992035,28.999999999999915,25.291578771629766,2021-04-28 08:40:20
83.7410071942446,0.94613745842872,46.71,-0.42352941176470527,0.1176470588235298,1.8599999999999999,0.0,0.0,212.30158730158723,56.78571428571429,0.18817293279796227,28.999999999999915,25.291578771629766,2021-04-28 08:40:30
83.82194244604315,0.95753671718419,45.955,-0.3999999999999994,0.1176470588235298,2.0100000000000002,5.999999999996675,0.6457117191555591,213.88888888888886,57.26190476190476,0.19044007900661353,29.99999999999936,25.937290490785326,2021-04-28 08:40:40
83.9298561151079,0.94613745842872,45.98,-0.3686274509803916,0.1176470588235298,2.1599999999999997,0.0,0.0,215.47619047619042,57.773368606701936,0.18817293279796227,29.99999999999936,25.937290490785326,2021-04-28 08:40:50
84.03776978417265,0.95753671718419,46.45,-0.3372549019607838,0.1176470588235298,2.1599999999999997,6.000000000002004,0.6232370683042907,216.66666666666663,58.205919594808485,0.09522003950330676,30.999999999999694,26.560527559089618,2021-04-28 08:41:00
84.14568345323741,0.95753671718419,46.71,-0.42352941176470527,0.1176470588235298,1.8599999999999999,0.0,0.0,216.66666666666663,58.366458644236424,0.19044007900661353,30.999999999999694,26.560527559089618,2021-04-28 08:41:10
84.25359712230215,0.95753671718419,46.61,-0.539750445632798,0.1176470588235298,1.8599999999999999,0.0,0.0,216.66666666666663,58.13186813186813,0.19044007900661353,30.999999999999694,26.560527559089618,2021-04-28 08:41:20
84.33453237410072,0.94613745842872,46.71,-0.6281639928698746,0.1176470588235298,2.1599999999999997,0.0,0.0,216.66666666666663,58.00925925925927,0.09408646639898113,30.999999999999694,26.560527559089618,2021-04-28 08:41:30
84.40647482014388,0.95753671718419,45.98,-0.5860962566844913,0.1176470588235298,2.1599999999999997,6.000000000002004,0.584822589259307,216.66666666666663,58.617724867724874,0.09522003950330676,32.00000000000003,27.145350148348925,2021-04-28 08:41:40
84.47841726618705,0.94613745842872,46.55,-0.5647058823529405,0.1176470588235298,1.8599999999999999,0.0,0.0,216.66666666666663,59.1468253968254,0.09408646639898113,32.00000000000003,27.145350148348925,2021-04-28 08:41:50
84.57733812949641,0.95753671718419,45.4,-0.5098039215686268,0.12156862745098077,1.8599999999999999,0.0,0.0,216.66666666666663,59.66269841269842,0.09522003950330676,32.00000000000003,27.145350148348925,2021-04-28 08:42:00
84.67625899280574,0.94613745842872,45.77,-0.290196078431372,0.13725490196078463,1.8599999999999999,5.999999999996675,0.5566990004375793,216.66666666666663,60.218253968253975,0.09408646639898113,32.999999999999474,27.702049148786504,2021-04-28 08:42:10
84.74820143884892,0.94613745842872,46.57,0.07058823529411813,0.1411764705882356,1.8599999999999999,0.0,0.0,216.66666666666663,60.91346153846155,0.09408646639898113,32.999999999999474,27.702049148786504,2021-04-28 08:42:20
84.84712230215827,0.95753671718419,46.165,0.5254901960784318,0.13333333333333364,2.0100000000000002,3.0000000000036664,0.2694404854399037,216.66666666666663,60.68172568172569,0.09522003950330676,33.500000000000085,27.97148963422641,2021-04-28 08:42:30
84.94604316546761,0.94613745842872,47.8,1.1215686274509808,0.1019607843137258,2.1599999999999997,2.9999999999983373,0.26428153449888175,216.66666666666663,60.36331569664904,0.09408646639898113,33.99999999999981,28.23577116872529,2021-04-28 08:42:40
85.0179856115108,0.94613745842872,46.87,1.6470588235294126,0.10588235294117682,2.1599999999999997,0.0,0.0,216.66666666666663,60.758377425044095,0.09408646639898113,33.99999999999981,28.23577116872529,2021-04-28 08:42:50
85.08992805755395,0.95753671718419,47.05,2.044895199459095,0.1176470588235298,1.8599999999999999,0.0,0.0,216.66666666666663,61.38095238095238,0.19044007900661353,33.99999999999981,28.23577116872529,2021-04-28 08:43:00
85.16187050359713,0.94613745842872,46.14,2.130358350236647,0.1176470588235298,1.8599999999999999,5.999999999996675,0.5060458563479685,217.06349206349202,61.840513983371125,0.09408646639898113,34.999999999999254,28.741817025073257,2021-04-28 08:43:10
85.23381294964028,0.95753671718419,46.55,2.4170385395537535,0.1176470588235298,1.8599999999999999,0.0,0.0,218.65079365079362,61.58352229780802,0.09522003950330676,34.999999999999254,28.741817025073257,2021-04-28 08:43:20
85.25179856115108,0.9518370878064549,46.71,2.6588235294117655,0.1176470588235298,1.8599999999999999,0.0,0.0,219.047619047619,61.61461554318697,0.09465325295114393,34.999999999999254,28.741817025073257,2021-04-28 08:43:30
85.1978417266187,0.9489872731175875,46.4,2.564705882352942,0.1176470588235298,2.1599999999999997,6.000000000002004,0.5022922808353549,218.65079365079362,61.66305916305917,0.09436985967506253,35.99999999999959,29.244109305908612,2021-04-28 08:43:40
85.19484412470024,0.94613745842872,46.81,2.541176470588236,0.1176470588235298,1.8599999999999999,0.0,0.0,217.06349206349202,61.47546897546898,0.09408646639898113,35.99999999999959,29.244109305908612,2021-04-28 08:43:50
85.39868105515588,0.95753671718419,46.97,2.552941176470589,0.1176470588235298,2.1599999999999997,0.0,0.0,216.66666666666663,61.54761904761905,0.09522003950330676,35.99999999999959,29.244109305908612,2021-04-28 08:44:00
85.60251798561151,0.94613745842872,46.7,2.580392156862746,0.1176470588235298,1.8599999999999999,6.000000000002004,0.4600512626186566,216.66666666666663,61.70634920634921,0.09408646639898113,36.99999999999992,29.704160568527268,2021-04-28 08:44:10
85.80635491606715,0.94613745842872,47.33,2.549019607843138,0.1176470588235298,1.8599999999999999,0.0,0.0,216.66666666666663,61.86507936507937,0.09408646639898113,36.99999999999992,29.704160568527268,2021-04-28 08:44:20
86.01019184652279,0.94613745842872,47.44,2.752941176470589,0.1176470588235298,1.8599999999999999,0.0,0.0,216.66666666666663,62.023809523809526,0.09408646639898113,36.99999999999992,29.704160568527268,2021-04-28 08:44:30
86.08812949640287,0.94613745842872,47.96,2.9882352941176475,0.1176470588235298,1.8599999999999999,5.999999999996675,0.4093319328359734,216.66666666666663,62.03416149068323,0.09408646639898113,37.99999999999937,30.11349250136324,2021-04-28 08:44:40
86.13309352517986,0.94613745842872,47.8,3.082352941176471,0.1176470588235298,1.8599999999999999,0.0,0.0,216.66666666666663,61.59937888198758,0.09408646639898113,37.99999999999937,30.11349250136324,2021-04-28 08:44:50
86.20503597122303,0.95753671718419,47.54,3.2,0.1411764705882356,2.1599999999999997,0.0,0.0,217.85714285714283,61.262939958592135,0.09522003950330676,37.99999999999937,30.11349250136324,2021-04-28 08:45:00
86.30395683453239,0.94613745842872,47.13,3.215686274509804,0.1647058823529414,1.8599999999999999,6.000000000002004,0.38678035353340545,218.65079365079362,61.0351966873706,0.09408646639898113,38.9999999999997,30.500272854896647,2021-04-28 08:45:10
86.40287769784172,0.95753671718419,47.02,2.901960784313726,0.1647058823529414,1.8599999999999999,0.0,0.0,217.06349206349202,61.0351966873706,0.09522003950330676,38.9999999999997,30.500272854896647,2021-04-28 08:45:20
86.4748201438849,0.95753671718419,46.685,2.494117647058824,0.1647058823529414,1.8599999999999999,0.0,0.0,216.66666666666663,61.05590062111801,0.09522003950330676,38.9999999999997,30.500272854896647,2021-04-28 08:45:30
86.57374100719423,0.95753671718419,46.81,2.047058823529412,0.1647058823529414,2.1599999999999997,6.000000000002004,0.3585831991019075,216.07142857142853,60.99976110845676,0.09522003950330676,40.000000000000036,30.858856053998554,2021-04-28 08:45:40
86.67266187050359,0.94613745842872,47.01,1.5764705882352947,0.1647058823529414,2.1599999999999997,0.0,0.0,214.68253968253964,60.79428234600648,0.09408646639898113,40.000000000000036,30.858856053998554,2021-04-28 08:45:50
86.74460431654676,0.95753671718419,46.69,1.31764705882353,0.1647058823529414,2.1599999999999997,0.0,0.0,216.2698412698412,60.89448865310934,0.09522003950330676,40.000000000000036,30.858856053998554,2021-04-28 08:46:00
86.81654676258992,0.95753671718419,46.15,1.1764705882352948,0.1647058823529414,1.8599999999999999,5.999999999996675,0.3331989448910035,217.85714285714283,61.02099460473845,0.09522003950330676,40.99999999999948,31.192054998889557,2021-04-28 08:46:10
86.88848920863309,0.94613745842872,46.24,1.1764705882352948,0.1647058823529414,2.1599999999999997,0.0,0.0,220.23809523809518,61.13378684807257,0.09408646639898113,40.99999999999948,31.192054998889557,2021-04-28 08:46:20
86.96043165467626,0.95753671718419,46.4,1.4235294117647066,0.18235294117647077,1.8599999999999999,0.0,0.0,224.99999999999994,61.17913832199547,0.09522003950330676,40.99999999999948,31.192054998889557,2021-04-28 08:46:30
87.05935251798562,0.94613745842872,46.81,1.8431372549019613,0.18823529411764728,1.8599999999999999,0.0,0.0,227.38095238095235,61.07142857142857,0.09408646639898113,40.99999999999948,31.192054998889557,2021-04-28 08:46:40
87.15827338129496,0.94613745842872,46.76,2.189240824534943,0.18431372549019637,2.1599999999999997,6.000000000002004,0.29746292525119167,228.57142857142856,60.83333333333334,0.09408646639898113,41.999999999999815,31.48951792414075,2021-04-28 08:46:50
87.23021582733813,0.95753671718419,46.67,2.224635495223731,0.1686274509803924,1.8599999999999999,0.0,0.0,228.57142857142856,60.35714285714286,0.09522003950330676,41.999999999999815,31.48951792414075,2021-04-28 08:47:00
87.3021582733813,0.95753671718419,46.48,2.175565610859729,0.12941176470588261,1.8599999999999999,5.999999999996675,0.2824129411009019,223.8095238095238,60.00000000000001,0.09522003950330676,42.99999999999926,31.77193086524165,2021-04-28 08:47:10
87.37410071942446,0.95753671718419,46.92,2.0802413273001514,0.09019607843137287,1.8599999999999999,0.0,0.0,219.047619047619,59.72222222222223,0.09522003950330676,42.99999999999926,31.77193086524165,2021-04-28 08:47:20
87.44604316546761,0.95753671718419,46.44,1.9306184012066372,0.07450980392156897,1.8599999999999999,0.0,0.0,219.047619047619,59.56349206349207,0.09522003950330676,42.99999999999926,31.77193086524165,2021-04-28 08:47:30
87.4910071942446,0.95753671718419,47.55,1.6289592760181002,0.070588235294118,1.8599999999999999,0.0,0.0,217.85714285714283,59.52380952380953,0.09522003950330676,42.99999999999926,31.77193086524165,2021-04-28 08:47:40
87.52697841726619,0.94613745842872,47.28,1.3725490196078438,0.06666666666666703,1.8599999999999999,3.0000000000036664,0.12944690548660057,216.2698412698412,59.58994708994709,0.09408646639898113,43.49999999999987,31.90137777072825,2021-04-28 08:47:50
87.56294964028777,0.95753671718419,47.01,1.4039215686274518,0.050980392156863105,1.8599999999999999,2.9999999999983373,0.1275651854168514,214.68253968253964,59.854497354497354,0.09522003950330676,43.999999999999595,32.0289429561451,2021-04-28 08:48:00
87.62589928057554,0.95753671718419,46.61,1.4352941176470595,0.04705882352941211,1.8599999999999999,0.0,0.0,213.09523809523802,60.04313319530711,0.09522003950330676,43.999999999999595,32.0289429561451,2021-04-28 08:48:10
87.68884892086331,0.9546869024953225,46.55,1.4009337068160606,0.0431372549019611,1.8599999999999999,6.000000000002004,0.24195754816857518,212.30158730158723,60.138026224982745,0.09493664622722536,44.99999999999993,32.27090050431368,2021-04-28 08:48:20
87.7248201438849,0.9518370878064549,47.02,1.1693744164332407,0.02745098039215718,1.8599999999999999,0.0,0.0,213.88888888888883,60.02760524499655,0.09465325295114393,44.99999999999993,32.27090050431368,2021-04-28 08:48:30
87.7338129496403,0.94613745842872,46.92,1.1114845938375357,0.0235294117647062,1.8599999999999999,0.0,0.0,214.28571428571422,60.23809523809524,0.09408646639898113,44.99999999999993,32.27090050431368,2021-04-28 08:48:40
87.7428057553957,0.94613745842872,47.03,1.1394957983193286,0.0235294117647062,2.1599999999999997,5.999999999996675,0.23631169140029318,214.68253968253964,60.39682539682539,0.09408646639898113,45.999999999999375,32.507212195713976,2021-04-28 08:48:50
87.77877697841727,0.94613745842872,47.44,1.2313725490196086,0.0235294117647062,2.1599999999999997,0.0,0.0,216.2698412698412,60.079365079365076,0.09408646639898113,45.999999999999375,32.507212195713976,2021-04-28 08:49:00
87.81474820143885,0.94613745842872,47.7,1.2627450980392163,0.0235294117647062,2.1599999999999997,0.0,0.0,216.66666666666663,59.62454212454213,0.09408646639898113,45.999999999999375,32.507212195713976,2021-04-28 08:49:10
87.84172661870502,0.94613745842872,47.85,1.2470588235294124,0.0235294117647062,1.8599999999999999,6.000000000002004,0.2259604133002771,213.14935064935062,59.249084249084255,0.09408646639898113,46.99999999999971,32.733172609014254,2021-04-28 08:49:20
87.84172661870502,0.94613745842872,47.54,1.145098039215687,0.015686274509804234,1.8599999999999999,0.0,0.0,201.6089466089466,59.33455433455434,0.09408646639898113,46.99999999999971,32.733172609014254,2021-04-28 08:49:30
87.84172661870502,0.95753671718419,47.335,0.8313725490196086,-0.01568627450980363,1.8599999999999999,2.9999999999983373,0.1129802066500382,197.65512265512263,59.67643467643468,0.09522003950330676,47.49999999999943,32.84615281566429,2021-04-28 08:49:40
87.85071942446042,0.94613745842872,47.13,0.6352941176470595,-0.03529411764705852,1.8599999999999999,3.0000000000036664,0.1125096770781779,193.57142857142856,59.761904761904766,0.09408646639898113,48.00000000000004,32.95866249274247,2021-04-28 08:49:50
87.88669064748201,0.95753671718419,47.33,0.5960784313725496,-0.05098039215686241,1.8599999999999999,0.0,0.0,187.6984126984127,59.64603174603175,0.09522003950330676,48.00000000000004,32.95866249274247,2021-04-28 08:50:00
87.92266187050359,0.9518370878064549,47.045,0.909803921568628,-0.06666666666666629,1.8599999999999999,0.0,0.0,176.58730158730157,59.182539682539684,0.09465325295114393,48.00000000000004,32.95866249274247,2021-04-28 08:50:10
87.94964028776978,0.94613745842872,46.76,1.2470588235294122,-0.09411764705882314,1.8599999999999999,0.0,0.0,173.80952380952377,58.754945054945054,0.09408646639898113,48.00000000000004,32.95866249274247,2021-04-28 08:50:20
87.94964028776978,0.94613745842872,47.91,1.6156862745098046,-0.12549019607843095,1.8599999999999999,5.999999999996675,0.21466734281592365,175.39682539682536,58.51088726088726,0.09408646639898113,48.99999999999949,33.17332983555839,2021-04-28 08:50:30
87.97661870503597,0.94613745842872,47.33,2.0549019607843144,-0.15686274509803882,1.8599999999999999,0.0,0.0,181.74603174603172,58.78154253154254,0.09408646639898113,48.99999999999949,33.17332983555839,2021-04-28 08:50:40
88.01258992805755,0.9518370878064549,46.76,2.2823529411764714,-0.1882352941176467,1.8599999999999999,6.000000000002004,0.20807936412957717,204.76190476190473,59.03769841269842,0.09465325295114393,49.99999999999982,33.381409199687965,2021-04-28 08:50:50
88.04856115107913,0.95753671718419,46.81,2.3344313725490204,-0.21960784313725457,1.8599999999999999,0.0,0.0,228.17460317460313,59.18607660455487,0.09522003950330676,49.99999999999982,33.381409199687965,2021-04-28 08:51:00
88.05755395683452,0.9689359797250701,46.71,2.072156862745099,-0.2509803921568624,1.8599999999999999,0.0,0.0,236.11111111111106,59.025621118012424,0.09635361298406384,49.99999999999982,33.381409199687965,2021-04-28 08:51:10
88.06654676258992,1.16272308330608,47.11,1.4898823529411773,-0.29411764705882315,2.1599999999999997,5.999999999996675,0.202432325041874,248.59307359307354,59.433229813664596,0.11562432639595033,50.99999999999927,33.58384152472984,2021-04-28 08:51:20
88.1025179856115,1.2995141088781101,47.01,1.1098039215686282,-0.3058823529411761,2.1599999999999997,0.0,0.0,264.71861471861473,59.88756613756614,0.2584543914855973,50.99999999999927,33.58384152472984,2021-04-28 08:51:30
88.1115107913669,1.28811478955608,47.01,0.7908496732026151,-0.3058823529411761,1.8599999999999999,0.0,0.0,287.22943722943717,59.91402116402118,0.25618723323114106,50.99999999999927,33.58384152472984,2021-04-28 08:51:40
88.1025179856115,1.28811478955608,47.75,0.3464052287581706,-0.3058823529411761,2.1599999999999997,6.000000000002004,0.198667532271195,295.2380952380952,59.40131124913734,0.25618723323114106,51.9999999999996,33.782509057001036,2021-04-28 08:51:50
88.06654676258992,1.28811478955608,47.21,0.0988235294117653,-0.3058823529411761,2.1599999999999997,0.0,0.0,298.015873015873,58.8016563146998,0.25618723323114106,51.9999999999996,33.782509057001036,2021-04-28 08:52:00
88.05755395683452,1.2995141088781101,47.25,-0.1432225063938613,-0.3058823529411761,1.8599999999999999,0.0,0.0,299.6031746031746,58.480331262939956,0.12922719574279865,51.9999999999996,33.782509057001036,2021-04-28 08:52:10
88.05755395683452,1.33371183593419,47.39,-0.5655242966751912,-0.3058823529411761,1.8599999999999999,6.000000000002004,0.20337351082564542,301.19047619047615,58.15604395604396,0.13262791016216732,52.999999999999936,33.98588256782668,2021-04-28 08:52:20
88.05755395683452,1.33371183593419,47.28,-1.1120204603580555,-0.29411764705882315,1.8599999999999999,0.0,0.0,303.17460317460313,58.14102564102564,0.13262791016216732,52.999999999999936,33.98588256782668,2021-04-28 08:52:30
88.05755395683452,1.33371183593419,47.7,-1.5686274509803915,-0.28235294117647025,1.8599999999999999,0.0,0.0,306.3492063492063,59.05677655677656,0.13262791016216732,52.999999999999936,33.98588256782668,2021-04-28 08:52:40
88.05755395683452,1.33371183593419,47.33,-1.6313725490196074,-0.28235294117647025,2.1599999999999997,5.999999999996675,0.20337351082546481,307.1428571428571,59.28571428571429,0.13262791016216732,53.99999999999938,34.18925607865214,2021-04-28 08:52:50
88.05755395683452,1.33371183593419,47.435,-1.7882352941176465,-0.28235294117647025,1.8599999999999999,0.0,0.0,307.1428571428571,59.88095238095238,0.13262791016216732,53.99999999999938,34.18925607865214,2021-04-28 08:53:00
88.03057553956833,1.33371183593419,47.54,-1.9372549019607836,-0.28235294117647025,1.5599999999999998,0.0,0.0,307.53968253968253,60.34920634920635,0.13262791016216732,53.99999999999938,34.18925607865214,2021-04-28 08:53:10
88.0101772240744,1.3223125166121599,47.13,-1.9686274509803916,-0.28235294117647036,1.8599999999999999,0.0,0.0,309.1269841269841,59.84126984126985,0.1314943310349392,53.99999999999938,34.18925607865214,2021-04-28 08:53:20
88.03649763116336,1.33371183593419,47.8,-1.879411764705882,-0.277941176470588,2.1599999999999997,6.000000000002004,0.20557724326475338,299.50638792102205,59.508978826052,0.13262791016216732,54.999999999999716,34.3948333219169,2021-04-28 08:53:30
88.06281803825232,1.3223125166121599,47.54,-1.7499999999999996,-0.2720588235294116,1.8599999999999999,0.0,0.0,286.1498257839721,59.235236308407046,0.1314943310349392,54.999999999999716,34.3948333219169,2021-04-28 08:53:40
88.08913844534129,1.33371183593419,47.44,-1.6205882352941172,-0.26617647058823507,1.8599999999999999,0.0,0.0,272.7932636469221,58.96149379076209,0.13262791016216732,54.999999999999716,34.3948333219169,2021-04-28 08:53:50
88.11545885243024,1.33371183593419,48.06,-1.4911764705882349,-0.26029411764705856,1.8599999999999999,6.000000000002004,0.19731310588561246,259.43670150987225,58.68775127311713,0.13262791016216732,56.00000000000005,34.59214642780251,2021-04-28 08:54:00
88.14177925951921,1.3223125166121599,48.785,-1.3617647058823525,-0.2544117647058821,2.0100000000000002,0.0,0.0,246.0801393728223,58.414008755472175,0.1314943310349392,56.00000000000005,34.59214642780251,2021-04-28 08:54:10
88.16809966660817,1.33371183593419,48.11,-1.2323529411764702,-0.2485294117647056,1.8599999999999999,5.999999999996675,0.19180347180426635,232.72357723577235,58.14026623782722,0.13262791016216732,56.999999999999496,34.783949899606775,2021-04-28 08:54:20
88.19442007369713,1.33371183593419,46.87,-1.1029411764705879,-0.2426470588235291,2.1599999999999997,0.0,0.0,219.3670150987224,57.86652372018226,0.13262791016216732,56.999999999999496,34.783949899606775,2021-04-28 08:54:30
88.2207404807861,1.33371183593419,47.315,-0.9735294117647054,-0.2367647058823526,2.0100000000000002,0.0,0.0,206.01045296167246,57.5927812025373,0.13262791016216732,56.999999999999496,34.783949899606775,2021-04-28 08:54:40
88.24706088787507,1.33371183593419,47.76,-0.8441176470588231,-0.2308823529411761,1.8599999999999999,0.0,0.0,192.65389082462252,57.31903868489235,0.13262791016216732,56.999999999999496,34.783949899606775,2021-04-28 08:54:50
88.27338129496403,1.3223125166121599,48.01,-0.7147058823529407,-0.22499999999999964,1.8599999999999999,6.000000000002004,0.18078372258232794,179.2973286875726,57.045296167247386,0.1314943310349392,57.99999999999983,34.9647336221891,2021-04-28 08:55:00
88.29970170205299,1.33371183593419,48.67,-0.5852941176470584,-0.21911764705882314,2.1599999999999997,0.0,0.0,165.94076655052265,56.77155364960244,0.13262791016216732,57.99999999999983,34.9647336221891,2021-04-28 08:55:10
88.32602210914195,1.33371183593419,46.9,-0.45588235294117607,-0.21323529411764663,1.8599999999999999,0.0,0.0,152.58420441347266,56.49781113195748,0.13262791016216732,57.99999999999983,34.9647336221891,2021-04-28 08:55:20
88.35234251623092,0.7979472270969601,46.52,-0.32647058823529373,-0.20735294117647013,1.8599999999999999,5.999999999996675,0.17251850805148153,139.22764227642273,56.224068614312515,0.07935002921784685,58.999999999999275,35.13725213024058,2021-04-28 08:55:30
88.37866292331988,0.39897361354848004,42.44,-0.1970588235294114,-0.20147058823529368,0.0,0.0,0.0,125.87108013937281,55.95032609666757,0.03967501460892343,58.999999999999275,35.13725213024058,2021-04-28 08:55:40
88.59712230215827,0.56996227911216,29.6,-1.0678733031674204,-0.1764705882352937,0.8999999999999999,0.0,0.0,55.42328042328039,54.95124716553288,0.056678589717218134,58.999999999999275,35.13725213024058,2021-04-28 09:03:10
88.59712230215827,0.58136154165304,0.1,-1.342383107088989,-0.18431372549019565,2.1599999999999997,0.0,0.0,55.83900226757366,56.395604395604394,0.5203094687817765,58.999999999999275,35.13725213024058,2021-04-28 09:03:20
88.59712230215827,0.5927608041939201,-8.54,-1.9625942684766207,-0.16862745098039178,0.0,0.0,0.0,57.384877027734134,57.577533577533586,0.53051163010859,58.999999999999275,35.13725213024058,2021-04-28 09:03:30
88.59712230215827,0.45596986568632003,-8.49,-1.9764705882352935,-0.16470588235294079,0.3,0.0,0.0,62.393162393162356,57.50793650793651,0.40808588390825595,58.999999999999275,35.13725213024058,2021-04-28 09:03:50
88.59712230215827,0.5927608041939201,-11.6,-1.8117647058823523,-0.16470588235294079,1.8599999999999999,0.0,0.0,61.080586080586045,56.13492063492064,0.53051163010859,58.999999999999275,35.13725213024058,2021-04-28 09:04:00
88.59712230215827,0.58136154165304,-13.15,-1.7176470588235286,-0.16470588235294079,1.8599999999999999,0.0,0.0,58.46560846560843,54.6577380952381,0.5203094687817765,58.999999999999275,35.13725213024058,2021-04-28 09:04:10
88.5521582733813,0.29638040209696004,-6.08,-1.294117647058823,-0.16470588235294079,0.3,0.0,0.0,59.77818477818475,54.777537277537284,0.265255815054295,58.999999999999275,35.13725213024058,2021-04-28 09:06:20
88.51618705035972,0.5927608041939201,-6.55,-1.294117647058823,-0.16470588235294079,1.5599999999999998,0.0,0.0,72.2222222222222,55.00000000000001,0.53051163010859,58.999999999999275,35.13725213024058,2021-04-28 09:06:30
88.48021582733813,0.5927608041939201,-5.47,-1.3568627450980384,-0.16862745098039178,2.1599999999999997,0.0,0.0,83.7301587301587,55.07936507936509,0.53051163010859,58.999999999999275,35.13725213024058,2021-04-28 09:06:40
88.44424460431655,0.5927608041939201,0.1,-1.513725490196078,-0.18431372549019565,1.8599999999999999,0.0,0.0,85.3174603174603,55.396825396825406,0.53051163010859,58.999999999999275,35.13725213024058,2021-04-28 09:06:50
88.38129496402877,0.5927608041939201,1.05,-1.936713995943204,-0.1764705882352937,1.8599999999999999,0.0,0.0,87.49999999999997,54.94047619047619,0.53051163010859,58.999999999999275,35.13725213024058,2021-04-28 09:07:00
88.3273381294964,0.58136154165304,6.71,-2.4513860716700466,-0.16470588235294079,2.1599999999999997,0.0,0.0,88.09523809523807,54.93197278911565,0.5203094687817765,58.999999999999275,35.13725213024058,2021-04-28 09:07:10
88.3273381294964,0.5927608041939201,4.99,-2.97498309668695,-0.16470588235294079,1.8599999999999999,0.0,0.0,88.09523809523807,55.19039799827977,0.53051163010859,58.999999999999275,35.13725213024058,2021-04-28 09:07:20
88.27338129496403,0.58136154165304,3.69,-3.3176470588235287,-0.16470588235294079,2.1599999999999997,0.0,0.0,88.09523809523807,55.54382672609274,0.5203094687817765,58.999999999999275,35.13725213024058,2021-04-28 09:07:30
88.21043165467626,0.5927608041939201,3.12,-3.5764705882352934,-0.16470588235294079,2.1599999999999997,0.0,0.0,75.43290043290041,55.435139573070614,0.41262015675112557,58.999999999999275,35.13725213024058,2021-04-28 09:07:40
88.17446043165468,0.5927608041939201,0.42,-3.7647058823529402,-0.16470588235294079,2.1599999999999997,0.0,0.0,61.954711954711925,55.11904761904762,0.05894573667873223,58.999999999999275,35.13725213024058,2021-04-28 09:07:50
88.16546762589928,0.5927608041939201,0.1,-3.8352941176470576,-0.16470588235294079,0.8999999999999999,0.0,0.0,58.691308691308656,54.642857142857146,0.1768372100361967,58.999999999999275,35.13725213024058,2021-04-28 09:08:00
88.15647482014388,0.216585685065379,4.16,-3.858823529411764,-0.16470588235294079,0.0,0.0,0.0,56.318681318681286,53.72857142857143,0.02153786598222853,58.999999999999275,35.13725213024058,2021-04-28 09:08:10
88.05755395683452,0.022798492867920902,2.24,-4.603921568627451,-0.0941176470588232,0.0,0.0,0.0,58.24854158187489,47.81266001024066,0.015870006306579997,58.999999999999275,35.13725213024058,2021-04-28 09:35:00
88.05755395683452,0.5927608041939201,2.185,-4.572549019607843,-0.0941176470588232,0.0,0.0,0.0,64.13648080314744,49.324436763952896,0.53051163010859,58.999999999999275,35.13725213024058,2021-04-28 09:35:10
88.05755395683452,0.5927608041939201,2.13,-4.541176470588235,-0.0941176470588232,0.0,0.0,0.0,78.90211640211638,50.639880952380956,0.53051163010859,58.999999999999275,35.13725213024058,2021-04-28 09:35:20
88.05755395683452,0.58706117292348,2.18,-4.517647058823529,-0.0941176470588232,0.0,0.0,0.0,83.33333333333331,50.705128205128204,0.5254105494451833,58.999999999999275,35.13725213024058,2021-04-28 09:35:30
88.05755395683452,0.58136154165304,2.18,-4.517647058823529,-0.0941176470588232,0.0,0.0,0.0,83.33333333333331,50.201465201465204,0.5203094687817765,58.999999999999275,35.13725213024058,2021-04-28 09:35:40
88.05755395683452,0.58136154165304,2.18,-4.517647058823529,-0.0941176470588232,0.0,0.0,0.0,83.33333333333331,49.175824175824175,0.5203094687817765,58.999999999999275,35.13725213024058,2021-04-28 09:35:50
88.05755395683452,0.58136154165304,2.21,-4.517647058823529,-0.0941176470588232,0.0,0.0,0.0,74.65986394557822,48.62637362637363,0.5203094687817765,58.999999999999275,35.13725213024058,2021-04-28 09:36:00
88.05755395683452,0.58136154165304,2.24,-4.517647058823529,-0.0941176470588232,0.0,0.0,0.0,64.68253968253967,48.37301587301587,0.5203094687817765,58.999999999999275,35.13725213024058,2021-04-28 09:36:10
88.05755395683452,0.58136154165304,2.21,-4.517647058823529,-0.0941176470588232,0.0,0.0,0.0,59.46712018140587,48.53174603174604,0.5203094687817765,58.999999999999275,35.13725213024058,2021-04-28 09:36:20
88.05755395683452,0.5927608041939201,2.18,-4.517647058823529,-0.0941176470588232,0.0,0.0,0.0,55.27210884353738,48.96031746031747,0.1768372100361967,58.999999999999275,35.13725213024058,2021-04-28 09:36:30
88.05755395683452,0.29638040209696004,2.13,-4.525490196078431,-0.0941176470588232,0.0,0.0,0.0,48.015873015872984,49.423658352229786,0.029472868339366114,58.999999999999275,35.13725213024058,2021-04-28 09:36:40
88.1115107913669,0.5927608041939201,2.03,-5.035294117647059,-0.0941176470588232,0.0,0.0,0.0,96.4285714285714,45.20833333333334,0.47156589342985783,58.999999999999275,35.13725213024058,2021-04-28 09:59:30
88.05755395683452,0.58136154165304,2.13,-4.941176470588235,-0.0941176470588232,0.0,0.0,0.0,100.54508983080407,45.49382716049384,0.5203094687817765,58.999999999999275,35.13725213024058,2021-04-28 10:00:20
88.05755395683452,0.58136154165304,2.18,-4.941176470588235,-0.0941176470588232,0.0,0.0,0.0,98.64381650095933,45.67019400352734,0.4624973055838013,58.999999999999275,35.13725213024058,2021-04-28 10:00:30
88.05755395683452,0.5927608041939201,2.1550000000000002,-4.941176470588235,-0.0941176470588232,0.0,0.0,0.0,84.79853479853477,45.5952380952381,0.47156589342985783,58.999999999999275,35.13725213024058,2021-04-28 10:00:40
88.1115107913669,0.56996227911216,1.88,-2.8951578947368413,-0.117647058823529,0.0,0.0,0.0,116.89342403628112,48.8685794947138,0.39675012802052695,58.999999999999275,35.13725213024058,2021-04-28 10:16:40
88.1115107913669,0.58136154165304,11.65,-2.696470588235293,-0.117647058823529,1.2,0.0,0.0,150.8503401360544,50.66264145211514,0.4624973055838013,58.999999999999275,35.13725213024058,2021-04-28 10:16:50
88.16546762589928,0.70675330468419,28.095,-2.3087058823529407,-0.117647058823529,1.905,0.0,0.0,187.3015873015873,52.480759980759984,0.5622516725125312,58.999999999999275,35.13725213024058,2021-04-28 10:17:00
88.23741007194243,0.74095103174027,44.54,-1.4219066937119669,-0.117647058823529,2.61,0.0,0.0,212.69841269841265,54.496151996151994,0.5157752143840456,58.999999999999275,35.13725213024058,2021-04-28 10:17:10
88.30935251798562,1.10572683116824,43.59,-0.41068289384719336,-0.117647058823529,1.8599999999999999,0.0,0.0,237.7112135176651,55.64449917898194,0.8796517201205405,58.999999999999275,35.13725213024058,2021-04-28 10:17:20
88.3273381294964,1.11712603692797,43.625,0.494379084967321,-0.12156862745097999,1.8599999999999999,0.0,0.0,264.3049155145929,56.480417198808006,0.8887202627948286,58.999999999999275,35.13725213024058,2021-04-28 10:17:30
88.34532374100719,1.2653162682597299,43.66,1.122875816993465,-0.13725490196078396,1.8599999999999999,0.0,0.0,290.4761904761905,56.94748887209205,1.1324382302743905,58.999999999999275,35.13725213024058,2021-04-28 10:17:40
88.41726618705036,1.28811478955608,43.28,1.392941176470589,-0.12941176470588198,2.1599999999999997,0.0,0.0,300.0,56.51874947509869,1.1528425495401349,58.999999999999275,35.13725213024058,2021-04-28 10:17:50
88.46223021582733,1.21971933544392,43.28,1.4980392156862752,-0.117647058823529,2.1599999999999997,0.0,0.0,304.7619047619047,56.77721088435375,1.0916296899914983,58.999999999999275,35.13725213024058,2021-04-28 10:18:00
88.49820143884892,1.2653162682597299,43.19,1.4666666666666672,-0.117647058823529,2.1599999999999997,0.0,0.0,309.9206349206349,57.22222222222223,1.1324382302743905,58.999999999999275,35.13725213024058,2021-04-28 10:18:10
88.5341726618705,1.2653162682597299,42.6,1.31764705882353,-0.1058823529411761,2.1599999999999997,0.0,0.0,321.031746031746,57.539682539682545,1.1324382302743905,58.999999999999275,35.13725213024058,2021-04-28 10:18:20
88.57014388489208,1.276715528907905,42.44,1.098039215686275,-0.0941176470588232,2.1599999999999997,0.0,0.0,328.57142857142856,58.0952380952381,1.1426403899072628,58.999999999999275,35.13725213024058,2021-04-28 10:18:30
88.59712230215827,1.28811478955608,42.2,0.7843137254901966,-0.0941176470588232,2.1599999999999997,0.0,0.0,335.31746031746025,58.85531135531136,1.1528425495401349,58.999999999999275,35.13725213024058,2021-04-28 10:18:40
88.59712230215827,1.3565103610159501,42.035,0.379084967320262,-0.0941176470588232,2.1599999999999997,0.0,0.0,343.2539682539682,59.990842490842496,1.2140555141131326,58.999999999999275,35.13725213024058,2021-04-28 10:18:50
88.57014388489208,1.3565103610159501,41.87,0.04265026271946748,-0.0941176470588232,2.1599999999999997,0.0,0.0,349.99999999999994,60.85164835164836,1.2140555141131326,58.999999999999275,35.13725213024058,2021-04-28 10:19:00
88.5431654676259,1.3565103610159501,42.5,0.004100986799949377,-0.0941176470588232,2.1599999999999997,0.0,0.0,354.3650793650793,61.46825396825397,1.2140555141131326,58.999999999999275,35.13725213024058,2021-04-28 10:19:10
88.5431654676259,1.350810701354935,42.97,-0.06551326412918042,-0.0941176470588232,2.1599999999999997,6.000000000002004,0.15254291748884577,352.7777777777777,61.62698412698413,1.2089544080406063,59.99999999999961,35.28979504772943,2021-04-28 10:19:20
88.51618705035972,1.34511104169392,42.965,-0.03529411764705816,-0.0941176470588232,2.1599999999999997,0.0,0.0,353.57142857142844,62.280952380952385,1.20385330196808,59.99999999999961,35.28979504772943,2021-04-28 10:19:30
88.48021582733813,1.3565103610159501,42.96,0.29019607843137313,-0.09803921568627416,2.1599999999999997,0.0,0.0,354.76190476190465,63.007936507936506,1.2140555141131326,59.99999999999961,35.28979504772943,2021-04-28 10:19:40
88.44424460431655,1.3565103610159501,43.325,0.509803921568628,-0.11372549019607803,2.1599999999999997,2.9999999999983373,0.08144915258489746,354.76190476190465,63.45873015873016,1.2140555141131326,60.49999999999933,35.37124420031432,2021-04-28 10:19:50
88.40827338129496,1.3565103610159501,43.69,0.7294117647058829,-0.12941176470588198,2.1599999999999997,3.0000000000036664,0.08333189096295004,355.95238095238085,63.57142857142857,1.2140555141131326,60.99999999999994,35.454576091277275,2021-04-28 10:20:00
88.38129496402877,1.3565103610159501,43.54,0.909803921568628,-0.14117647058823496,2.1599999999999997,0.0,0.0,353.2275132275131,63.64417989417989,1.2140555141131326,60.99999999999994,35.454576091277275,2021-04-28 10:20:10
88.38129496402877,1.3565103610159501,43.43,0.9725490196078439,-0.14117647058823496,2.1599999999999997,5.999999999996675,0.16948784646385845,337.5661375661375,63.93518518518518,1.2140555141131326,61.99999999999939,35.624063937741134,2021-04-28 10:20:20
88.35431654676259,1.3565103610159501,43.64,0.9882352941176478,-0.15294117647058791,1.8599999999999999,0.0,0.0,333.49206349206344,64.41597653554174,1.2140555141131326,61.99999999999939,35.624063937741134,2021-04-28 10:20:30
88.318345323741,1.3565103610159501,43.07,0.8973129992737843,-0.1607843137254899,2.1599999999999997,0.0,0.0,329.36507936507934,64.7184265010352,1.2140555141131326,61.99999999999939,35.624063937741134,2021-04-28 10:20:40
88.28237410071944,1.3565103610159501,42.65,0.5336238198983303,-0.14509803921568593,2.1599999999999997,6.000000000002004,0.1798424235142212,313.4920634920635,64.29606625258799,1.0791604569894515,62.99999999999972,35.80390636125536,2021-04-28 10:20:50
88.24640287769785,1.3565103610159501,42.5,0.03647681294740193,-0.14117647058823496,2.1599999999999997,0.0,0.0,309.5238095238095,64.42063492063492,1.2140555141131326,62.99999999999972,35.80390636125536,2021-04-28 10:21:00
88.19244604316546,1.3565103610159501,42.75,-0.4571428571428564,-0.14117647058823496,1.8599999999999999,0.0,0.0,309.5238095238095,64.83602150537635,1.2140555141131326,62.99999999999972,35.80390636125536,2021-04-28 10:21:10
88.08453237410072,1.3565103610159501,42.86,-0.8067226890756295,-0.14117647058823496,2.1599999999999997,6.000000000002004,0.2005499385375506,309.1269841269841,65.3770503381182,1.0791604569894515,64.00000000000006,36.004456299792906,2021-04-28 10:21:20
88.00359712230215,1.3565103610159501,43.07,-0.9176470588235286,-0.15294117647058786,1.8599999999999999,0.0,0.0,307.53968253968253,65.31843141409325,1.2140555141131326,64.00000000000006,36.004456299792906,2021-04-28 10:21:30
87.92266187050359,1.3565103610159501,43.55,-0.9568627450980384,-0.16862745098039178,2.1599999999999997,5.999999999996675,0.2174906833931006,307.1428571428571,65.50903119868637,1.0791604569894515,64.9999999999995,36.22194698318601,2021-04-28 10:21:40
87.83273381294964,1.3565103610159501,43.28,-1.019607843137254,-0.18431372549019573,2.1599999999999997,0.0,0.0,307.1428571428571,65.57539682539684,1.2140555141131326,64.9999999999995,36.22194698318601,2021-04-28 10:21:50
87.79676258992806,1.3565103610159501,43.07,-1.0705882352941165,-0.18823529411764672,2.1599999999999997,0.0,0.0,307.1428571428571,65.01984126984127,1.2140555141131326,64.9999999999995,36.22194698318601,2021-04-28 10:22:00
87.73381294964028,1.3565103610159501,42.97,-0.6164705882352932,-0.2117647058823526,1.8599999999999999,6.000000000001961,0.23725268221733412,309.5238095238095,65.40238095238095,1.0791604569894515,65.99999999999983,36.45919966540334,2021-04-28 10:22:10
87.65287769784172,1.3565103610159501,43.045,-0.0470588235294111,-0.24313725490196045,2.0100000000000002,0.0,0.0,312.30158730158723,66.09140667761358,1.2140555141131326,65.99999999999983,36.45919966540334,2021-04-28 10:22:20
87.54496402877697,1.3565103610159501,43.12,0.3670588235294124,-0.2745098039215682,2.1599999999999997,0.0,0.0,313.8888888888889,66.76179529282977,1.2140555141131326,65.99999999999983,36.45919966540334,2021-04-28 10:22:30
87.4910071942446,1.3565103610159501,43.29,0.6252100840336141,-0.2941176470588231,2.1599999999999997,0.0,0.0,314.2857142857143,66.82448458310527,1.2140555141131326,65.99999999999983,36.45919966540334,2021-04-28 10:22:40
87.42805755395682,1.3565103610159501,43.17,0.7744786803610338,-0.313725490196078,1.8599999999999999,5.99999999999676,0.2692427407299881,313.8888888888889,66.55202821869489,1.0791604569894515,66.99999999999929,36.728442406133325,2021-04-28 10:22:50
87.28417266187051,1.3565103610159501,43.07,0.7530656707127301,-0.3450980392156858,2.46,0.0,0.0,312.30158730158723,65.88183421516756,1.2140555141131326,66.99999999999929,36.728442406133325,2021-04-28 10:23:00
87.16726618705036,1.3565103610159501,43.12,0.5856209150326803,-0.3647058823529407,1.8599999999999999,6.000000000001961,0.2965223552160935,310.71428571428567,65.5952380952381,1.0791604569894515,67.99999999999962,37.024964761349416,2021-04-28 10:23:10
87.05935251798562,1.3565103610159501,43.245,0.4000000000000006,-0.3764705882352936,2.0100000000000002,0.0,0.0,309.1269841269841,65.47619047619048,1.2140555141131326,67.99999999999962,37.024964761349416,2021-04-28 10:23:20
86.95143884892084,1.3565103610159501,43.37,0.30588235294117705,-0.3764705882352936,2.1599999999999997,0.0,0.0,307.53968253968253,65.47619047619048,1.2140555141131326,67.99999999999962,37.024964761349416,2021-04-28 10:23:30
86.81654676258992,1.3565103610159501,42.9725,0.2352941176470594,-0.3764705882352936,2.1599999999999997,3.0000000000036664,0.16659947244579768,305.9523809523809,65.0,1.2140555141131326,68.50000000000023,37.19156423379521,2021-04-28 10:23:40
86.681654676259,1.3565103610159501,42.575,0.04991087344028583,-0.37254901960784265,2.1599999999999997,2.9999999999982947,0.17365103813214183,304.7619047619047,64.56349206349208,1.0791604569894515,68.99999999999994,37.365215271927354,2021-04-28 10:23:50
86.57374100719426,1.3565103610159501,42.97,-0.5033868092691616,-0.3568627450980388,2.1599999999999997,0.0,0.0,304.7619047619047,64.72222222222223,1.2140555141131326,68.99999999999994,37.365215271927354,2021-04-28 10:24:00
86.51978417266187,1.3565103610159501,43.54,-1.021509209744503,-0.3529411764705878,1.8599999999999999,5.99999999999676,0.3642232860098491,303.57142857142856,64.88095238095238,1.0791604569894515,69.9999999999994,37.7294385579372,2021-04-28 10:24:10
86.4748201438849,1.3565103610159501,44.32,-1.442424242424242,-0.3529411764705878,1.8599999999999999,0.0,0.0,284.6153846153846,64.96031746031747,1.2140555141131326,69.9999999999994,37.7294385579372,2021-04-28 10:24:20
86.40287769784172,1.3565103610159501,44.06,-1.5767082590612,-0.3568627450980388,2.1599999999999997,0.0,0.0,213.55311355311352,64.80158730158729,1.2140555141131326,69.9999999999994,37.7294385579372,2021-04-28 10:24:30
86.35791366906474,1.3565103610159501,42.705,-1.6204396910279257,-0.37254901960784265,1.0799999999999998,0.0,0.0,186.87792092964503,63.20578231292518,1.2140555141131326,69.9999999999994,37.7294385579372,2021-04-28 10:24:40
86.33093525179856,0.182387942867659,41.35,-1.733333333333333,-0.3764705882352936,0.0,0.0,0.0,137.53225428102272,62.17687074829932,0.018137150057134222,69.9999999999994,37.7294385579372,2021-04-28 10:24:50
86.33093525179856,0.58136154165304,38.015,-1.835294117647058,-0.3764705882352936,0.0,0.0,0.0,67.42424242424241,59.45827664399093,0.34687297918785104,69.9999999999994,37.7294385579372,2021-04-28 10:29:00
86.33093525179856,0.58136154165304,38.01,-1.835294117647058,-0.3764705882352936,0.0,0.0,0.0,78.57142857142856,61.47619047619048,0.34687297918785104,69.9999999999994,37.7294385579372,2021-04-28 10:29:10
86.33093525179856,0.58136154165304,38.13,-1.835294117647058,-0.3764705882352936,0.0,0.0,0.0,78.57142857142856,61.057142857142864,0.34687297918785104,69.9999999999994,37.7294385579372,2021-04-28 10:29:20
86.33093525179856,0.58136154165304,37.81,-1.835294117647058,-0.3764705882352936,0.0,0.0,0.0,78.57142857142856,60.83333333333334,0.4046851423858262,69.9999999999994,37.7294385579372,2021-04-28 10:29:30
86.33093525179856,0.5927608041939201,38.02,-1.835294117647058,-0.3764705882352936,0.0,0.0,0.0,78.57142857142856,60.71428571428572,0.41262015675112557,69.9999999999994,37.7294385579372,2021-04-28 10:29:40
86.33093525179856,0.5927608041939201,38.02,-1.835294117647058,-0.3764705882352936,0.0,0.0,0.0,78.57142857142856,60.71428571428572,0.41262015675112557,69.9999999999994,37.7294385579372,2021-04-28 10:29:50
86.33093525179856,0.58136154165304,37.92,-1.835294117647058,-0.3764705882352936,0.0,0.0,0.0,78.57142857142856,60.83333333333334,0.4046851423858262,69.9999999999994,37.7294385579372,2021-04-28 10:30:00
86.33093525179856,0.5927608041939201,38.08,-1.835294117647058,-0.3764705882352936,0.0,0.0,0.0,78.57142857142856,60.83333333333334,0.3536744200723934,69.9999999999994,37.7294385579372,2021-04-28 10:30:10
86.33093525179856,0.5927608041939201,37.97,-1.835294117647058,-0.3764705882352936,0.0,0.0,0.0,78.57142857142856,60.35714285714286,0.05894573667873223,69.9999999999994,37.7294385579372,2021-04-28 10:30:20
86.33093525179856,0.5927608041939201,37.995000000000005,-1.835294117647058,-0.3764705882352936,0.0,0.0,0.0,78.57142857142856,60.11904761904762,0.05894573667873223,69.9999999999994,37.7294385579372,2021-04-28 10:30:30
86.33093525179856,0.58136154165304,38.02,-1.835294117647058,-0.3764705882352936,0.0,0.0,0.0,78.57142857142856,59.920634920634924,0.5203094687817765,69.9999999999994,37.7294385579372,2021-04-28 10:30:40
86.33093525179856,0.5927608041939201,37.92,-1.835294117647058,-0.3764705882352936,0.0,0.0,0.0,78.57142857142856,59.60317460317461,0.53051163010859,69.9999999999994,37.7294385579372,2021-04-28 10:30:50
86.33093525179856,0.58136154165304,38.08,-1.835294117647058,-0.3764705882352936,0.0,0.0,0.0,78.57142857142856,59.28571428571429,0.5203094687817765,69.9999999999994,37.7294385579372,2021-04-28 10:31:00
86.33093525179856,0.5927608041939201,38.02,-1.835294117647058,-0.3882352941176465,0.0,0.0,0.0,95.25396825396824,59.00793650793652,0.53051163010859,69.9999999999994,37.7294385579372,2021-04-28 10:31:10
86.33093525179856,0.58136154165304,37.76,-1.7882352941176465,-0.39607843137254845,0.0,0.0,0.0,161.98412698412696,58.849206349206355,0.4046851423858262,69.9999999999994,37.7294385579372,2021-04-28 10:31:20
86.33093525179856,0.5927608041939201,38.02,-1.5999999999999992,-0.3803921568627446,0.0,0.0,0.0,191.06493506493504,59.20068027210884,0.41262015675112557,69.9999999999994,37.7294385579372,2021-04-28 10:31:30
86.30395683453237,1.3679095629902702,37.8,-1.5529411764705874,-0.3647058823529407,0.0,0.0,0.0,215.5225726654298,59.847647392290256,1.2242576212338243,69.9999999999994,37.7294385579372,2021-04-28 10:31:40
86.2679856115108,1.3679095629902702,38.02,-1.4290657439446357,-0.35882352941176426,0.0,0.0,0.0,257.3696145124716,60.710978835978835,1.2242576212338243,69.9999999999994,37.7294385579372,2021-04-28 10:31:50
86.2320143884892,1.2995141088781101,44.65,-1.0066897347174157,-0.3764705882352936,2.1599999999999997,6.000000000001961,0.3942981722405383,280.0453514739229,61.09457671957672,1.0338175659423892,70.99999999999973,38.12373673017774,2021-04-28 10:32:00
86.19604316546763,1.33371183593419,44.11,-0.8036908881199532,-0.3764705882352936,1.8599999999999999,0.0,0.0,285.7142857142857,61.30952380952381,1.1936511914595058,70.99999999999973,38.12373673017774,2021-04-28 10:32:10
86.15107913669064,1.33371183593419,44.11,-0.5900452488687775,-0.3764705882352936,2.1599999999999997,0.0,0.0,286.1111111111111,61.66666666666667,1.1936511914595058,70.99999999999973,38.12373673017774,2021-04-28 10:32:20
86.07913669064749,1.3223125166121599,43.54,-0.37164404223227687,-0.3764705882352936,2.46,6.000000000001961,0.41027145814565,287.69841269841265,62.61904761904762,1.1834489793144527,72.00000000000006,38.53400818832339,2021-04-28 10:32:30
85.98021582733813,1.33371183593419,43.13,-0.14962292609351363,-0.3764705882352936,1.8599999999999999,0.0,0.0,286.9047619047619,62.97619047619048,1.1936511914595058,72.00000000000006,38.53400818832339,2021-04-28 10:32:40
85.92625899280576,1.33371183593419,43.28,-0.0941176470588228,-0.3764705882352936,2.1599999999999997,0.0,0.0,286.1111111111111,63.2936507936508,1.1936511914595058,72.00000000000006,38.53400818832339,2021-04-28 10:32:50
85.88129496402877,1.33371183593419,43.28,-0.08627450980392085,-0.3764705882352936,1.8599999999999999,5.99999999999676,0.4309384169266228,287.69841269841265,64.0873015873016,1.0610232812973386,72.99999999999952,38.96494660525001,2021-04-28 10:33:00
85.80935251798562,1.33371183593419,43.28,-0.05490196078431304,-0.3764705882352936,1.8599999999999999,0.0,0.0,286.9047619047619,64.40476190476191,0.795767460973004,72.99999999999952,38.96494660525001,2021-04-28 10:33:10
85.73741007194245,1.3223125166121599,43.17,-0.047058823529411084,-0.3764705882352936,1.8599999999999999,0.0,0.0,285.31746031746036,64.52380952380953,1.0519546482795137,72.99999999999952,38.96494660525001,2021-04-28 10:33:20
85.67446043165468,1.33371183593419,42.82,-0.047058823529411084,-0.3764705882352936,2.1599999999999997,6.000000000001961,0.45253928516670305,283.7301587301587,64.52380952380953,1.0610232812973386,73.99999999999984,39.417485890416714,2021-04-28 10:33:30
85.63848920863309,1.3223125166121599,43.54,-0.047058823529411084,-0.3764705882352936,2.1599999999999997,0.0,0.0,283.3333333333333,64.52380952380953,1.1834489793144527,73.99999999999984,39.417485890416714,2021-04-28 10:33:40
85.57553956834532,1.33371183593419,43.64,-0.023529411764705226,-0.3764705882352936,2.1599999999999997,0.0,0.0,283.3333333333333,64.56349206349208,1.1936511914595058,73.99999999999984,39.417485890416714,2021-04-28 10:33:50
85.50359712230215,1.33371183593419,43.07,0.007843137254902573,-0.38039215686274463,2.1599999999999997,5.999999999996675,0.47037904488152804,283.3333333333333,64.72222222222223,1.0610232812973386,74.99999999999929,39.88786493529824,2021-04-28 10:34:00
85.431654676259,1.33371183593419,43.39,0.03921568627451037,-0.3960784313725486,2.1599999999999997,0.0,0.0,285.71428571428567,64.88095238095238,1.1936511914595058,74.99999999999929,39.88786493529824,2021-04-28 10:34:10
85.38669064748201,1.33371183593419,43.355000000000004,-0.1999999999999994,-0.39999999999999963,2.1599999999999997,0.0,0.0,288.0952380952381,65.0,1.1936511914595058,74.99999999999929,39.88786493529824,2021-04-28 10:34:20
85.34172661870502,1.33371183593419,43.33,-0.32941176470588174,-0.41176470588235253,1.8599999999999999,6.000000000002046,0.48727601377768465,288.0952380952381,65.0,1.0610232812973386,75.99999999999963,40.37514094907593,2021-04-28 10:34:30
85.26978417266187,1.33371183593419,43.59,-0.4123249299719882,-0.42352941176470543,2.1599999999999997,0.0,0.0,289.2857142857143,65.27472527472528,1.1936511914595058,75.99999999999963,40.37514094907593,2021-04-28 10:34:40
85.1978417266187,1.33371183593419,42.545,-0.5557422969187669,-0.42352941176470543,1.8599999999999999,2.9999999999982947,0.25114614041745087,290.07936507936506,65.71014303157162,1.1936511914595058,76.49999999999935,40.62628708949338,2021-04-28 10:34:50
85.12589928057554,1.33371183593419,43.12,-0.8056022408963579,-0.4352941176470584,2.1599999999999997,3.0000000000036664,0.2548996162011542,288.4920634920635,66.35291296005582,1.0610232812973386,76.99999999999996,40.88118670569454,2021-04-28 10:35:00
85.05395683453237,1.3223125166121599,43.0025,-1.1712418300653589,-0.44705882352941134,2.085,1.4999999999965041,0.12932634505273205,284.5238095238095,66.69453892668179,1.0519546482795137,77.24999999999937,41.01051305074727,2021-04-28 10:35:10
85.00899280575538,1.33371183593419,42.885,-1.7777777777777772,-0.44705882352941134,2.0100000000000002,1.5000000000018758,0.1304990772946238,230.25793650793645,66.11552028218696,1.0610232812973386,77.49999999999969,41.14101212804189,2021-04-28 10:35:20
84.97302158273381,1.3280121762731751,42.55,-1.9529411764705875,-0.44705882352941134,1.8599999999999999,2.9999999999982947,0.2628744105119544,176.54100529100526,65.54112554112555,1.0564889647884264,77.9999999999994,41.40388653855385,2021-04-28 10:35:30
84.93705035971223,1.33371183593419,42.18,-1.9843137254901955,-0.4431372549019603,1.8599999999999999,0.0,0.0,173.9748677248677,65.80086580086581,1.1936511914595058,77.9999999999994,41.40388653855385,2021-04-28 10:35:40
84.87410071942446,1.3223125166121599,42.76,-2.0156862745098034,-0.42745098039215645,1.8599999999999999,0.0,0.0,163.2380952380952,65.67099567099567,1.1834489793144527,77.9999999999994,41.40388653855385,2021-04-28 10:35:50
84.82014388489209,0.5927608041939201,39.165,-2.141176470588235,-0.43529411764705833,0.0,0.0,0.0,140.3174603174603,65.43650793650795,0.3536744200723934,77.9999999999994,41.40388653855385,2021-04-28 10:36:00
84.82014388489209,0.58136154165304,38.75,-2.2509803921568623,-0.4431372549019602,0.0,0.0,0.0,89.015873015873,65.27777777777777,0.4046851423858262,77.9999999999994,41.40388653855385,2021-04-28 10:36:10
84.82014388489209,0.58706117292348,38.91,-2.219607843137254,-0.42745098039215623,0.0,0.0,0.0,74.99999999999999,65.23809523809524,0.3502736996301222,77.9999999999994,41.40388653855385,2021-04-28 10:36:20
84.82014388489209,0.5927608041939201,38.96,-2.211764705882352,-0.4235294117647052,0.0,0.0,0.0,73.4126984126984,65.27777777777777,0.3536744200723934,77.9999999999994,41.40388653855385,2021-04-28 10:36:30
84.82014388489209,0.58136154165304,38.75,-2.1999999999999993,-0.4235294117647052,0.0,0.0,0.0,71.82539682539681,65.43650793650795,0.4046851423858262,77.9999999999994,41.40388653855385,2021-04-28 10:36:40
84.82014388489209,0.58136154165304,38.8,-2.1568627450980387,-0.4235294117647052,0.0,0.0,0.0,70.23809523809523,65.35714285714286,0.34687297918785104,77.9999999999994,41.40388653855385,2021-04-28 10:36:50
84.82014388489209,0.5927608041939201,38.75,-2.125490196078431,-0.4235294117647052,0.0,0.0,0.0,69.04761904761904,64.92063492063492,0.3536744200723934,77.9999999999994,41.40388653855385,2021-04-28 10:37:00
84.82014388489209,0.5927608041939201,38.7,-2.117647058823529,-0.4235294117647052,0.0,0.0,0.0,69.04761904761904,63.65079365079366,0.41262015675112557,77.9999999999994,41.40388653855385,2021-04-28 10:37:10
84.82014388489209,0.5927608041939201,38.725,-2.117647058823529,-0.4235294117647052,0.0,0.0,0.0,69.04761904761904,62.85714285714286,0.53051163010859,77.9999999999994,41.40388653855385,2021-04-28 10:37:20
84.82014388489209,0.58136154165304,38.8,-2.117647058823529,-0.4235294117647052,0.0,0.0,0.0,69.04761904761904,62.34126984126985,0.5203094687817765,77.9999999999994,41.40388653855385,2021-04-28 10:37:30
84.82014388489209,0.5927608041939201,38.75,-2.117647058823529,-0.4235294117647052,0.0,0.0,0.0,69.04761904761904,62.182539682539684,0.3536744200723934,77.9999999999994,41.40388653855385,2021-04-28 10:37:40
84.82014388489209,0.5927608041939201,38.91,-2.109803921568627,-0.4235294117647052,0.0,0.0,0.0,67.85714285714283,62.142857142857146,0.3536744200723934,77.9999999999994,41.40388653855385,2021-04-28 10:37:50
84.82014388489209,0.5927608041939201,38.75,-2.078431372549019,-0.4235294117647052,0.0,0.0,0.0,66.66666666666664,62.20779220779221,0.41262015675112557,77.9999999999994,41.40388653855385,2021-04-28 10:38:00
84.82014388489209,0.5927608041939201,38.8,-2.047058823529411,-0.4235294117647052,0.0,0.0,0.0,66.66666666666664,62.46753246753247,0.47156589342985783,77.9999999999994,41.40388653855385,2021-04-28 10:38:10
84.82014388489209,0.5927608041939201,38.75,-2.0235294117647054,-0.4235294117647052,0.0,0.0,0.0,67.85714285714283,62.45670995670996,0.3536744200723934,77.9999999999994,41.40388653855385,2021-04-28 10:38:20
84.82014388489209,0.58136154165304,38.91,-2.0235294117647054,-0.4235294117647052,0.0,0.0,0.0,69.04761904761904,62.38095238095239,0.34687297918785104,77.9999999999994,41.40388653855385,2021-04-28 10:38:30
84.82014388489209,0.58136154165304,38.75,-2.0235294117647054,-0.4235294117647052,0.0,0.0,0.0,69.04761904761904,62.38095238095239,0.34687297918785104,77.9999999999994,41.40388653855385,2021-04-28 10:38:40
84.82014388489209,0.58136154165304,38.8,-2.0235294117647054,-0.4235294117647052,0.0,0.0,0.0,67.26190476190476,61.66666666666667,0.4046851423858262,77.9999999999994,41.40388653855385,2021-04-28 10:38:50
84.82014388489209,0.5927608041939201,38.75,-2.0235294117647054,-0.4235294117647052,0.0,0.0,0.0,66.66666666666666,61.42857142857143,0.47156589342985783,77.9999999999994,41.40388653855385,2021-04-28 10:39:00
84.82014388489209,0.5927608041939201,38.75,-2.0235294117647054,-0.4235294117647052,0.0,0.0,0.0,66.66666666666666,61.42857142857143,0.3536744200723934,77.9999999999994,41.40388653855385,2021-04-28 10:39:10
84.82014388489209,0.58136154165304,38.75,-2.0235294117647054,-0.4235294117647052,0.0,0.0,0.0,66.66666666666666,61.42857142857143,0.4046851423858262,77.9999999999994,41.40388653855385,2021-04-28 10:39:20
84.82014388489209,0.58136154165304,38.91,-2.0235294117647054,-0.4235294117647052,0.0,0.0,0.0,66.66666666666666,61.149068322981364,0.4046851423858262,77.9999999999994,41.40388653855385,2021-04-28 10:39:30
84.82014388489209,0.58706117292348,38.8,-2.0235294117647054,-0.4235294117647052,0.0,0.0,0.0,66.26984126984127,60.869565217391305,0.3502736996301222,77.9999999999994,41.40388653855385,2021-04-28 10:39:40
84.82014388489209,0.5927608041939201,38.8,-2.0235294117647054,-0.4235294117647052,0.0,0.0,0.0,64.68253968253967,60.869565217391305,0.41262015675112557,77.9999999999994,41.40388653855385,2021-04-28 10:39:50
84.82014388489209,0.5927608041939201,38.8,-2.0235294117647054,-0.4235294117647052,0.0,0.0,0.0,63.095238095238074,60.772084195997245,0.3536744200723934,77.9999999999994,41.40388653855385,2021-04-28 10:40:00
84.82014388489209,0.5927608041939201,38.8,-2.0235294117647054,-0.4235294117647052,0.0,0.0,0.0,62.301587301587276,60.60185185185186,0.47156589342985783,77.9999999999994,41.40388653855385,2021-04-28 10:40:10
84.82014388489209,0.5927608041939201,38.91,-2.0235294117647054,-0.4235294117647052,0.0,0.0,0.0,63.888888888888864,60.310846560846564,0.47156589342985783,77.9999999999994,41.40388653855385,2021-04-28 10:40:20
84.82014388489209,0.5927608041939201,38.91,-2.0156862745098034,-0.4235294117647052,0.0,0.0,0.0,64.28571428571426,60.35714285714286,0.41262015675112557,77.9999999999994,41.40388653855385,2021-04-28 10:40:30
84.82014388489209,0.58136154165304,38.959999999999994,-1.9843137254901955,-0.4235294117647052,0.0,0.0,0.0,64.28571428571426,60.51587301587301,0.4046851423858262,77.9999999999994,41.40388653855385,2021-04-28 10:40:40
84.82014388489209,0.58136154165304,39.01,-1.9764705882352935,-0.4235294117647052,0.0,0.0,0.0,64.28571428571426,60.67460317460318,0.4624973055838013,77.9999999999994,41.40388653855385,2021-04-28 10:40:50
84.82014388489209,0.58136154165304,39.01,-1.9764705882352935,-0.4235294117647052,0.0,0.0,0.0,64.28571428571426,60.95238095238096,0.34687297918785104,77.9999999999994,41.40388653855385,2021-04-28 10:41:00
84.82014388489209,0.58136154165304,39.01,-1.9764705882352935,-0.4235294117647052,0.0,0.0,0.0,64.68253968253967,61.15079365079366,0.34687297918785104,77.9999999999994,41.40388653855385,2021-04-28 10:41:10
84.82014388489209,0.5927608041939201,38.91,-1.9764705882352935,-0.4235294117647052,0.0,0.0,0.0,66.26984126984127,60.992063492063494,0.3536744200723934,77.9999999999994,41.40388653855385,2021-04-28 10:41:20
84.82014388489209,0.5927608041939201,38.855,-1.9882352941176467,-0.4235294117647052,0.0,0.0,0.0,66.66666666666666,60.714285714285715,0.3536744200723934,77.9999999999994,41.40388653855385,2021-04-28 10:41:30
84.82014388489209,0.5927608041939201,38.8,-2.0156862745098034,-0.4235294117647052,0.0,0.0,0.0,66.66666666666666,60.476190476190474,0.3536744200723934,77.9999999999994,41.40388653855385,2021-04-28 10:41:40
84.82014388489209,0.5927608041939201,38.825,-1.9843137254901955,-0.4235294117647052,0.0,0.0,0.0,66.66666666666666,60.476190476190474,0.41262015675112557,77.9999999999994,41.40388653855385,2021-04-28 10:41:50
84.82014388489209,0.5927608041939201,38.85,-1.9529411764705875,-0.4235294117647052,0.0,0.0,0.0,65.47619047619045,60.714285714285715,0.3536744200723934,77.9999999999994,41.40388653855385,2021-04-28 10:42:00
84.82014388489209,0.58706117292348,38.86,-1.9372549019607836,-0.4235294117647052,0.0,0.0,0.0,64.28571428571426,61.01190476190476,0.3502736996301222,77.9999999999994,41.40388653855385,2021-04-28 10:42:10
84.82014388489209,0.58136154165304,39.01,-1.9686274509803916,-0.4235294117647052,0.0,0.0,0.0,64.28571428571426,61.07142857142857,0.34687297918785104,77.9999999999994,41.40388653855385,2021-04-28 10:42:20
84.82014388489209,0.5927608041939201,38.959999999999994,-1.9764705882352935,-0.4235294117647052,0.0,0.0,0.0,64.28571428571426,60.595238095238095,0.41262015675112557,77.9999999999994,41.40388653855385,2021-04-28 10:42:30
84.82014388489209,0.58136154165304,38.91,-1.9764705882352935,-0.4235294117647052,0.0,0.0,0.0,64.28571428571426,60.11904761904762,0.4046851423858262,77.9999999999994,41.40388653855385,2021-04-28 10:42:40
84.82014388489209,0.58136154165304,39.01,-1.9764705882352935,-0.4235294117647052,0.0,0.0,0.0,64.28571428571426,59.761904761904766,0.2890608159898758,77.9999999999994,41.40388653855385,2021-04-28 10:42:50
84.82014388489209,0.58136154165304,38.959999999999994,-1.9764705882352935,-0.4235294117647052,0.0,0.0,0.0,64.28571428571426,59.761904761904766,0.2890608159898758,77.9999999999994,41.40388653855385,2021-04-28 10:43:00
84.82014388489209,0.58706117292348,38.91,-1.9764705882352935,-0.4235294117647052,0.0,0.0,0.0,64.28571428571426,59.761904761904766,0.3502736996301222,77.9999999999994,41.40388653855385,2021-04-28 10:43:10
84.82014388489209,0.5927608041939201,38.8,-1.9764705882352935,-0.4235294117647052,0.0,0.0,0.0,64.68253968253967,59.84126984126985,0.3536744200723934,77.9999999999994,41.40388653855385,2021-04-28 10:43:20
84.82014388489209,0.5927608041939201,38.905,-1.9764705882352935,-0.4235294117647052,0.0,0.0,0.0,66.26984126984127,60.158730158730165,0.3536744200723934,77.9999999999994,41.40388653855385,2021-04-28 10:43:30
84.82014388489209,0.58136154165304,39.01,-1.9686274509803916,-0.4235294117647052,0.0,0.0,0.0,67.85714285714285,60.47619047619048,0.34687297918785104,77.9999999999994,41.40388653855385,2021-04-28 10:43:40
84.82014388489209,0.58136154165304,38.8,-1.9372549019607836,-0.4235294117647052,0.0,0.0,0.0,69.94047619047618,60.85873015873017,0.34687297918785104,77.9999999999994,41.40388653855385,2021-04-28 10:43:50
84.82014388489209,0.58136154165304,38.8,-1.9294117647058817,-0.4235294117647052,0.0,0.0,0.0,73.51190476190474,61.43650793650794,0.2890608159898758,77.9999999999994,41.40388653855385,2021-04-28 10:44:00
84.82014388489209,0.58136154165304,38.855,-1.2104575163398685,-0.4117647058823523,0.0,0.0,0.0,117.97839506172835,61.67875457875458,0.34687297918785104,77.9999999999994,41.40388653855385,2021-04-28 10:44:10
84.82014388489209,0.58706117292348,38.91,-0.4820674630005253,-0.3999999999999994,0.0,0.0,0.0,164.78542034097586,61.65299676169242,0.3502736996301222,77.9999999999994,41.40388653855385,2021-04-28 10:44:20
84.7931654676259,0.5927608041939201,39.01,-0.444324243107204,-0.3999999999999994,0.0,0.0,0.0,177.71898883009987,61.15875670223497,0.3536744200723934,77.9999999999994,41.40388653855385,2021-04-28 10:44:30
84.75719424460432,1.2653162682597299,46.265,-0.4629685157421283,-0.3999999999999994,0.44999999999999996,3.0000000000036664,0.27412974430182324,208.33333333333331,61.293995859213254,1.0066117602439026,78.50000000000001,41.67801628285567,2021-04-28 10:44:40
84.72122302158273,1.34511104169392,53.52,-0.5425404944586524,-0.3999999999999994,0.8999999999999999,2.99999999999838,0.27600525940699816,241.26984126984127,61.65113871635611,1.0700918239716266,78.99999999999974,41.95402154226267,2021-04-28 10:44:50
84.60431654676259,1.34511104169392,49.0,-0.7485080988917301,-0.3999999999999994,2.1599999999999997,0.0,0.0,263.4920634920635,62.04451345755694,1.0700918239716266,78.99999999999974,41.95402154226267,2021-04-28 10:45:00
84.5,1.3394114388140552,46.92,-0.6278637770897827,-0.3882352941176465,2.1599999999999997,0.0,0.0,272.6190476190476,62.142857142857146,1.0655575526344825,78.99999999999974,41.95402154226267,2021-04-28 10:45:10
84.51438848920864,1.33371183593419,46.58,-0.3313501144164753,-0.37254901960784265,2.0100000000000002,2.9999999999982947,0.2867873373783807,276.58730158730157,62.182539682539684,1.1936511914595058,79.49999999999946,42.24080887964105,2021-04-28 10:45:20
84.5179856115108,1.3394114388140552,46.24,0.16615964463588706,-0.3568627450980388,1.8599999999999999,3.0000000000036664,0.2865998545055607,278.17460317460313,62.34126984126985,1.198752246713793,80.00000000000007,42.52740873414661,2021-04-28 10:45:30
84.54136690647482,1.34511104169392,46.51,0.45115089514066564,-0.34117647058823486,1.8599999999999999,0.0,0.0,278.57142857142856,62.85714285714286,1.20385330196808,80.00000000000007,42.52740873414661,2021-04-28 10:45:40
84.63489208633094,1.33371183593419,46.59,0.6666666666666672,-0.3215686274509799,1.8599999999999999,2.99999999999838,0.2805060503965851,277.9761904761905,63.57142857142857,1.0610232812973386,80.4999999999998,42.80791478454319,2021-04-28 10:45:50
84.64028776978417,1.34511104169392,46.67,0.8862745098039222,-0.2901960784313722,1.8599999999999999,2.9999999999982947,0.2802247695111092,276.58730158730157,64.45265462506842,0.6688073899822666,80.99999999999952,43.0881395540543,2021-04-28 10:46:00
84.61630695443645,1.34511104169392,46.09,1.0352941176470596,-0.25882352941176434,2.1599999999999997,0.0,0.0,278.17460317460313,65.12041598248496,1.0700918239716266,80.99999999999952,43.0881395540543,2021-04-28 10:46:10
84.59232613908873,1.34511104169392,45.775000000000006,1.1176470588235299,-0.22941176470588198,2.0100000000000002,3.0000000000036664,0.2827249566268432,278.57142857142856,65.31563583287722,1.0700918239716266,81.50000000000013,43.370864510681145,2021-04-28 10:46:20
84.568345323741,1.34511104169392,45.46,1.0745098039215693,-0.20784313725490164,1.8599999999999999,2.99999999999838,0.2839749760021411,278.968253968254,65.41516754850089,1.0700918239716266,81.99999999999986,43.65483948668329,2021-04-28 10:46:30
84.54436450839327,1.34511104169392,45.144999999999996,1.0431372549019615,-0.19215686274509775,2.16,0.0,0.0,280.55555555555554,65.70017636684304,1.0700918239716266,81.99999999999986,43.65483948668329,2021-04-28 10:46:40
84.52038369304556,1.34511104169392,44.83,1.0823529411764712,-0.19999999999999968,2.46,0.0,0.0,280.9523809523809,65.76931216931217,1.0700918239716266,81.99999999999986,43.65483948668329,2021-04-28 10:46:50
84.49640287769783,1.34511104169392,45.77,1.129411764705883,-0.2117647058823526,2.1599999999999997,5.999999999996589,0.5754494695490888,280.9523809523809,65.67901234567901,0.9363303459751734,82.99999999999929,44.23028895623238,2021-04-28 10:47:00
84.47242206235012,1.34511104169392,45.72,1.129411764705883,-0.2117647058823526,2.0100000000000002,2.99999999999838,0.2889745538504974,280.9523809523809,65.326278659612,1.0700918239716266,83.49999999999902,44.51926351008287,2021-04-28 10:47:10
84.44844124700239,1.34511104169392,45.67,1.0352941176470596,-0.21176470588235263,1.8599999999999999,3.0000000000036664,0.29022432230461387,278.57142857142856,65.35714285714286,1.0700918239716266,83.99999999999963,44.80948783238749,2021-04-28 10:47:20
84.41546762589928,1.34511104169392,45.05,0.9254901960784319,-0.21176470588235263,2.1599999999999997,0.0,0.0,276.58730158730157,65.47619047619048,1.0700918239716266,83.99999999999963,44.80948783238749,2021-04-28 10:47:30
84.37949640287769,1.34511104169392,45.15,0.8627450980392162,-0.21176470588235263,2.1599999999999997,3.0000000000036664,0.2938171226447829,278.17460317460313,65.47619047619048,1.0700918239716266,84.50000000000024,45.10330495503227,2021-04-28 10:47:40
84.34352517985612,1.33371183593419,45.25,0.8470588235294123,-0.2235294117647056,2.1599999999999997,2.99999999999838,0.2956914586106933,277.38095238095235,65.47619047619048,1.0610232812973386,84.99999999999997,45.39899641364296,2021-04-28 10:47:50
84.28057553956835,1.3394114388140552,44.94,0.8392156862745104,-0.23137254901960752,2.1599999999999997,0.0,0.0,276.58730158730157,65.63492063492063,1.0655575526344825,84.99999999999997,45.39899641364296,2021-04-28 10:48:00
84.20863309352518,1.34511104169392,45.019999999999996,0.8078431372549024,-0.2156862745098036,2.0100000000000002,2.9999999999982947,0.3027191744504872,278.17460317460313,66.26984126984127,0.9363303459751734,85.49999999999969,45.70171558809345,2021-04-28 10:48:10
84.13669064748201,1.34511104169392,45.1,0.8235294117647064,-0.2117647058823526,1.8599999999999999,2.9999999999982947,0.30646660596550895,279.76190476190476,66.04679802955665,1.0700918239716266,85.9999999999994,46.00818219405896,2021-04-28 10:48:20
84.11870503597122,1.34511104169392,45.31,0.8470588235294123,-0.2117647058823526,2.1599999999999997,0.0,0.0,280.95238095238096,65.59386973180077,1.0700918239716266,85.9999999999994,46.00818219405896,2021-04-28 10:48:30
84.10971223021582,1.34511104169392,44.815,0.8470588235294123,-0.2117647058823526,2.31,2.99999999999838,0.3078717685313253,280.95238095238096,65.30925013683634,1.0700918239716266,86.49999999999913,46.31605396259029,2021-04-28 10:48:40
84.07374100719424,1.34511104169392,44.32,0.882352941176471,-0.21176470588235263,2.46,3.0000000000036664,0.30974521238568814,280.95238095238096,65.5008210180624,1.20385330196808,86.99999999999974,46.625799174975974,2021-04-28 10:48:50
84.06474820143885,1.34511104169392,44.63,1.0117647058823536,-0.21176470588235263,1.8599999999999999,0.0,0.0,280.55555555555554,65.92174726768721,1.0700918239716266,86.99999999999974,46.625799174975974,2021-04-28 10:49:00
84.06474820143885,1.34511104169392,44.47,1.1843137254901968,-0.2117647058823526,1.8599999999999999,0.0,0.0,278.968253968254,66.55454914631778,1.0700918239716266,86.99999999999974,46.625799174975974,2021-04-28 10:49:10
84.06474820143885,1.34511104169392,45.019999999999996,1.4039215686274518,-0.2117647058823526,2.0100000000000002,3.0000000000036664,0.3102135543018797,278.57142857142856,67.0722760739446,1.0700918239716266,87.50000000000036,46.936012729277856,2021-04-28 10:49:20
84.06474820143885,1.34511104169392,45.57,1.764705882352942,-0.19999999999999968,2.1599999999999997,2.99999999999838,0.31021355430133307,278.57142857142856,67.22039773763912,1.0700918239716266,88.00000000000009,47.24622628357919,2021-04-28 10:49:30
84.07374100719424,1.34511104169392,45.72,2.172549019607844,-0.18431372549019576,2.1599999999999997,0.0,0.0,278.17460317460313,67.13641296974632,1.0700918239716266,88.00000000000009,47.24622628357919,2021-04-28 10:49:40
84.10971223021582,1.34511104169392,45.57,2.5803921568627457,-0.16862745098039184,2.1599999999999997,2.9999999999982947,0.3078717685313166,276.58730158730157,66.68735585402251,1.0700918239716266,88.4999999999998,47.554098052110504,2021-04-28 10:49:50
84.14568345323741,1.34511104169392,45.42,2.941176470588236,-0.15294117647058797,2.1599999999999997,2.9999999999982947,0.30599820332883604,277.38095238095235,66.26373626373626,1.0700918239716266,88.99999999999952,47.86009625543934,2021-04-28 10:50:00
84.17266187050359,1.34511104169392,44.53,3.2156862745098045,-0.13333333333333308,2.1599999999999997,0.0,0.0,278.57142857142856,65.84603174603174,1.20385330196808,88.99999999999952,47.86009625543934,2021-04-28 10:50:10
84.17266187050359,1.34511104169392,45.31,3.2784313725490204,-0.10196078431372517,2.1599999999999997,6.000000000002046,0.6091859004728569,278.57142857142856,65.42063492063492,1.0700918239716266,89.99999999999986,48.4692821559122,2021-04-28 10:50:20
84.17266187050359,1.34511104169392,45.230000000000004,3.2000000000000006,-0.07058823529411729,2.0100000000000002,0.0,0.0,278.57142857142856,66.00748299319727,1.0700918239716266,89.99999999999986,48.4692821559122,2021-04-28 10:50:30
84.17266187050359,1.34511104169392,45.15,3.007843137254903,-0.04705882352941137,1.8599999999999999,0.0,0.0,278.968253968254,66.73028470647517,1.20385330196808,89.99999999999986,48.4692821559122,2021-04-28 10:50:40
84.17266187050359,1.34511104169392,45.66,2.6156862745098044,-0.04705882352941137,2.1599999999999997,5.999999999996675,0.6091859004723116,280.55555555555554,66.84870244394054,1.0700918239716266,90.9999999999993,49.07846805638451,2021-04-28 10:50:50
84.17266187050359,1.34511104169392,45.144999999999996,1.869019607843138,-0.05882352941176433,2.0100000000000002,0.0,0.0,280.9523809523809,66.98551935394042,1.20385330196808,90.9999999999993,49.07846805638451,2021-04-28 10:51:00
84.16366906474819,1.34511104169392,44.63,1.1795032679738569,-0.0705882352941173,1.8599999999999999,0.0,0.0,280.9523809523809,67.09273182957394,1.0700918239716266,90.9999999999993,49.07846805638451,2021-04-28 10:51:10
84.12769784172662,1.34511104169392,45.19,1.0159477124183014,-0.0705882352941173,1.8599999999999999,6.000000000001961,0.6138700021055612,280.9523809523809,67.09273182957394,1.0700918239716266,91.99999999999963,49.69233805849007,2021-04-28 10:51:20
84.09172661870502,1.34511104169392,44.53,0.6672941176470595,-0.0705882352941173,1.8599999999999999,0.0,0.0,280.9523809523809,67.26660401002506,1.0700918239716266,91.99999999999963,49.69233805849007,2021-04-28 10:51:30
84.05575539568345,1.34511104169392,44.394999999999996,0.6823529411764712,-0.07058823529411729,2.0100000000000002,2.99999999999838,0.3106818885755432,280.9523809523809,67.58487654320987,1.0700918239716266,92.49999999999936,50.00301994706562,2021-04-28 10:51:40
84.01978417266187,1.34511104169392,44.26,0.7843137254901966,-0.07058823529411727,2.1599999999999997,3.0000000000036664,0.31255514902238646,280.9523809523809,68.16247795414463,1.0700918239716266,92.99999999999997,50.315575096088004,2021-04-28 10:51:50
83.98381294964028,1.34511104169392,45.36,0.7215686274509809,-0.07058823529411727,2.1599999999999997,0.0,0.0,279.7619047619047,68.42999592999594,1.0700918239716266,92.99999999999997,50.315575096088004,2021-04-28 10:52:00
83.9568345323741,1.34511104169392,45.045,0.729411764705883,-0.05882352941176435,2.0100000000000002,2.9999999999982947,0.31583305792161703,278.17460317460313,68.47680097680099,1.0700918239716266,93.49999999999969,50.63140815400962,2021-04-28 10:52:10
83.9568345323741,1.34511104169392,44.73,0.7686274509803928,-0.04705882352941144,1.8599999999999999,2.99999999999838,0.31583305792162597,276.58730158730157,68.17155067155068,1.0700918239716266,93.99999999999942,50.94724121193124,2021-04-28 10:52:20
83.9568345323741,1.34511104169392,45.15,0.8313725490196084,-0.04705882352941144,1.8599999999999999,0.0,0.0,276.19047619047615,68.29228243021348,1.0700918239716266,93.99999999999942,50.94724121193124,2021-04-28 10:52:30
83.9568345323741,1.34511104169392,44.68,0.9411764705882358,-0.04705882352941144,2.0100000000000002,3.0000000000036664,0.3158330579221825,276.58730158730157,68.53135507076394,1.0700918239716266,94.50000000000003,51.263074269853426,2021-04-28 10:52:40
83.9568345323741,1.34511104169392,44.21,1.0823529411764712,-0.04705882352941144,2.1599999999999997,2.9999999999982947,0.31583305792161703,278.17460317460313,68.69946829306436,1.0700918239716266,94.99999999999974,51.57890732777504,2021-04-28 10:52:50
83.9568345323741,1.34511104169392,44.94,1.2705882352941185,-0.04705882352941144,2.1599999999999997,0.0,0.0,278.57142857142856,68.84608843537416,1.20385330196808,94.99999999999974,51.57890732777504,2021-04-28 10:53:00
83.9658273381295,1.34511104169392,45.2,1.4588235294117657,-0.023529411764705563,1.8599999999999999,0.0,0.0,278.57142857142856,68.08766233766234,1.0700918239716266,94.99999999999974,51.57890732777504,2021-04-28 10:53:10
84.00179856115108,1.34511104169392,45.05,1.6313725490196087,3.219646771412954e-16,1.8599999999999999,6.000000000002046,0.6269834661868328,278.57142857142856,67.22943722943722,1.0700918239716266,96.00000000000009,52.20589079396188,2021-04-28 10:53:20
84.03776978417267,1.34511104169392,45.98,1.75686274509804,3.219646771412954e-16,1.8599999999999999,0.0,0.0,278.57142857142856,66.96969696969697,1.20385330196808,96.00000000000009,52.20589079396188,2021-04-28 10:53:30
84.06474820143885,1.34511104169392,45.32333333333333,1.7882352941176478,0.01176470588235326,1.8599999999999999,1.9999999999971578,0.20680903620070648,279.7619047619047,67.02380952380953,1.0700918239716266,96.33333333333294,52.41269983016259,2021-04-28 10:53:40
84.06474820143885,1.34511104169392,44.666666666666664,1.7019607843137263,0.0235294117647062,1.8599999999999999,2.0000000000024443,0.20680903620125313,281.34920634920627,67.34126984126985,1.0700918239716266,96.66666666666669,52.61950886636384,2021-04-28 10:53:50
84.06474820143885,1.34511104169392,44.01,1.3293112116641537,0.019607843137255228,1.8599999999999999,1.9999999999970726,0.20680903620069768,282.93650793650795,68.13492063492065,1.0700918239716266,96.99999999999953,52.82631790256453,2021-04-28 10:54:00
84.06474820143885,1.34511104169392,45.15,0.8740070387129217,0.003921568627451331,1.8599999999999999,6.000000000001961,0.6204271086032039,283.3333333333333,68.42380952380952,0.9363303459751734,97.99999999999986,53.446745011167735,2021-04-28 10:54:10
84.06474820143885,1.34511104169392,44.915,0.6702865761689298,-0.01176470588235257,1.8599999999999999,0.0,0.0,283.3333333333333,68.51428571428572,1.20385330196808,97.99999999999986,53.446745011167735,2021-04-28 10:54:20
84.02428057553956,1.34511104169392,44.68,0.567082590612003,-0.03137254901960746,1.8599999999999999,0.0,0.0,283.3333333333333,68.51428571428572,1.0700918239716266,97.99999999999986,53.446745011167735,2021-04-28 10:54:30
84.01079136690647,1.34511104169392,44.37,0.5138443256090321,-0.06274509803921532,1.8599999999999999,0.0,0.0,283.3333333333333,68.9,1.0700918239716266,97.99999999999986,53.446745011167735,2021-04-28 10:54:40
84.00179856115108,1.34511104169392,44.42,0.6391218688432316,-0.08235294117647024,1.8599999999999999,5.99999999999676,0.6269834661862803,282.93650793650795,69.28571428571429,1.0700918239716266,98.99999999999932,54.07372847735402,2021-04-28 10:54:50
83.9658273381295,1.34511104169392,45.31,0.7971104231166157,-0.0901960784313722,2.1599999999999997,0.0,0.0,281.34920634920627,69.28571428571429,1.20385330196808,98.99999999999932,54.07372847735402,2021-04-28 10:55:00
83.9568345323741,1.34511104169392,45.18,0.8747162022703825,-0.07450980392156825,2.1599999999999997,2.9999999999982947,0.31583305792161703,280.9523809523809,69.16666666666667,1.0700918239716266,99.49999999999903,54.38956153527563,2021-04-28 10:55:10
83.9658273381295,1.34511104169392,45.05,0.9176470588235299,-0.07058823529411727,2.1599999999999997,3.0000000000036664,0.3153648084711727,280.9523809523809,69.0995115995116,1.0700918239716266,99.99999999999964,54.704926343746806,2021-04-28 10:55:20
84.00179856115108,1.34511104169392,44.52,0.9254901960784319,-0.07450980392156825,1.8599999999999999,0.0,0.0,280.9523809523809,69.30708180708181,1.20385330196808,99.99999999999964,54.704926343746806,2021-04-28 10:55:30
84.01079136690647,1.34511104169392,45.35,0.8627450980392162,-0.0901960784313722,2.1599999999999997,0.0,0.0,282.1428571428571,69.56043956043956,1.0700918239716266,99.99999999999964,54.704926343746806,2021-04-28 10:55:40
84.01079136690647,1.34511104169392,45.63,0.5777777777777784,-0.0941176470588232,1.8599999999999999,6.000000000001961,0.6260468898267196,283.3333333333333,69.76190476190477,0.9363303459751734,100.99999999999997,55.33097323357352,2021-04-28 10:55:50
84.01079136690647,1.33371183593419,45.5,0.2720199190787433,-0.09803921568627419,2.16,0.0,0.0,283.3333333333333,69.76190476190477,1.1936511914595058,100.99999999999997,55.33097323357352,2021-04-28 10:56:00
84.01079136690647,1.34511104169392,45.37,0.12611266728913856,-0.11372549019607814,2.46,0.0,0.0,230.20833333333331,70.03174603174604,1.0700918239716266,100.99999999999997,55.33097323357352,2021-04-28 10:56:10
84.00179856115108,1.34511104169392,45.25,-0.08851540616246426,-0.11764705882352912,2.46,5.99999999999676,0.6269834661862803,168.7198359073359,69.66836734693877,1.0700918239716266,101.99999999999943,55.957956699759805,2021-04-28 10:56:20
83.9658273381295,0.9746355542143599,42.6,-0.2974789915966378,-0.11764705882352912,0.0,0.0,0.0,128.88813182930826,67.10884353741497,0.6784427585457989,101.99999999999943,55.957956699759805,2021-04-28 10:56:30
83.9568345323741,0.6041600667348,41.845,-0.4745098039215678,-0.1176470588235291,0.0,0.0,0.0,69.92328462916694,64.46938775510205,0.30039655079744637,101.99999999999943,55.957956699759805,2021-04-28 10:56:40
83.9568345323741,0.58136154165304,41.09,-0.5843137254901956,-0.11764705882352902,0.0,0.0,0.0,43.17545199898139,61.935483870967744,0.34687297918785104,101.99999999999943,55.957956699759805,2021-04-28 10:56:50
83.9568345323741,0.14534038541326,40.42,-1.1058823529411759,-0.117647058823529,0.0,0.0,0.0,36.01953601953599,59.82380821090499,0.13007736719544413,101.99999999999943,55.957956699759805,2021-04-28 10:58:30
83.9568345323741,0.29068077082652,39.040000000000006,-1.44313725490196,-0.117647058823529,0.0,0.0,0.0,42.368742368742346,61.14669082411018,0.26015473439088826,101.99999999999943,55.957956699759805,2021-04-28 10:58:40
83.9568345323741,0.43602115623978,38.365,-1.3786492374727664,-0.117647058823529,0.0,0.0,0.0,46.86979686979684,62.51741722329958,0.3902321015863324,101.99999999999943,55.957956699759805,2021-04-28 10:58:50
83.9568345323741,0.58136154165304,20.3775,-1.3089324618736378,-0.117647058823529,0.6,0.0,0.0,52.99422799422797,63.863990040460635,0.5203094687817765,101.99999999999943,55.957956699759805,2021-04-28 10:59:00
83.98381294964028,0.5366414230643446,2.39,-1.0457516339869275,-0.0941176470588232,1.2,0.0,0.0,65.83694083694083,65.09025832555245,0.48028566349087065,101.99999999999943,55.957956699759805,2021-04-28 10:59:10
84.01079136690647,0.49192130447564925,3.0675,-0.7764705882352934,-0.0705882352941174,1.6800000000000002,0.0,0.0,69.04761904761904,65.5810657596372,0.3913438739555243,101.99999999999943,55.957956699759805,2021-04-28 10:59:20
84.01079136690647,0.44720118588695384,3.745,-0.6823529411764698,-0.0705882352941174,2.16,0.0,0.0,63.25396825396824,65.7794784580499,0.35576715814138565,101.99999999999943,55.957956699759805,2021-04-28 10:59:30
84.01079136690647,0.4024810672982585,-0.835,-0.5882352941176464,-0.0705882352941174,2.46,0.0,0.0,40.07936507936505,65.83616780045352,0.3201904423272472,101.99999999999943,55.957956699759805,2021-04-28 10:59:40
84.00179856115108,0.3577609487095631,-4.543333333333334,-0.5254901960784308,-0.07450980392156836,2.26,0.0,0.0,38.57142857142854,65.77380952380952,0.21346029488483143,101.99999999999943,55.957956699759805,2021-04-28 10:59:50
83.9658273381295,0.31304083012086764,-4.37,-0.5568627450980387,-0.09019607843137223,2.31,0.0,0.0,40.73129251700678,64.89071980143409,0.12451850534948497,101.99999999999943,55.957956699759805,2021-04-28 11:00:00
83.9568345323741,0.2683207115321723,-0.27,-0.5647058823529406,-0.0941176470588232,2.76,0.0,0.0,32.79478458049884,61.79843108414538,0.10673014744241571,101.99999999999943,55.957956699759805,2021-04-28 11:00:10
83.9568345323741,0.22360059294347692,2.705,-0.5647058823529406,-0.0941176470588232,0.0,0.0,0.0,26.558956916099746,59.10798553655697,0.022235447383836603,101.99999999999943,55.957956699759805,2021-04-28 11:00:20
83.9568345323741,0.17888047435478155,1.92,-0.5647058823529406,-0.0941176470588232,0.0,0.0,0.0,13.29365079365077,57.43197278911565,0.017788357907069282,101.99999999999943,55.957956699759805,2021-04-28 11:00:30
83.9568345323741,0.13416035576608618,1.92,-0.6352941176470581,-0.0941176470588232,0.0,0.0,0.0,1.4361300075585584,56.2202380952381,0.013341268430301966,101.99999999999943,55.957956699759805,2021-04-28 11:00:40
83.9568345323741,0.08944023717739075,1.95,-0.7058823529411757,-0.0941176470588232,0.0,0.0,0.0,0.8314436885865217,55.38690476190476,0.00889417895353464,101.99999999999943,55.957956699759805,2021-04-28 11:00:50
83.9568345323741,0.04472011858869532,1.875,-0.7058823529411757,-0.0941176470588232,0.0,0.0,0.0,3.9115646258503114,54.61309523809524,0.004447089476767314,101.99999999999943,55.957956699759805,2021-04-28 11:01:00
83.9568345323741,0.58136154165304,0.73,-1.9764705882352935,-0.117647058823529,0.0,0.0,0.0,40.873015873015845,61.54664191257899,0.23124865279190066,101.99999999999943,55.957956699759805,2021-04-28 11:31:20
83.9568345323741,0.58706117292348,1.09,-1.9137254901960778,-0.117647058823529,0.0,0.0,0.0,47.88359788359786,63.89433551198257,0.1751368498150611,101.99999999999943,55.957956699759805,2021-04-28 11:31:30
83.9568345323741,0.5927608041939201,1.09,-1.850980392156862,-0.117647058823529,0.0,0.0,0.0,64.81481481481481,65.8582321817616,0.1768372100361967,101.99999999999943,55.957956699759805,2021-04-28 11:31:40
83.9568345323741,0.58136154165304,1.09,-1.835294117647058,-0.117647058823529,0.0,0.0,0.0,69.04761904761904,66.05820105820106,0.23124865279190066,101.99999999999943,55.957956699759805,2021-04-28 11:31:50
83.9568345323741,0.5927608041939201,1.09,-1.835294117647058,-0.117647058823529,0.0,0.0,0.0,70.23809523809523,65.3615520282187,0.11789147335746446,101.99999999999943,55.957956699759805,2021-04-28 11:32:00
83.9568345323741,0.5927608041939201,0.94,-1.835294117647058,-0.117647058823529,0.0,0.0,0.0,71.42857142857142,64.76190476190476,0.23578294671492891,101.99999999999943,55.957956699759805,2021-04-28 11:32:10
83.9568345323741,0.5927608041939201,0.94,-1.835294117647058,-0.117647058823529,0.0,0.0,0.0,71.42857142857142,64.76190476190476,0.23578294671492891,101.99999999999943,55.957956699759805,2021-04-28 11:32:20
83.9568345323741,0.5927608041939201,1.05,-1.835294117647058,-0.117647058823529,0.0,0.0,0.0,62.3015873015873,65.03968253968253,0.23578294671492891,101.99999999999943,55.957956699759805,2021-04-28 11:32:30
83.9568345323741,0.5927608041939201,1.07,-1.835294117647058,-0.117647058823529,0.0,0.0,0.0,53.269085411942555,65.28659611992946,0.23578294671492891,101.99999999999943,55.957956699759805,2021-04-28 11:32:40
83.9568345323741,0.58136154165304,1.09,-1.835294117647058,-0.117647058823529,0.0,0.0,0.0,53.647014361300066,65.163139329806,0.2890608159898758,101.99999999999943,55.957956699759805,2021-04-28 11:32:50
83.9568345323741,0.58706117292348,1.09,-1.847058823529411,-0.117647058823529,0.0,0.0,0.0,61.39455782312925,64.94708994708995,0.5254105494451833,101.99999999999943,55.957956699759805,2021-04-28 11:33:00
83.9568345323741,0.5927608041939201,0.94,-1.88235294117647,-0.117647058823529,0.0,0.0,0.0,64.28571428571428,64.2063492063492,0.47156589342985783,101.99999999999943,55.957956699759805,2021-04-28 11:33:10
83.9568345323741,0.58136154165304,1.0150000000000001,-1.88235294117647,-0.117647058823529,0.0,0.0,0.0,45.23809523809521,61.98412698412699,0.23124865279190066,101.99999999999943,55.957956699759805,2021-04-28 11:33:20
83.9568345323741,0.3875743611020267,1.09,-1.905882352941176,-0.117647058823529,0.0,0.0,0.0,38.919413919413884,60.609243697479,0.07708288426396691,101.99999999999943,55.957956699759805,2021-04-28 11:33:30
83.9568345323741,0.19378718055101335,1.04,-1.9372549019607836,-0.117647058823529,0.0,0.0,0.0,33.119658119658084,59.59271362866134,0.019270721065991727,101.99999999999943,55.957956699759805,2021-04-28 11:33:40
83.9568345323741,0.58136154165304,0.83,-2.9411764705882346,-0.117647058823529,0.0,0.0,0.0,48.31834831834829,62.565223221905256,0.23124865279190066,101.99999999999943,55.957956699759805,2021-04-28 11:52:10
83.9568345323741,0.5927608041939201,0.88,-2.909803921568627,-0.117647058823529,0.0,0.0,0.0,59.63203463203462,64.37019969278035,0.1768372100361967,101.99999999999943,55.957956699759805,2021-04-28 11:52:20
83.9568345323741,0.5927608041939201,0.83,-2.8784313725490187,-0.117647058823529,0.0,0.0,0.0,66.49659863945577,65.63492063492063,0.1768372100361967,101.99999999999943,55.957956699759805,2021-04-28 11:52:30
83.9568345323741,0.5927608041939201,0.915,-2.8705882352941168,-0.117647058823529,0.0,0.0,0.0,56.29251700680271,65.31746031746033,0.11789147335746446,101.99999999999943,55.957956699759805,2021-04-28 11:52:40
83.9568345323741,0.5927608041939201,1.0,-2.847058823529411,-0.117647058823529,0.0,0.0,0.0,65.22108843537414,65.05952380952381,0.1768372100361967,101.99999999999943,55.957956699759805,2021-04-28 11:52:50
83.9568345323741,0.5927608041939201,0.99,-2.8156862745098032,-0.117647058823529,0.0,0.0,0.0,69.04761904761904,65.11904761904762,0.1768372100361967,101.99999999999943,55.957956699759805,2021-04-28 11:53:00
83.9568345323741,0.58706117292348,0.98,-2.784313725490195,-0.117647058823529,0.0,0.0,0.0,69.04761904761904,65.19841269841271,0.1751368498150611,101.99999999999943,55.957956699759805,2021-04-28 11:53:10
83.9568345323741,0.58136154165304,0.88,-2.776470588235293,-0.117647058823529,0.0,0.0,0.0,69.04761904761904,65.03968253968253,0.057812163197975164,101.99999999999943,55.957956699759805,2021-04-28 11:53:20
83.9568345323741,0.5927608041939201,0.9099999999999999,-2.7607843137254893,-0.117647058823529,0.0,0.0,0.0,69.04761904761904,64.28571428571428,0.1768372100361967,101.99999999999943,55.957956699759805,2021-04-28 11:53:30
83.9568345323741,0.58136154165304,0.94,-2.698039215686274,-0.117647058823529,0.0,0.0,0.0,66.49659863945577,63.492063492063494,0.11562432639595033,101.99999999999943,55.957956699759805,2021-04-28 11:53:40
83.9568345323741,0.5927608041939201,1.09,-2.68235294117647,-0.117647058823529,0.0,0.0,0.0,56.29251700680271,63.17460317460318,0.05894573667873223,101.99999999999943,55.957956699759805,2021-04-28 11:53:50
83.9568345323741,0.5927608041939201,1.05,-2.68235294117647,-0.117647058823529,0.0,0.0,0.0,53.27767470624612,63.0952380952381,0.05894573667873223,101.99999999999943,55.957956699759805,2021-04-28 11:54:00
83.9568345323741,0.5927608041939201,1.2,-2.68235294117647,-0.117647058823529,0.0,0.0,0.0,51.94805194805191,62.96524356869185,0.05894573667873223,101.99999999999943,55.957956699759805,2021-04-28 11:54:10
83.9568345323741,0.5927608041939201,1.2,-2.658823529411764,-0.117647058823529,0.0,0.0,0.0,48.484848484848456,62.44526546250685,0.05894573667873223,101.99999999999943,55.957956699759805,2021-04-28 11:54:20
83.9568345323741,0.5927608041939201,1.2,-2.650980392156862,-0.117647058823529,0.0,0.0,0.0,43.77289377289374,61.83351872450872,0.11789147335746446,101.99999999999943,55.957956699759805,2021-04-28 11:54:30
84.01978417266187,0.56996227911216,0.94,-3.3725490196078427,-0.117647058823529,0.0,0.0,0.0,36.446886446886424,59.447715166806844,0.056678589717218134,101.99999999999943,55.957956699759805,2021-04-28 12:16:00
84.05575539568345,0.5756619103826001,1.25,-3.3098039215686272,-0.117647058823529,0.0,0.0,0.0,42.63038548752832,61.02985137467897,0.05724537645759665,101.99999999999943,55.957956699759805,2021-04-28 12:16:10
84.03776978417267,0.58136154165304,1.17,-3.2941176470588234,-0.117647058823529,0.0,0.0,0.0,60.770975056689316,60.879962948928465,0.057812163197975164,101.99999999999943,55.957956699759805,2021-04-28 12:16:20
84.01079136690647,0.58706117292348,1.09,-3.2862745098039214,-0.117647058823529,0.0,0.0,0.0,57.176870748299294,59.83344780219781,0.1167578998767074,101.99999999999943,55.957956699759805,2021-04-28 12:16:30
84.01079136690647,0.5927608041939201,1.175,-3.254901960784313,-0.117647058823529,0.0,0.0,0.0,45.63492063492061,58.57853835978837,0.05894573667873223,101.99999999999943,55.957956699759805,2021-04-28 12:16:40
83.98381294964028,0.58136154165304,1.26,-3.247058823529411,-0.117647058823529,0.0,0.0,0.0,31.984126984126966,57.59507275132276,0.057812163197975164,101.99999999999943,55.957956699759805,2021-04-28 12:16:50
83.9568345323741,0.58136154165304,1.14,-3.3647058823529408,-0.13725490196078383,0.0,0.0,0.0,121.16174055829227,60.7561435426884,0.057812163197975164,101.99999999999943,55.957956699759805,2021-04-28 12:31:00
83.9568345323741,0.59846040518108,0.94,-3.270588235294117,-0.12156862745097996,0.0,0.0,0.0,134.25234387414588,61.07993197278912,0.059512520407659524,101.99999999999943,55.957956699759805,2021-04-28 12:31:10
83.9568345323741,0.61555926870912,1.67,-3.1529411764705877,-0.117647058823529,0.0,0.0,0.0,146.19982635410406,61.01473922902494,0.061212877617343876,101.99999999999943,55.957956699759805,2021-04-28 12:31:20
83.9568345323741,0.56996227911216,1.25,-2.51590413943355,-0.11372549019607803,0.0,0.0,0.0,180.46149736191808,62.21655328798187,0.056678589717218134,101.99999999999943,55.957956699759805,2021-04-28 12:31:30
83.9568345323741,0.5927608041939201,1.14,-0.34422657952069646,-0.09803921568627416,0.0,0.0,0.0,222.91462351530998,61.87925170068028,0.05894573667873223,101.99999999999943,55.957956699759805,2021-04-28 12:31:40
83.9568345323741,0.61555926870912,1.72,0.8518122400475349,-0.07647058823529376,0.0,0.0,0.0,256.33921760924045,62.78911564625851,0.061212877617343876,101.99999999999943,55.957956699759805,2021-04-28 12:31:50
83.98381294964028,1.49330126924027,2.13,1.5351388649301367,-0.058823529411764316,0.0,0.0,0.0,278.99536626244696,63.911564625850346,0.8909874888069373,101.99999999999943,55.957956699759805,2021-04-28 12:32:00
84.00179856115108,1.49330126924027,51.49,1.855534471853258,-0.04705882352941137,1.8599999999999999,0.0,0.0,281.105195701469,63.911564625850346,1.0394854036080936,101.99999999999943,55.957956699759805,2021-04-28 12:32:10
83.9658273381295,1.28811478955608,47.69,1.274636306135358,-0.04705882352941137,2.1599999999999997,0.0,0.0,267.00680272108843,64.33673469387756,0.8966553163089938,101.99999999999943,55.957956699759805,2021-04-28 12:32:20
83.9568345323741,1.27671558758176,46.805,0.8088235294117654,-0.07058823529411729,2.1599999999999997,0.0,0.0,246.329365079365,64.76190476190476,1.1426404424194432,101.99999999999943,55.957956699759805,2021-04-28 12:32:30
83.943345323741,1.28811478955608,45.92,0.40032679738562155,-0.09803921568627419,2.1599999999999997,0.0,0.0,222.12301587301585,64.76190476190477,1.1528425495401349,101.99999999999943,55.957956699759805,2021-04-28 12:32:40
83.90287769784172,1.27671558758176,45.31,0.04869281045751704,-0.11372549019607814,1.8599999999999999,0.0,0.0,235.41666666666663,64.56190476190477,1.0156803932617273,101.99999999999943,55.957956699759805,2021-04-28 12:32:50
83.90287769784172,1.27671558758176,45.72,-0.07002801120448107,-0.11764705882352912,2.1599999999999997,0.0,0.0,254.76190476190473,64.45502645502646,1.0156803932617273,101.99999999999943,55.957956699759805,2021-04-28 12:33:00
83.84892086330935,1.27671558758176,45.57,-0.08886015944839401,-0.11764705882352912,2.1599999999999997,0.0,0.0,254.76190476190473,64.82751322751324,0.8887203441040115,101.99999999999943,55.957956699759805,2021-04-28 12:33:10
83.79496402877697,1.27671558758176,45.51,-0.040939452704157824,-0.11764705882352912,2.1599999999999997,0.0,0.0,254.7619047619047,65.11746031746031,0.5078401966308637,101.99999999999943,55.957956699759805,2021-04-28 12:33:20
83.79496402877697,1.27671558758176,46.03,0.009049773755656848,-0.12941176470588206,2.1599999999999997,0.0,0.0,254.3650793650793,65.3913043478261,0.12696004915771592,101.99999999999943,55.957956699759805,2021-04-28 12:33:30
83.79496402877697,1.28811478955608,45.19,0.04645550527903538,-0.14117647058823496,2.1599999999999997,6.000000000001961,0.6485204128251002,252.77777777777771,65.69937888198757,0.12809361661557053,102.99999999999976,56.606477112584905,2021-04-28 12:33:40
83.80395683453237,1.27671558758176,45.25,0.044042232277527044,-0.14117647058823496,2.1599999999999997,0.0,0.0,249.99999999999994,65.98343685300208,0.25392009831543183,102.99999999999976,56.606477112584905,2021-04-28 12:33:50
83.83992805755395,1.27671558758176,43.85,0.18936651583710468,-0.14117647058823496,2.1599999999999997,0.0,0.0,247.61904761904756,66.37272192827749,0.12696004915771592,102.99999999999976,56.606477112584905,2021-04-28 12:34:00
83.84892086330935,1.27671558758176,44.42,0.4044117647058829,-0.14117647058823496,2.1599999999999997,6.000000000001961,0.6429028823256246,247.61904761904756,67.10170487948265,0.12696004915771592,104.00000000000009,57.24937999491053,2021-04-28 12:34:10
83.85791366906474,1.27671558758176,43.28,0.6509803921568633,-0.137254901960784,2.1599999999999997,0.0,0.0,248.80952380952374,67.64991181657848,0.12696004915771592,104.00000000000009,57.24937999491053,2021-04-28 12:34:20
83.89388489208632,1.27671558758176,43.28,0.8078431372549026,-0.1215686274509801,2.1599999999999997,5.99999999999676,0.6382211711622698,249.60317460317455,68.02910052910053,0.12696004915771592,104.99999999999955,57.8876011660728,2021-04-28 12:34:30
83.90287769784172,1.28811478955608,44.01,0.941176470588236,-0.11764705882352912,2.1599999999999997,0.0,0.0,248.01587301587296,68.08201058201058,0.12809361661557053,104.99999999999955,57.8876011660728,2021-04-28 12:34:40
83.91187050359711,1.27671558758176,44.26,1.0588235294117654,-0.11764705882352912,1.8599999999999999,0.0,0.0,247.61904761904756,68.50732600732601,0.12696004915771592,104.99999999999955,57.8876011660728,2021-04-28 12:34:50
83.9478417266187,1.27671558758176,44.79,1.152941176470589,-0.11764705882352912,2.46,6.000000000001961,0.6326025991849891,247.61904761904756,69.0995115995116,0.25392009831543183,105.99999999999987,58.52020376525779,2021-04-28 12:35:00
83.98381294964028,1.27671558758176,44.37,1.1764705882352948,-0.11764705882352912,2.46,0.0,0.0,247.61904761904756,69.81990231990233,0.12696004915771592,105.99999999999987,58.52020376525779,2021-04-28 12:35:10
84.01978417266187,1.28811478955608,47.54,1.160784313725491,-0.11372549019607814,2.46,0.0,0.0,249.40476190476184,70.0,0.12809361661557053,105.99999999999987,58.52020376525779,2021-04-28 12:35:20
84.05575539568345,1.28811478955608,48.47,1.098039215686275,-0.09803921568627419,2.1599999999999997,5.999999999996675,0.6213637771510775,248.80952380952374,70.0,0.12809361661557053,106.99999999999932,59.141567542408865,2021-04-28 12:35:30
84.09172661870502,1.27671558758176,47.75,1.0352941176470596,-0.0941176470588232,2.46,0.0,0.0,247.61904761904756,70.36281179138322,0.12696004915771592,106.99999999999932,59.141567542408865,2021-04-28 12:35:40
84.12769784172662,1.27671558758176,49.1,0.9725490196078437,-0.08627450980392122,2.1599999999999997,6.000000000002046,0.61387000210557,247.61904761904756,71.8140589569161,0.12696004915771592,107.99999999999966,59.755437544514436,2021-04-28 12:35:50
84.16366906474819,1.28811478955608,49.36,0.909803921568628,-0.054901960784313336,2.46,0.0,0.0,247.61904761904756,72.94557823129253,0.12809361661557053,107.99999999999966,59.755437544514436,2021-04-28 12:36:00
84.19964028776978,1.2824151885689201,49.05,0.9411764705882358,-0.04705882352941137,2.46,0.0,0.0,247.61904761904756,73.7953514739229,0.12752683288664324,107.99999999999966,59.755437544514436,2021-04-28 12:36:10
84.24460431654677,1.27671558758176,48.49,0.9960784313725497,-0.043137254901960395,2.46,6.000000000001961,0.6016905586946821,247.61904761904756,74.11961451247166,0.12696004915771592,108.99999999999999,60.35712810320912,2021-04-28 12:36:20
84.31654676258992,1.28811478955608,48.43,1.0274509803921574,-0.02745098039215651,2.1599999999999997,0.0,0.0,247.61904761904756,73.48481985386746,0.12809361661557053,108.99999999999999,60.35712810320912,2021-04-28 12:36:30
84.3615107913669,1.27671558758176,45.46,1.0352941176470594,-0.04117647058823491,2.1599999999999997,5.999999999996675,0.5895086102995445,248.01587301587296,72.9449469951262,0.12696004915771592,109.99999999999943,60.94663671350867,2021-04-28 12:36:40
84.39748201438849,1.27671558758176,45.18333333333334,1.0352941176470594,-0.04705882352941137,2.2600000000000002,2.0000000000024443,0.1952532741246831,249.60317460317455,73.64889723312662,0.12696004915771592,110.33333333333317,61.14188998763335,2021-04-28 12:36:50
84.43345323741006,1.2824151885689201,44.906666666666666,1.0352941176470594,-0.04705882352941137,2.36,1.9999999999971578,0.19400360118894103,249.99999999999994,74.2476072314782,0.12752683288664324,110.66666666666603,61.33589358882229,2021-04-28 12:37:00
84.49640287769785,1.28811478955608,44.63,1.0352941176470594,-0.04705882352941137,2.46,2.0000000000024443,0.19181648985003924,249.99999999999994,74.52686202686203,0.12809361661557053,110.99999999999977,61.52771007867233,2021-04-28 12:37:10
84.568345323741,1.2824151885689201,44.63,1.0352941176470594,-0.04705882352941137,2.46,2.9999999999982947,0.28397497600213306,249.99999999999994,73.95299145299145,0.12752683288664324,111.49999999999949,61.81168505467446,2021-04-28 12:37:20
84.64028776978418,1.27671558758176,44.63,1.0196078431372553,-0.043137254901960395,2.46,3.0000000000036664,0.28022476951161024,249.99999999999994,73.41269841269842,0.12696004915771592,112.0000000000001,62.091909824186075,2021-04-28 12:37:30
84.71223021582733,1.2824151885689201,45.15,0.9568627450980398,-0.02745098039215651,3.0599999999999996,0.0,0.0,255.49886621315187,72.9924704924705,0.12752683288664324,112.0000000000001,62.091909824186075,2021-04-28 12:37:40
84.7751798561151,1.28811478955608,45.099999999999994,0.8705882352941182,-0.02352941176470553,2.91,2.99999999999838,0.2731919461838825,277.4943310657596,72.8988603988604,0.12809361661557053,112.49999999999983,62.36510177036996,2021-04-28 12:37:50
84.81115107913669,1.28811478955608,45.05,0.8078431372549025,-0.019607843137254555,2.76,2.9999999999982947,0.27131626928174435,291.9375157470395,73.0769230769231,0.12809361661557053,112.99999999999955,62.63641803965171,2021-04-28 12:38:00
84.93705035971223,1.28811478955608,45.15,0.8392156862745104,-0.0039215686274506525,2.61,3.0000000000036664,0.26475056282280274,303.5126396237507,73.36691086691087,0.12809361661557053,113.50000000000016,62.90116860247451,2021-04-28 12:38:10
85.0689448441247,1.57309592911216,45.25,0.8705882352941181,0.01176470588235326,2.46,2.99999999999838,0.2578708331414182,314.03586125808346,73.72100122100122,0.3128658229483592,113.99999999999989,63.15903943561593,2021-04-28 12:38:20
85.128896882494,1.53889820205608,45.05,0.8862745098039221,0.0235294117647062,3.0599999999999996,0.0,0.0,336.90476190476187,74.16666666666667,0.4590965911644327,113.99999999999989,63.15903943561593,2021-04-28 12:38:30
85.24409044193217,1.55029740781581,44.73,0.8549019607843142,0.0235294117647062,2.76,5.999999999996589,0.4974659644727053,358.9285714285714,74.52380952380953,0.30833152977819384,114.99999999999932,63.65650540008863,2021-04-28 12:38:40
85.35714285714286,1.55029740781581,45.36,0.7294117647058829,0.0235294117647062,2.76,0.0,0.0,364.2857142857142,74.70238095238096,0.30833152977819384,114.99999999999932,63.65650540008863,2021-04-28 12:38:50
85.40853031860226,1.55029740781581,45.33,0.5798319327731097,0.0235294117647062,3.0599999999999996,6.000000000002046,0.480303125173368,364.2857142857142,75.41666666666667,0.30833152977819384,115.99999999999966,64.136808525262,2021-04-28 12:39:00
85.43101233299075,1.55029740781581,45.31,0.5353874883286653,0.0235294117647062,2.76,0.0,0.0,364.2857142857142,75.68121693121694,0.46249729466729084,115.99999999999966,64.136808525262,2021-04-28 12:39:10
85.45593525179856,1.55029740781581,45.165,0.7408029878618121,0.0235294117647062,2.76,4.5000000000001705,0.356515994644758,364.2857142857142,75.55996472663139,0.30833152977819384,116.74999999999969,64.49332451990675,2021-04-28 12:39:20
85.51708633093526,1.55029740781581,45.019999999999996,0.8666666666666671,0.011764705882353272,2.76,4.5000000000001705,0.35172809460882615,364.2857142857142,74.7310405643739,0.46249729466729084,117.49999999999972,64.84505261451558,2021-04-28 12:39:30
85.56744604316546,1.53889820205608,45.19,0.9333333333333338,-0.003921568627450628,2.91,1.4999999999965041,0.11592827234315706,364.2857142857142,74.52380952380953,0.3060643941096218,117.74999999999913,64.96098088685874,2021-04-28 12:39:40
85.58902877697841,1.55029740781581,45.36,0.901960784313726,-0.019607843137254524,3.0599999999999996,1.5000000000017906,0.11536491949988767,364.2857142857142,74.52380952380953,0.15416576488909692,117.99999999999943,65.07634580635862,2021-04-28 12:39:50
85.53507194244605,1.55029740781581,46.55,1.0117647058823536,-0.035294117647058455,3.36,6.000000000002046,0.46709308296354,364.2857142857142,74.52380952380953,0.15416576488909692,118.99999999999977,65.54343888932216,2021-04-28 12:40:00
85.62050359712231,1.53889820205608,45.66,1.121568627450981,-0.058823529411764365,3.0599999999999996,0.0,0.0,364.2857142857142,74.4047619047619,0.1530321970548109,118.99999999999977,65.54343888932216,2021-04-28 12:40:10
85.71942446043165,1.55029740781581,45.36,1.0901960784313731,-0.10588235294117615,3.66,6.000000000002046,0.44784393619371476,364.2857142857142,74.24603174603175,0.15416576488909692,120.00000000000011,65.99128282551588,2021-04-28 12:40:20
85.71942446043165,1.55029740781581,45.2,1.0823529411764712,-0.1176470588235291,3.36,0.0,0.0,364.2857142857142,74.0873015873016,0.15416576488909692,120.00000000000011,65.99128282551588,2021-04-28 12:40:30
85.67985611510792,1.53889820205608,45.36,1.0588235294117654,-0.1176470588235291,3.36,5.999999999996589,0.4519758579480499,365.4761904761904,74.20476190476191,0.3060643941096218,120.99999999999955,66.44325868346394,2021-04-28 12:40:40
85.60251798561151,1.55029740781581,45.15,0.9647058823529417,-0.11764705882352912,3.66,6.000000000002046,0.46005126261865986,368.2539682539682,74.52557319223988,0.15416576488909692,121.99999999999989,66.9033099460826,2021-04-28 12:40:50
85.45143884892087,1.55029740781581,44.94,0.9411764705882358,-0.11764705882352912,3.66,0.0,0.0,374.6031746031746,75.18024691358025,0.15416576488909692,121.99999999999989,66.9033099460826,2021-04-28 12:41:00
85.38669064748203,1.53889820205608,44.84,0.9333333333333339,-0.11764705882352912,3.66,5.999999999996675,0.48258279566934026,393.6507936507936,75.55555555555557,0.1530321970548109,122.99999999999933,67.38589274175195,2021-04-28 12:41:10
85.35971223021583,1.53889820205608,44.73,0.9019607843137261,-0.11764705882352912,3.66,6.000000000001961,0.4853987623841723,412.64753764753766,75.70953737620405,0.1530321970548109,123.99999999999966,67.87129150413612,2021-04-28 12:41:20
85.35971223021583,1.53889820205608,45.09,0.8941176470588241,-0.11764705882352912,3.96,0.0,0.0,418.79324379324373,75.47890381223715,0.1530321970548109,123.99999999999966,67.87129150413612,2021-04-28 12:41:30
85.33273381294964,1.7668832068220302,45.36,0.91764705882353,-0.12941176470588206,3.96,6.000000000002046,0.4882146214802366,434.99476713762425,75.27676027676029,0.35140728440382135,125.0,68.35950612561636,2021-04-28 12:41:40
85.30575539568345,1.7668832068220302,45.77,0.9803921568627457,-0.14117647058823496,3.96,5.999999999996675,0.4910303723331974,452.891156462585,75.09889140841523,0.35140728440382135,125.99999999999945,68.85053649794956,2021-04-28 12:41:50
85.30575539568345,1.7554838875,45.57,1.1372549019607852,-0.14117647058823496,3.96,0.0,0.0,465.8163265306122,74.96535651297556,0.3491401261493652,125.99999999999945,68.85053649794956,2021-04-28 12:42:00
85.30575539568345,1.761183547161015,45.89,1.152941176470589,-0.14117647058823496,3.96,6.000000000001961,0.49103037233363006,469.047619047619,75.20408163265307,0.35027370527659324,126.99999999999977,69.34156687028319,2021-04-28 12:42:10
85.28776978417267,1.7668832068220302,46.71,1.113725490196079,-0.14117647058823496,4.26,6.000000000002046,0.4929074791261373,469.6428571428571,75.47619047619048,0.35140728440382135,128.0000000000001,69.83447434940932,2021-04-28 12:42:20
85.21582733812949,1.7554838875,45.88,1.0509803921568635,-0.14117647058823496,4.62,5.999999999996589,0.5004154187433483,471.82539682539675,75.55555555555556,0.3491401261493652,128.99999999999955,70.33488976815266,2021-04-28 12:42:30
85.17086330935251,1.7668832068220302,46.24,0.7861591695501735,-0.12941176470588206,4.62,0.0,0.0,473.4126984126983,75.87301587301587,0.35140728440382135,128.99999999999955,70.33488976815266,2021-04-28 12:42:40
85.12589928057554,1.7668832068220302,46.18,0.516870029745645,-0.11764705882352912,4.26,6.000000000002046,0.5097992324018593,473.80952380952374,76.30952380952381,0.35140728440382135,129.9999999999999,70.84468900055452,2021-04-28 12:42:50
85.05395683453237,1.7554838875,45.77,0.4362532629150737,-0.11764705882352912,4.92,5.99999999999676,0.5173053802118545,473.4126984126983,76.62698412698413,0.3491401261493652,130.99999999999935,71.36199438076638,2021-04-28 12:43:00
84.9820143884892,1.7668832068220302,45.57,0.5003095975232204,-0.10588235294117615,4.92,6.000000000001876,0.524810712432407,471.82539682539675,76.46825396825398,0.35140728440382135,131.99999999999966,71.88680509319879,2021-04-28 12:43:10
84.91906474820144,1.7668832068220302,45.05,0.5929824561403514,-0.0941176470588232,4.92,0.0,0.0,471.42857142857133,76.60714285714286,0.17570364220191068,131.99999999999966,71.88680509319879,2021-04-28 12:43:20
84.88309352517986,1.7668832068220302,45.45,0.6268317853457179,-0.0941176470588232,4.62,6.000000000002046,0.5351291907929869,471.0317460317459,76.90323565323567,0.17570364220191068,133.0,72.42193428399177,2021-04-28 12:43:30
84.87410071942446,1.7554838875,45.05,0.7647058823529418,-0.08235294117647024,4.92,5.99999999999676,0.5360671556458908,469.44444444444434,77.37332112332112,0.1745700630746826,133.99999999999946,72.95800143963767,2021-04-28 12:43:40
84.87410071942446,1.7668832068220302,45.31,0.8941176470588241,-0.07058823529411727,4.92,6.000000000001876,0.5360671556463479,469.047619047619,77.3962148962149,0.17570364220191068,134.99999999999977,73.49406859528402,2021-04-28 12:43:50
84.87410071942446,1.7554838875,45.0225,0.8941176470588241,-0.07058823529411727,5.069999999999999,4.500000000000341,0.40205036673466565,469.047619047619,77.42798353909465,0.1745700630746826,135.74999999999983,73.89611896201869,2021-04-28 12:44:00
84.87410071942446,1.7554838875,44.735,0.8941176470588241,-0.07058823529411727,5.22,4.5,0.4020503667346352,469.047619047619,77.93356848912404,0.1745700630746826,136.49999999999983,74.29816932875333,2021-04-28 12:44:10
84.87410071942446,1.7554838875,45.0225,0.8705882352941182,-0.07058823529411727,5.37,4.500000000000341,0.40205036673466565,467.8571428571428,78.19664902998237,0.1745700630746826,137.2499999999999,74.700219695488,2021-04-28 12:44:20
84.87410071942446,1.7668832068220302,45.31,0.8470588235294123,-0.07058823529411727,5.52,4.5,0.4020503667346352,466.2698412698412,78.16609977324265,0.17570364220191068,137.9999999999999,75.10227006222264,2021-04-28 12:44:30
84.87410071942446,1.7668832068220302,45.56,0.8470588235294123,-0.07058823529411727,5.52,5.99999999999676,0.5360671556458908,464.68253968253964,77.49716553287982,0.17570364220191068,138.99999999999935,75.63833721786854,2021-04-28 12:44:40
84.84712230215828,1.7668832068220302,44.97,0.8470588235294123,-0.05882352941176435,5.22,6.000000000002046,0.538880970879331,461.9047619047618,77.27302459445318,0.17570364220191068,139.9999999999997,76.17721818874787,2021-04-28 12:44:50
84.82913669064749,1.7668832068220302,45.01,0.8392156862745104,-0.04705882352941144,5.52,6.000000000001876,0.5407567813642734,459.52380952380946,77.45787545787547,0.17570364220191068,141.0,76.71797497011215,2021-04-28 12:45:00
84.86510791366906,1.7668832068220302,44.78,0.8078431372549025,-0.04705882352941144,6.119999999999999,5.99999999999676,0.5370051072934768,459.52380952380946,78.42490842490844,0.35140728440382135,141.99999999999946,77.25498007740563,2021-04-28 12:45:10
84.87410071942446,1.7554838875,44.754999999999995,0.8000000000000006,-0.03529411764705848,5.67,3.000000000003581,0.2680335778234101,454.7619047619047,78.97619047619048,0.1745700630746826,142.50000000000006,77.52301365522905,2021-04-28 12:45:20
84.88309352517986,1.7668832068220302,44.73,0.8000000000000006,-0.02352941176470553,5.22,2.9999999999984652,0.2675645953962653,449.6031746031746,79.52380952380952,0.17570364220191068,142.9999999999998,77.79057825062532,2021-04-28 12:45:30
84.91906474820144,1.7668832068220302,43.93,0.8000000000000006,-0.02352941176470553,6.119999999999999,5.999999999996589,0.5313771997832414,448.015873015873,80.47619047619047,0.17570364220191068,143.99999999999923,78.32195545040855,2021-04-28 12:45:40
85.00359712230215,1.7668832068220302,45.72,0.7126050420168073,-0.02352941176470553,6.119999999999999,12.000000000004093,1.0451183982149257,447.6190476190476,80.53571428571429,0.17570364220191068,145.99999999999991,79.36707384862348,2021-04-28 12:45:50
85.09352517985613,1.7668832068220302,46.55,0.6339495798319333,-0.02352941176470553,6.119999999999999,5.999999999996589,0.5131770990887728,448.80952380952374,80.35714285714286,0.17570364220191068,146.99999999999935,79.88025094771226,2021-04-28 12:46:00
85.15107913669064,1.7668832068220302,44.84,0.6689075630252106,-0.02352941176470553,5.52,0.0,0.0,449.99999999999994,80.23088023088023,0.35140728440382135,146.99999999999935,79.88025094771226,2021-04-28 12:46:10
85.181654676259,1.7668832068220302,45.36,0.7858823529411769,-0.011764705882352604,5.82,9.000000000000341,0.7559721216069295,449.99999999999994,80.20202020202021,0.17570364220191068,148.4999999999994,80.63622306931919,2021-04-28 12:46:20
85.1978417266187,1.7668832068220302,45.88,0.9176470588235299,0.011764705882353264,6.119999999999999,9.000000000000341,0.7534384212528094,449.99999999999994,80.41125541125541,0.17570364220191068,149.99999999999946,81.389661490572,2021-04-28 12:46:30
85.1978417266187,1.7668832068220302,45.565,0.9882352941176477,0.04705882352941208,6.119999999999999,6.000000000002046,0.5022922808353585,449.6031746031746,80.68181818181819,0.17570364220191068,150.9999999999998,81.89195377140736,2021-04-28 12:46:40
85.2248201438849,1.761183547161015,45.25,0.9882352941176477,0.04705882352941208,6.119999999999999,5.99999999999676,0.4994769691947391,448.0158730158729,80.89826839826839,0.17513685263829662,151.99999999999926,82.3914307406021,2021-04-28 12:46:50
85.28776978417267,1.7554838875,45.225,0.9882352941176477,0.04705882352941208,5.970000000000001,6.000000000001876,0.4929074791261233,447.61904761904754,80.95238095238095,0.1745700630746826,152.99999999999957,82.88433821972822,2021-04-28 12:47:00
85.431654676259,1.761183547161015,45.2,0.9960784313725497,0.04705882352941208,5.82,6.000000000002046,0.4778892803562672,448.0158730158729,80.9920634920635,0.17513685263829662,153.99999999999991,83.36222750008449,2021-04-28 12:47:10
85.46762589928058,1.7668832068220302,45.33,1.0274509803921574,0.04705882352941208,5.970000000000001,2.9999999999982947,0.23706712802972982,449.6031746031746,81.15079365079366,0.17570364220191068,154.49999999999963,83.59929462811422,2021-04-28 12:47:20
85.48561151079136,1.7668832068220302,45.46,1.0823529411764712,0.04705882352941208,6.119999999999999,2.9999999999984652,0.2361283368691037,451.19047619047615,80.5952380952381,0.17570364220191068,154.99999999999937,83.83542296498332,2021-04-28 12:47:30
85.55755395683454,1.761183547161015,44.63,1.160784313725491,0.0431372549019611,5.82,12.000000000003922,0.9294917618997888,452.7777777777777,80.07936507936509,0.17513685263829662,157.00000000000003,84.7649147268831,2021-04-28 12:47:40
85.57553956834532,1.7554838875,44.47,1.2862745098039223,0.02745098039215718,5.970000000000001,5.99999999999676,0.4628680678015485,454.3650793650793,80.39682539682539,0.1745700630746826,157.9999999999995,85.22778279468466,2021-04-28 12:47:50
85.6115107913669,1.761183547161015,44.31,1.3411764705882359,0.011764705882353272,6.119999999999999,6.000000000001876,0.45911230486036975,454.7619047619047,80.35714285714286,0.17513685263829662,158.9999999999998,85.68689509954503,2021-04-28 12:48:00
85.75539568345323,1.7668832068220302,44.78,1.3411764705882359,-0.003921568627450634,6.119999999999999,6.000000000002046,0.4440874582924719,454.7619047619047,80.35714285714286,0.17570364220191068,160.00000000000014,86.1309825578375,2021-04-28 12:48:10
85.818345323741,1.7668832068220302,45.25,1.2470588235294127,-0.019607843137254555,6.119999999999999,5.99999999999676,0.4375132016691964,454.7619047619047,80.83333333333333,0.17570364220191068,160.9999999999996,86.56849575950669,2021-04-28 12:48:20
85.84532374100719,1.7668832068220302,45.035,1.129411764705883,-0.03529411764705845,6.119999999999999,3.000000000003581,0.21734775049262178,453.5714285714285,81.07142857142857,0.35140728440382135,161.5000000000002,86.78584350999931,2021-04-28 12:48:30
85.84532374100719,1.7554838875,44.82,1.0039215686274514,-0.04705882352941137,6.119999999999999,2.9999999999982947,0.21734775049223878,452.3809523809523,81.38888888888889,0.1745700630746826,161.99999999999991,87.00319126049155,2021-04-28 12:48:40
85.84532374100719,1.761183547161015,45.239999999999995,0.8784313725490202,-0.04705882352941137,5.970000000000001,6.000000000002046,0.4346955009848729,452.3809523809523,82.18253968253968,0.17513685263829662,163.00000000000026,87.43788676147642,2021-04-28 12:48:50
85.84532374100719,1.7668832068220302,45.66,0.8117647058823536,-0.02941176470588199,5.82,5.99999999999676,0.43469550098448995,452.3809523809523,82.61904761904762,0.17570364220191068,163.99999999999972,87.87258226246091,2021-04-28 12:49:00
85.84532374100719,1.7668832068220302,45.31,0.9882352941176478,-0.02352941176470553,5.82,6.000000000001876,0.4346955009848606,452.3809523809523,82.85714285714286,0.17570364220191068,165.00000000000003,88.30727776344577,2021-04-28 12:49:10
85.87230215827338,1.7668832068220302,45.065,1.168627450980393,-0.023529411764705528,5.82,8.999999999995055,0.6478165558843676,452.3809523809523,82.77777777777777,0.17570364220191068,166.4999999999992,88.95509431933013,2021-04-28 12:49:20
85.90827338129498,1.7554838875,44.82,1.137254901960785,-0.0235294117647055,5.82,9.000000000000341,0.6421807385019321,452.3809523809523,82.46031746031747,0.1745700630746826,167.99999999999926,89.59727505783206,2021-04-28 12:49:30
85.94424460431655,1.7554838875,45.2,1.021848739495799,-0.023529411764705497,5.82,6.000000000002046,0.42436311200111754,452.3809523809523,82.26190476190476,0.1745700630746826,168.9999999999996,90.02163816983318,2021-04-28 12:49:40
85.92625899280576,1.7554838875,45.255,0.9352380952380959,-0.03137254901960746,5.67,6.000000000002046,0.42624182316851145,452.3809523809523,82.21001221001221,0.1745700630746826,169.99999999999994,90.44787999300169,2021-04-28 12:49:50
85.89028776978417,1.7554838875,45.31,1.0190476190476194,-0.06274509803921532,5.52,5.999999999996589,0.4299991193143293,452.3809523809523,82.47863247863248,0.1745700630746826,170.99999999999937,90.87787911231602,2021-04-28 12:50:00
85.85431654676259,1.7554838875,45.385000000000005,1.03764705882353,-0.09411764705882321,5.22,6.000000000002046,0.4337562459753708,452.3809523809523,82.54578754578755,0.3491401261493652,171.99999999999972,91.3116353582914,2021-04-28 12:50:10
85.71043165467626,1.761183547161015,45.46,1.0196078431372557,-0.12549019607843107,4.92,6.000000000002046,0.44878302814574406,452.3809523809523,82.67704517704519,0.17513685263829662,173.00000000000006,91.76041838643714,2021-04-28 12:50:20
85.54984583761562,1.7668832068220302,45.31,0.9568627450980398,-0.1568627450980389,5.82,5.999999999996589,0.46555064400471025,452.3809523809523,83.20207570207572,0.17570364220191068,173.9999999999995,92.22596903044185,2021-04-28 12:50:30
85.44707091469681,1.7668832068220302,44.85,0.8470588235294123,-0.16470588235294087,5.22,6.000000000002046,0.4762800072076391,452.3809523809523,83.45238095238096,0.17570364220191068,174.99999999999983,92.70224903764948,2021-04-28 12:50:40
85.39054470709146,1.7554838875,44.455,0.803410059676045,-0.16470588235294087,5.52,6.000000000002046,0.4821805059618058,451.9841269841269,83.61111111111111,0.1745700630746826,176.00000000000017,93.18442954361129,2021-04-28 12:50:50
85.30575539568346,1.7554838875,44.06,1.0052855924978694,-0.16470588235294087,5.82,5.999999999996589,0.4910303723331889,450.3968253968253,83.7698412698413,0.1745700630746826,176.9999999999996,93.67545991594447,2021-04-28 12:51:00
85.08992805755395,1.7554838875,44.24,1.1161125319693102,-0.15294117647058797,5.82,5.999999999996589,0.5135524075157977,449.9999999999999,83.92857142857144,0.3491401261493652,177.99999999999903,94.18901232346028,2021-04-28 12:51:10
84.9820143884892,1.7554838875,44.42,1.1496470588235301,-0.13529411764705856,5.82,6.000000000002046,0.5248107124324218,449.9999999999999,84.03846153846155,0.1745700630746826,178.99999999999937,94.7138230358927,2021-04-28 12:51:20
84.87410071942446,1.7554838875,44.78333333333333,1.0216993464052295,-0.11372549019607811,5.82,3.999999999999602,0.35737810376408463,449.9999999999999,84.0018315018315,0.1745700630746826,179.66666666666598,95.0712011396568,2021-04-28 12:51:30
84.65827338129496,1.761183547161015,45.14666666666667,0.8317908496732033,-0.09803921568627419,5.82,4.0000000000048885,0.3723828648342536,451.1904761904761,84.0460264373308,0.17513685263829662,180.33333333333346,95.44358400449104,2021-04-28 12:51:40
84.57733812949641,1.7668832068220302,45.51,0.2980392156862751,-0.08235294117647024,5.82,3.999999999999602,0.37800829940566744,452.3809523809523,84.18219461697723,0.17570364220191068,181.00000000000006,95.82159230389671,2021-04-28 12:51:50
84.54136690647482,1.7668832068220302,45.07,-0.12423529411764639,-0.07058823529411727,5.970000000000001,6.000000000002046,0.5707623766532429,452.3809523809523,84.51345755693583,0.17570364220191068,182.0000000000004,96.39235468054996,2021-04-28 12:52:00
84.50539568345324,1.7668832068220302,44.63,0.13176470588235362,-0.07058823529411727,6.119999999999999,5.999999999996589,0.5745120792293562,451.1904761904761,84.8136645962733,0.17570364220191068,182.99999999999983,96.96686675977931,2021-04-28 12:52:10
84.52338129496403,1.7668832068220302,45.51,0.2861176470588242,-0.07058823529411727,5.52,11.999999999998636,1.1452745123093149,457.68398268398255,85.06195495325932,0.17570364220191068,184.9999999999996,98.11214127208862,2021-04-28 12:52:20
84.53237410071942,1.7668832068220302,44.83,0.531487889273357,-0.05882352941176433,5.82,2.9999999999982947,0.28584991172267643,488.4199134199134,85.18555116381202,0.17570364220191068,185.49999999999932,98.3979911838113,2021-04-28 12:52:30
84.46043165467626,1.7668832068220302,44.15,1.151557093425606,-0.011764705882352578,6.119999999999999,3.0000000000037517,0.28959944441929464,482.5757575757575,85.46536796536796,0.35140728440382135,185.99999999999994,98.6875906282306,2021-04-28 12:52:40
84.41546762589928,1.7668832068220302,44.39,1.7736491881820609,0.07058823529411797,6.119999999999999,9.000000000000341,0.8758280126070798,471.2585034013605,86.01904761904763,0.17570364220191068,187.5,99.56341864083767,2021-04-28 12:52:50
84.38848920863309,1.7668832068220302,44.63,2.4928969799010847,0.16078431372549046,6.119999999999999,9.000000000000341,0.8800455615864454,489.49212163497873,86.91330891330892,0.17570364220191068,189.00000000000006,100.44346420242411,2021-04-28 12:53:00
84.38848920863309,1.7668832068220302,45.33,3.50158897190361,0.23921568627451006,6.119999999999999,2.9999999999982947,0.2933485205286373,535.8959823245536,86.83321123321124,0.17570364220191068,189.49999999999977,100.73681272295275,2021-04-28 12:53:10
84.41546762589928,1.7668832068220302,46.03,4.183857729138167,0.3411764705882355,6.119999999999999,2.9999999999982947,0.2919426708688496,570.8913308913309,87.02904238618525,0.17570364220191068,189.9999999999995,101.0287553938216,2021-04-28 12:53:20
84.47841726618705,1.7554838875,47.44,4.789405684754522,0.43921568627451013,5.52,6.000000000002046,0.577324207638115,592.8226363008971,87.4263038548753,0.1745700630746826,190.99999999999983,101.60607960145971,2021-04-28 12:53:30
84.62230215827338,1.7668832068220302,47.75,5.491214470284239,0.5019607843137258,5.82,5.99999999999676,0.5623247255683157,586.9703243616287,88.15192743764173,0.35140728440382135,191.9999999999993,102.16840432702803,2021-04-28 12:53:40
84.82014388489208,1.7554838875,48.605000000000004,6.110784313725491,0.6058823529411768,5.82,6.000000000001876,0.5416946666363318,575.1065643648765,88.92857142857143,0.1745700630746826,192.9999999999996,102.71009899366436,2021-04-28 12:53:50
85.02697841726618,1.7554838875,49.46,5.551918158567776,0.6235294117647061,5.82,6.000000000002046,0.5201199760074354,560.347579892172,89.64285714285714,0.1745700630746826,193.99999999999994,103.2302189696718,2021-04-28 12:54:00
85.2068345323741,1.7668832068220302,49.62,4.797981244671783,0.5960784313725493,5.52,5.99999999999676,0.5013538559644592,542.9143700490949,90.11904761904762,0.17570364220191068,194.9999999999994,103.73157282563625,2021-04-28 12:54:10
85.4136690647482,1.7668832068220302,48.69,4.60985507246377,0.5333333333333337,5.82,6.000000000001876,0.47976672196133535,534.2640281919219,90.35714285714286,0.35140728440382135,195.99999999999972,104.21133954759759,2021-04-28 12:54:20
85.62949640287769,1.7668832068220302,49.87,3.3449411764705888,0.35294117647058854,6.119999999999999,6.000000000002046,0.4572343554368405,496.239884842826,89.98631636562672,0.17570364220191068,197.00000000000006,104.66857390303443,2021-04-28 12:54:30
85.80935251798562,1.7668832068220302,45.72,2.000000000000001,0.18431372549019637,0.0,5.99999999999676,0.43845241370570576,361.3114690320572,88.02681992337165,0.17570364220191068,197.99999999999952,105.10702631674013,2021-04-28 12:54:40
85.88129496402878,1.7668832068220302,45.31,1.4917647058823538,0.1686274509803924,0.0,0.0,0.0,264.0542328042327,84.42323481116584,0.17570364220191068,197.99999999999952,105.10702631674013,2021-04-28 12:54:50
85.89928057553958,1.7668832068220302,45.36,1.382352941176471,0.11764705882352972,0.0,0.0,0.0,197.0137886804553,80.31423034330011,0.17570364220191068,197.99999999999952,105.10702631674013,2021-04-28 12:55:00
85.89928057553958,0.4331713708878401,45.36,1.2372549019607848,0.06666666666666703,0.0,0.0,0.0,182.9525412858746,76.33305647840533,0.04307573203974335,197.99999999999952,105.10702631674013,2021-04-28 12:55:10
85.89928057553958,0.29068077082652,38.34,-0.1882352941176464,0.058823529411765066,0.0,0.0,0.0,29.86819727891153,73.01157407407408,0.26015473439088826,197.99999999999952,105.10702631674013,2021-04-28 13:09:30
85.89928057553958,0.58136154165304,38.34,-0.18925831202045967,0.070588235294118,0.0,0.0,0.0,31.40782828282825,75.04665187460887,0.5203094687817765,197.99999999999952,105.10702631674013,2021-04-28 13:09:40
85.89928057553958,0.58706117292348,38.47,-0.19335038363171286,0.070588235294118,0.0,0.0,0.0,39.18199855699853,78.64066678045172,0.5254105494451833,197.99999999999952,105.10702631674013,2021-04-28 13:09:50
85.89928057553958,0.5927608041939201,38.6,-0.19744245524296605,0.070588235294118,0.0,0.0,0.0,49.13419913419911,80.02468729427255,0.53051163010859,197.99999999999952,105.10702631674013,2021-04-28 13:10:00
85.89928057553958,0.5889610500136266,38.6,-0.20153452685421924,0.070588235294118,0.0,0.0,0.0,57.14285714285711,80.43839758125472,0.5271109096663189,197.99999999999952,105.10702631674013,2021-04-28 13:10:10
85.89928057553958,0.5851612958333334,38.6,-0.20562659846547243,0.070588235294118,0.0,0.0,0.0,57.14285714285711,80.151171579743,0.5237101892240478,197.99999999999952,105.10702631674013,2021-04-28 13:10:20
85.89928057553958,0.58136154165304,38.57,-0.20971867007672562,0.070588235294118,0.0,0.0,0.0,58.9285714285714,79.59126984126985,0.5203094687817765,197.99999999999952,105.10702631674013,2021-04-28 13:10:30
85.89928057553958,0.5927608041939201,38.54,-0.21381074168797876,0.06666666666666703,0.0,0.0,0.0,59.5238095238095,79.09920634920636,0.53051163010859,197.99999999999952,105.10702631674013,2021-04-28 13:10:40
85.89928057553958,0.5927608041939201,38.54,-0.21790281329923195,0.050980392156863105,0.0,0.0,0.0,59.5238095238095,78.57804232804233,0.53051163010859,197.99999999999952,105.10702631674013,2021-04-28 13:10:50
85.89928057553958,0.5927608041939201,38.6,-0.22199488491048514,0.06470588235294153,0.0,0.0,0.0,59.5238095238095,77.81084656084656,0.53051163010859,197.99999999999952,105.10702631674013,2021-04-28 13:11:00
85.89928057553958,0.5927608041939201,38.65,-0.22608695652173832,0.070588235294118,0.0,0.0,0.0,59.5238095238095,77.5,0.53051163010859,197.99999999999952,105.10702631674013,2021-04-28 13:11:10
85.89928057553958,0.5927608041939201,38.7,-0.23017902813299151,0.070588235294118,0.0,0.0,0.0,59.5238095238095,77.3809523809524,0.53051163010859,197.99999999999952,105.10702631674013,2021-04-28 13:11:20
85.89928057553958,0.5927608041939201,38.6075,-0.2342710997442447,0.070588235294118,0.0,0.0,0.0,59.5238095238095,77.3809523809524,0.53051163010859,197.99999999999952,105.10702631674013,2021-04-28 13:11:30
85.89928057553958,0.5927608041939201,38.515,-0.023529411764705133,0.058823529411765066,0.0,0.0,0.0,60.71428571428569,76.93809523809526,0.53051163010859,197.99999999999952,105.10702631674013,2021-04-28 13:11:40
85.88129496402878,0.5927608041939201,38.29,0.2181818181818188,0.043137254901961145,0.0,0.0,0.0,61.90476190476188,76.45970695970698,0.53051163010859,197.99999999999952,105.10702631674013,2021-04-28 13:11:50
85.80935251798562,0.5927608041939201,38.45,0.33796791443850327,0.02745098039215719,0.0,0.0,0.0,61.90476190476188,76.31758241758243,0.53051163010859,197.99999999999952,105.10702631674013,2021-04-28 13:12:00
85.76438848920864,0.58706117292348,-11.855,0.5368983957219257,0.011764705882353262,1.8599999999999999,0.0,0.0,61.90476190476188,76.44578754578755,0.5254105494451833,197.99999999999952,105.10702631674013,2021-04-28 13:12:10
85.71043165467626,0.58136154165304,-8.27,0.7137254901960788,-0.003921568627450664,2.1599999999999997,0.0,0.0,61.90476190476188,76.60952380952382,0.5203094687817765,197.99999999999952,105.10702631674013,2021-04-28 13:12:20
85.60251798561151,0.58136154165304,-8.065000000000001,0.7450980392156866,-0.01960784313725461,2.1599999999999997,0.0,0.0,61.90476190476188,76.60952380952382,0.5203094687817765,197.99999999999952,105.10702631674013,2021-04-28 13:12:30
85.49460431654677,0.58136154165304,-2.1799999999999997,0.682352941176471,-0.023529411764705598,2.1599999999999997,0.0,0.0,61.90476190476188,77.23333333333335,0.5203094687817765,197.99999999999952,105.10702631674013,2021-04-28 13:12:40
85.39568345323741,0.58136154165304,0.08,0.5803921568627456,-0.0274509803921566,1.8599999999999999,0.0,0.0,62.301587301587276,77.81746031746033,0.5203094687817765,197.99999999999952,105.10702631674013,2021-04-28 13:12:50
85.32374100719424,0.58136154165304,0.7350000000000001,0.45490196078431433,-0.043137254901960596,2.0100000000000002,0.0,0.0,63.888888888888864,77.65873015873015,0.5203094687817765,197.99999999999952,105.10702631674013,2021-04-28 13:13:00
85.1978417266187,0.58136154165304,5.88,0.3764705882352947,-0.0588235294117645,2.1599999999999997,0.0,0.0,64.28571428571426,77.5,0.5203094687817765,197.99999999999952,105.10702631674013,2021-04-28 13:13:10
85.07194244604317,0.5832614187431867,-12.64,0.21176470588235355,-0.0705882352941174,2.0100000000000002,0.0,0.0,64.68253968253967,77.26190476190476,0.5220098290029122,197.99999999999952,105.10702631674013,2021-04-28 13:13:20
85.0,0.5851612958333334,-11.365,-0.20392156862745023,-0.0705882352941174,2.0100000000000002,0.0,0.0,66.26984126984124,76.78571428571429,0.5237101892240478,197.99999999999952,105.10702631674013,2021-04-28 13:13:30
84.90107913669064,0.58706117292348,-7.255000000000001,-0.45490196078431316,-0.0705882352941174,2.1599999999999997,0.0,0.0,66.66666666666664,75.85164835164835,0.5254105494451833,197.99999999999952,105.10702631674013,2021-04-28 13:13:40
84.80215827338128,0.5889610500136266,-5.404999999999999,-0.5176470588235289,-0.0705882352941174,2.61,0.0,0.0,66.26984126984124,74.87179487179488,0.5271109096663189,197.99999999999952,105.10702631674013,2021-04-28 13:13:50
84.73021582733813,0.5908609271037734,4.42,-0.509803921568627,-0.0705882352941174,2.76,0.0,0.0,64.68253968253967,74.21245421245422,0.5288112698874544,197.99999999999952,105.10702631674013,2021-04-28 13:14:00
84.65827338129498,0.5927608041939201,0.88,-0.47843137254901913,-0.0705882352941174,3.0599999999999996,0.0,0.0,62.49999999999997,73.8003663003663,0.53051163010859,197.99999999999952,105.10702631674013,2021-04-28 13:14:10
84.59532374100719,0.592160843007558,1.7999999999999998,-0.47058823529411714,-0.0705882352941174,3.66,0.0,0.0,60.71428571428568,73.46611721611721,0.5299746742492841,197.99999999999952,105.10702631674013,2021-04-28 13:14:20
84.55935251798562,0.5915608818211958,5.0600000000000005,-0.5490196078431367,-0.0705882352941174,4.7700000000000005,0.0,0.0,59.1269841269841,72.98222912353347,0.47061130523553607,197.99999999999952,105.10702631674013,2021-04-28 13:14:30
84.52338129496403,0.5909609206348337,-0.015000000000000013,-0.862745098039215,-0.0705882352941174,4.7700000000000005,0.0,0.0,57.5396825396825,72.0540027605245,0.47013401113837516,197.99999999999952,105.10702631674013,2021-04-28 13:14:40
84.49640287769785,0.5903609594484716,1.05,-1.0352941176470583,-0.0705882352941174,4.7700000000000005,0.0,0.0,57.14285714285711,71.74430641821947,0.528363806671366,197.99999999999952,105.10702631674013,2021-04-28 13:14:50
84.49640287769785,0.5897609982621094,0.5449999999999999,-1.2156862745098032,-0.07843137254901933,4.92,0.0,0.0,57.14285714285711,71.66666666666667,0.4691794229440534,197.99999999999952,105.10702631674013,2021-04-28 13:15:00
84.49640287769785,0.5891610370757473,-2.935,-1.5607843137254895,-0.10980392156862706,4.92,0.0,0.0,57.14285714285711,71.66666666666667,0.5272898949527541,197.99999999999952,105.10702631674013,2021-04-28 13:15:10
84.49640287769785,0.5885610758893853,-3.74,-1.9294117647058815,-0.117647058823529,4.7700000000000005,0.0,0.0,58.3333333333333,71.54761904761905,0.5267529390934482,197.99999999999952,105.10702631674013,2021-04-28 13:15:20
84.49640287769785,0.5879611147030231,-4.965,-2.258823529411764,-0.117647058823529,5.069999999999999,0.0,0.0,59.5238095238095,71.42857142857143,0.5262159832341422,197.99999999999952,105.10702631674013,2021-04-28 13:15:30
84.52338129496403,0.5873611535166611,-6.63,-2.447058823529411,-0.117647058823529,4.92,0.0,0.0,59.5238095238095,71.42857142857143,0.5256790273748362,197.99999999999952,105.10702631674013,2021-04-28 13:15:40
84.55035971223022,0.586761192330299,-2.19,-2.6352941176470583,-0.13529411764705834,4.92,0.0,0.0,60.71428571428569,71.71428571428572,0.5251420715155304,197.99999999999952,105.10702631674013,2021-04-28 13:15:50
84.55035971223022,0.5861612311439369,-7.140000000000001,-2.658823529411764,-0.1294117647058819,5.069999999999999,0.0,0.0,61.90476190476188,72.09633278598795,0.5246051156562244,197.99999999999952,105.10702631674013,2021-04-28 13:16:00
84.55035971223022,0.5855612699575747,-11.866666666666667,-2.564705882352941,-0.117647058823529,2.86,0.0,0.0,61.90476190476188,72.4816639299398,0.5240681597969182,197.99999999999952,105.10702631674013,2021-04-28 13:16:10
84.57733812949641,0.5849613087712127,-12.175,-2.2823529411764696,-0.117647058823529,0.8999999999999999,0.0,0.0,60.71428571428568,72.69376026272579,0.5235312039376124,197.99999999999952,105.10702631674013,2021-04-28 13:16:20
84.67625899280576,0.5843613475848506,-10.405000000000001,-2.094117647058823,-0.117647058823529,4.4399999999999995,0.0,0.0,59.52380952380949,72.62041598248496,0.5229942480783064,197.99999999999952,105.10702631674013,2021-04-28 13:16:30
84.74820143884892,0.5837613863984884,-10.17,-1.9607843137254894,-0.117647058823529,4.26,0.0,0.0,59.52380952380949,71.86398467432949,0.5224572922190005,197.99999999999952,105.10702631674013,2021-04-28 13:16:40
84.76618705035972,0.5831614252121263,-8.43,-1.898039215686274,-0.117647058823529,4.62,0.0,0.0,58.3333333333333,71.43267651888341,0.5219203363596945,197.99999999999952,105.10702631674013,2021-04-28 13:16:50
84.78417266187051,0.5825614640257643,-7.725,-1.9529411764705875,-0.117647058823529,4.62,0.0,0.0,56.34920634920631,71.19047619047619,0.5213833805003885,197.99999999999952,105.10702631674013,2021-04-28 13:17:00
84.85611510791367,0.5819615028394021,-5.645,-2.047058823529411,-0.117647058823529,4.92,0.0,0.0,53.174603174603135,71.19047619047619,0.5208464246410824,197.99999999999952,105.10702631674013,2021-04-28 13:17:10
84.92805755395683,0.58136154165304,-4.72,-2.141176470588235,-0.117647058823529,4.92,0.0,0.0,49.99999999999996,70.83333333333334,0.5203094687817765,197.99999999999952,105.10702631674013,2021-04-28 13:17:20
85.00899280575538,0.58136154165304,-2.395,-2.1647058823529406,-0.0941176470588232,5.22,0.0,0.0,47.61904761904758,70.41666666666667,0.5203094687817765,197.99999999999952,105.10702631674013,2021-04-28 13:17:30
85.11690647482015,0.58136154165304,0.43,-2.125490196078431,-0.0666666666666664,5.42,0.0,0.0,47.61904761904758,70.23809523809524,0.5203094687817765,197.99999999999952,105.10702631674013,2021-04-28 13:17:40
85.25179856115108,0.58136154165304,1.03,-1.9686274509803916,-0.050980392156862425,5.82,0.0,0.0,47.61904761904758,70.23809523809524,0.5203094687817765,197.99999999999952,105.10702631674013,2021-04-28 13:17:50
85.38669064748201,0.58136154165304,3.615,-1.8117647058823523,-0.04705882352941144,5.52,0.0,0.0,47.61904761904758,70.53113553113553,0.5203094687817765,197.99999999999952,105.10702631674013,2021-04-28 13:18:00
85.49460431654677,0.58136154165304,0.32,-1.7176470588235286,-0.04117647058823498,6.27,0.0,0.0,47.22222222222218,70.7771251736769,0.5203094687817765,197.99999999999952,105.10702631674013,2021-04-28 13:18:10
85.57553956834533,0.58136154165304,-7.51,-1.8196078431372542,-0.01960784313725462,6.119999999999999,0.0,0.0,45.63492063492058,70.5889225716812,0.5203094687817765,197.99999999999952,105.10702631674013,2021-04-28 13:18:20
85.66546762589928,0.583641394161216,-4.654999999999999,-1.9450980392156858,-0.003921568627450709,6.119999999999999,0.0,0.0,45.238095238095184,70.00307881773398,0.5223499010471392,197.99999999999952,105.10702631674013,2021-04-28 13:18:30
85.80935251798562,0.585921246669392,-4.73,-2.094117647058823,2.6830389761774615e-16,6.119999999999999,0.0,0.0,45.238095238095184,69.42244651483782,0.524390333312502,197.99999999999952,105.10702631674013,2021-04-28 13:18:40
85.84532374100719,0.588201099177568,-1.3450000000000002,-2.227450980392156,2.6830389761774615e-16,6.57,0.0,0.0,45.238095238095184,69.25508971704623,0.5264307655778646,197.99999999999952,105.10702631674013,2021-04-28 13:18:50
85.84532374100719,0.5904809516857441,-5.34,-2.290196078431372,2.6830389761774615e-16,6.72,0.0,0.0,44.047619047618994,68.77329192546584,0.5284711978432274,197.99999999999952,105.10702631674013,2021-04-28 13:19:00
85.84532374100719,0.5927608041939201,-7.91,-2.305882352941176,-0.011764705882352665,6.42,0.0,0.0,42.85714285714281,68.24404761904762,0.53051163010859,197.99999999999952,105.10702631674013,2021-04-28 13:19:10
85.84532374100719,0.5927608041939201,-5.25,-2.28235294117647,-0.023529411764705598,6.42,0.0,0.0,42.85714285714281,67.88690476190476,0.53051163010859,197.99999999999952,105.10702631674013,2021-04-28 13:19:20
85.82733812949641,0.5889610500136266,-3.97,-2.1882352941176464,-0.023529411764705598,6.72,0.0,0.0,42.85714285714281,67.35119047619048,0.5271109096663189,197.99999999999952,105.10702631674013,2021-04-28 13:19:30
85.75539568345323,0.5851612958333334,-6.265,-2.117647058823529,-0.023529411764705598,6.42,0.0,0.0,42.85714285714281,66.90476190476191,0.5237101892240478,197.99999999999952,105.10702631674013,2021-04-28 13:19:40
85.71043165467626,0.58136154165304,-0.05,-2.109803921568627,-0.0274509803921566,2.1599999999999997,0.0,0.0,42.85714285714281,66.90476190476191,0.5203094687817765,197.99999999999952,105.10702631674013,2021-04-28 13:19:50
85.66546762589928,0.5819615028394021,-4.6,-2.2666666666666657,-0.043137254901960596,6.42,0.0,0.0,44.047619047618994,66.90476190476191,0.5208464246410824,197.99999999999952,105.10702631674013,2021-04-28 13:20:00
85.59352517985612,0.5825614640257643,-7.875,-2.3764705882352937,-0.0470588235294116,6.57,0.0,0.0,45.238095238095184,66.90476190476191,0.5213833805003885,197.99999999999952,105.10702631674013,2021-04-28 13:20:10
85.52158273381295,0.5831614252121263,-2.1399999999999997,-2.470588235294117,-0.0470588235294116,6.87,0.0,0.0,45.238095238095184,66.90476190476191,0.5219203363596945,197.99999999999952,105.10702631674013,2021-04-28 13:20:20
85.45863309352518,0.5837613863984884,-8.105,-2.5647058823529405,-0.0470588235294116,7.05,0.0,0.0,45.238095238095184,66.78571428571429,0.5224572922190005,197.99999999999952,105.10702631674013,2021-04-28 13:20:30
85.4226618705036,0.5843613475848506,-8.325,-2.694117647058823,-0.0470588235294116,6.4799999999999995,0.0,0.0,45.63492063492058,66.78571428571429,0.5229942480783064,197.99999999999952,105.10702631674013,2021-04-28 13:20:40
85.35971223021582,0.5849613087712127,-8.35,-2.6352941176470583,-0.0470588235294116,6.8999999999999995,0.0,0.0,47.22222222222218,67.26190476190477,0.5235312039376124,197.99999999999952,105.10702631674013,2021-04-28 13:20:50
85.28776978417267,0.5855612699575747,-6.61,-2.5019607843137255,-0.050980392156862564,7.0200000000000005,0.0,0.0,46.42857142857139,67.3809523809524,0.5240681597969182,197.99999999999952,105.10702631674013,2021-04-28 13:21:00
85.21582733812949,0.5861612311439369,-0.8,-2.345098039215686,-0.06666666666666643,8.430000000000001,0.0,0.0,44.6428571428571,67.14285714285715,0.5246051156562244,197.99999999999952,105.10702631674013,2021-04-28 13:21:10
85.17086330935251,0.586761192330299,-2.7,-2.211764705882352,-0.0705882352941174,8.58,0.0,0.0,42.46031746031741,66.38888888888889,0.5251420715155304,197.99999999999952,105.10702631674013,2021-04-28 13:21:20
85.12589928057554,0.5873611535166611,-3.2249999999999996,-2.1333333333333324,-0.07843137254901933,8.16,0.0,0.0,40.873015873015824,66.23015873015873,0.5256790273748362,197.99999999999952,105.10702631674013,2021-04-28 13:21:30
85.05395683453237,0.5879611147030231,-6.5649999999999995,-2.1960784313725483,-0.10980392156862706,7.98,0.0,0.0,40.476190476190425,66.22448979591837,0.5262159832341422,197.99999999999952,105.10702631674013,2021-04-28 13:21:40
84.9820143884892,0.5885610758893853,-3.545,-2.258823529411764,-0.117647058823529,9.18,0.0,0.0,40.476190476190425,66.20137798709229,0.5267529390934482,197.99999999999952,105.10702631674013,2021-04-28 13:21:50
84.91906474820144,0.5891610370757473,-5.25,-2.3294117647058816,-0.12156862745097996,8.879999999999999,0.0,0.0,40.476190476190425,65.97287633001919,0.5272898949527541,197.99999999999952,105.10702631674013,2021-04-28 13:22:00
84.88309352517986,0.5897609982621094,-1.655,-2.4235294117647053,-0.13725490196078383,9.03,0.0,0.0,40.476190476190425,65.88748208313426,0.5278268508120602,197.99999999999952,105.10702631674013,2021-04-28 13:22:10
84.82014388489209,0.5903609594484716,-5.77,-2.470588235294117,-0.1411764705882348,8.879999999999999,0.0,0.0,40.476190476190425,65.77474120082816,0.528363806671366,197.99999999999952,105.10702631674013,2021-04-28 13:22:20
84.76618705035972,0.5909609206348337,-0.5249999999999999,-2.470588235294117,-0.1411764705882348,9.18,0.0,0.0,40.476190476190425,65.4368530020704,0.5289007625306721,197.99999999999952,105.10702631674013,2021-04-28 13:22:30
84.76618705035972,0.5915608818211958,-3.465,-2.3764705882352937,-0.1411764705882348,9.48,0.0,0.0,39.285714285714235,65.34814814814816,0.529437718389978,197.99999999999952,105.10702631674013,2021-04-28 13:22:40
84.76618705035972,0.592160843007558,-8.629999999999999,-2.2352941176470584,-0.1411764705882348,9.18,0.0,0.0,37.69841269841264,65.26278659611994,0.5299746742492841,197.99999999999952,105.10702631674013,2021-04-28 13:22:50
84.76618705035972,0.5927608041939201,-7.83,-2.0862745098039213,-0.1411764705882348,8.879999999999999,0.0,0.0,36.11111111111106,64.93827160493828,0.53051163010859,197.99999999999952,105.10702631674013,2021-04-28 13:23:00
84.76618705035972,0.5889610500136266,-7.115,-1.9607843137254894,-0.1411764705882348,9.33,0.0,0.0,36.904761904761855,64.21428571428572,0.5271109096663189,197.99999999999952,105.10702631674013,2021-04-28 13:23:10
84.82014388489209,0.5851612958333334,-9.34,-1.7176470588235286,-0.1411764705882348,8.879999999999999,0.0,0.0,38.09523809523804,63.440623162845384,0.5237101892240478,197.99999999999952,105.10702631674013,2021-04-28 13:23:20
84.89208633093526,0.58136154165304,-4.3475,-1.5999999999999992,-0.117647058823529,9.659999999999998,0.0,0.0,38.09523809523804,62.91740152851265,0.5203094687817765,197.99999999999952,105.10702631674013,2021-04-28 13:23:30
84.96402877697841,0.5687232472692784,0.645,-1.5843137254901953,-0.0901960784313722,10.44,0.0,0.0,38.09523809523804,62.31710758377426,0.5089983933734772,197.99999999999952,105.10702631674013,2021-04-28 13:23:40
85.03597122302159,0.5560849528855165,-7.45,-1.7098039215686267,-0.07450980392156825,9.959999999999999,0.0,0.0,38.88888888888883,61.80423280423281,0.4976873179651775,197.99999999999952,105.10702631674013,2021-04-28 13:23:50
85.10791366906474,0.5434466585017548,-6.995000000000001,-1.7882352941176465,-0.0470588235294114,9.809999999999999,0.0,0.0,42.06349206349202,61.63068783068784,0.486376242556878,197.99999999999952,105.10702631674013,2021-04-28 13:24:00
85.17985611510792,0.530808364117993,-3.245,-1.905882352941176,-0.015686274509803574,10.89,0.0,0.0,42.85714285714281,61.3888888888889,0.4750651671485786,197.99999999999952,105.10702631674013,2021-04-28 13:24:10
85.25179856115108,0.5181700697342312,-9.985,-2.1882352941176464,0.015686274509804247,10.26,0.0,0.0,42.46031746031741,61.15079365079366,0.46375409174027904,197.99999999999952,105.10702631674013,2021-04-28 13:24:20
85.30575539568345,0.5055317753504696,-9.27,-2.2588235294117642,0.03529411764705916,9.780000000000001,0.0,0.0,40.873015873015824,60.992063492063494,0.4524430163319796,197.99999999999952,105.10702631674013,2021-04-28 13:24:30
85.30575539568345,0.4928934809667078,-8.57,-2.1882352941176464,0.043137254901961145,10.74,0.0,0.0,40.476190476190425,60.77380952380953,0.4411319409236801,197.99999999999952,105.10702631674013,2021-04-28 13:24:40
85.25179856115108,0.48025518658294614,-9.36,-1.905882352941176,0.02745098039215719,10.74,0.0,0.0,41.666666666666615,60.71428571428572,0.4298208655153807,197.99999999999952,105.10702631674013,2021-04-28 13:24:50
85.16187050359713,0.4676168921991844,-8.58,-1.7882352941176465,0.011764705882353262,10.44,0.0,0.0,42.85714285714281,60.71428571428572,0.41850979010708117,197.99999999999952,105.10702631674013,2021-04-28 13:25:00
85.0179856115108,0.45497859781542266,-6.36,-1.6941176470588228,-0.003921568627450653,11.49,0.0,0.0,42.85714285714281,60.71428571428572,0.4071987146987817,197.99999999999952,105.10702631674013,2021-04-28 13:25:10
84.84712230215827,0.4423403034316609,-8.69,-1.5058823529411758,-0.019607843137254555,11.34,0.0,0.0,41.666666666666615,60.22486772486773,0.3958876392904822,197.99999999999952,105.10702631674013,2021-04-28 13:25:20
84.67625899280574,0.4297020090478991,-9.48,-1.4352941176470582,-0.03529411764705849,9.33,0.0,0.0,36.41636141636137,59.32499599166266,0.38457656388218264,197.99999999999952,105.10702631674013,2021-04-28 13:25:30
84.53237410071944,0.41706371466413744,-9.39,-1.4117647058823524,-0.06470588235294082,8.729999999999999,0.0,0.0,20.177045177045137,57.683181016514354,0.37326548847388324,197.99999999999952,105.10702631674013,2021-04-28 13:25:40
84.3884892086331,0.4044254202803757,-6.4,-1.4039215686274504,-0.117647058823529,8.430000000000001,0.0,0.0,13.186813186813152,56.90667175961294,0.36195441306558374,197.99999999999952,105.10702631674013,2021-04-28 13:25:50
84.25359712230215,0.3917871258966139,-8.79,-1.3725490196078425,-0.117647058823529,4.74,0.0,0.0,6.5628815628815325,55.92670401493931,0.35064333765728417,197.99999999999952,105.10702631674013,2021-04-28 13:26:00
84.14568345323741,0.37914883151285217,-9.52,-1.3411764705882345,-0.117647058823529,0.0,0.0,0.0,-8.211233211233235,53.47105508870215,0.03770358469433163,197.99999999999952,105.10702631674013,2021-04-28 13:26:10
84.09172661870502,0.3665105371290905,-9.73,-1.3254901960784307,-0.117647058823529,0.0,0.0,0.0,-13.09523809523812,52.35714285714286,0.036446798537853924,197.99999999999952,105.10702631674013,2021-04-28 13:26:20
84.06474820143885,0.3538722427453288,-9.73,-1.3568627450980384,-0.117647058823529,0.0,0.0,0.0,-14.947089947089971,51.7252456538171,0.03519001238137621,197.99999999999952,105.10702631674013,2021-04-28 13:26:30
84.06474820143885,0.34123394836156695,-9.700000000000001,-1.3647058823529403,-0.117647058823529,0.0,0.0,0.0,-17.592592592592613,51.197656840513986,0.03393322622489847,197.99999999999952,105.10702631674013,2021-04-28 13:26:40
84.06474820143885,0.3285956539778052,-9.62,-1.3647058823529403,-0.117647058823529,0.0,0.0,0.0,-18.253968253968274,51.06083012915312,0.032676440068420756,197.99999999999952,105.10702631674013,2021-04-28 13:26:50
84.06474820143885,0.31595735959404353,-9.835,-1.3647058823529403,-0.117647058823529,0.0,0.0,0.0,-18.49962207105066,51.1456176673568,0.031419653911943034,197.99999999999952,105.10702631674013,2021-04-28 13:27:00
84.06474820143885,0.3033190652102818,-10.015,-1.3647058823529403,-0.117647058823529,0.0,0.0,0.0,-19.482237339380212,51.504485852311944,0.030162867755465315,197.99999999999952,105.10702631674013,2021-04-28 13:27:10
84.06474820143885,0.29068077082652,-10.275,-1.3647058823529403,-0.117647058823529,0.0,0.0,0.0,-20.975056689342413,51.51138716356108,0.028906081598987582,197.99999999999952,105.10702631674013,2021-04-28 13:27:20
84.06474820143885,0.2780424764427583,-10.405000000000001,-1.3647058823529403,-0.117647058823529,0.0,0.0,0.0,-22.486772486772495,51.38888888888889,0.027649295442509866,197.99999999999952,105.10702631674013,2021-04-28 13:27:30
84.06474820143885,0.2654041820589965,-10.31,-1.4117647058823521,-0.117647058823529,0.0,0.0,0.0,-23.544973544973555,51.230158730158735,0.026392509286032147,197.99999999999952,105.10702631674013,2021-04-28 13:27:40
84.06474820143885,0.25276588767523483,-10.645,-1.458823529411764,-0.117647058823529,0.0,0.0,0.0,-23.80952380952382,51.1904761904762,0.02513572312955443,197.99999999999952,105.10702631674013,2021-04-28 13:27:50
84.06474820143885,0.24012759329147307,-11.25,-1.458823529411764,-0.117647058823529,0.0,0.0,0.0,-22.61904761904763,51.25,0.16715255881153693,197.99999999999952,105.10702631674013,2021-04-28 13:28:00
84.06474820143885,0.22748929890771133,-10.56,-1.458823529411764,-0.117647058823529,0.0,0.0,0.0,-18.342151675485024,51.42857142857143,0.13573290489959394,197.99999999999952,105.10702631674013,2021-04-28 13:28:10
84.06474820143885,0.2148510045239496,-10.655000000000001,-1.458823529411764,-0.117647058823529,0.0,0.0,0.0,-15.520282186948869,51.42857142857143,0.1068268233006063,197.99999999999952,105.10702631674013,2021-04-28 13:28:20
84.06474820143885,0.20221271014018785,-10.66,-1.458823529411764,-0.117647058823529,0.0,0.0,0.0,-13.955026455026474,51.54761904761905,0.18097720653279187,197.99999999999952,105.10702631674013,2021-04-28 13:28:30
84.06474820143885,0.18957441575642614,-10.729999999999999,-1.458823529411764,-0.117647058823529,0.0,0.0,0.0,-12.676366843033533,51.73520923520923,0.1696661311244924,197.99999999999952,105.10702631674013,2021-04-28 13:28:40
84.06474820143885,0.1769361213726644,-10.82,-1.458823529411764,-0.117647058823529,0.0,0.0,0.0,-11.000881834215189,52.009379509379514,0.1583550557161929,197.99999999999952,105.10702631674013,2021-04-28 13:28:50
84.06474820143885,0.1642978269889026,-10.765,-1.458823529411764,-0.117647058823529,0.0,0.0,0.0,-12.433862433862455,51.991341991342,0.14704398030789337,197.99999999999952,105.10702631674013,2021-04-28 13:29:00
84.06474820143885,0.15165953260514092,-10.853333333333333,-1.458823529411764,-0.117647058823529,0.0,0.0,0.0,-14.285714285714304,51.904761904761905,0.13573290489959394,197.99999999999952,105.10702631674013,2021-04-28 13:29:10
84.06474820143885,0.13902123822137916,-10.875,-1.5058823529411758,-0.117647058823529,0.0,0.0,0.0,-14.285714285714304,51.904761904761905,0.1244218294912944,197.99999999999952,105.10702631674013,2021-04-28 13:29:20
84.06474820143885,0.12638294383761745,-10.87,-1.5529411764705876,-0.117647058823529,0.0,0.0,0.0,-15.476190476190496,52.161904761904765,0.10054289251821774,197.99999999999952,105.10702631674013,2021-04-28 13:29:30
84.06474820143885,0.11374464945385569,-10.98,-1.5529411764705876,-0.117647058823529,0.0,0.0,0.0,-17.460317460317476,52.44761904761906,0.09048860326639596,197.99999999999952,105.10702631674013,2021-04-28 13:29:40
84.06474820143885,0.10110635507009393,-10.925,-1.5529411764705876,-0.117647058823529,0.0,0.0,0.0,-20.634920634920654,52.56190476190477,0.08043431401457417,197.99999999999952,105.10702631674013,2021-04-28 13:29:50
84.06474820143885,0.08846806068633216,-12.015,-1.5529411764705876,-0.117647058823529,0.0,0.0,0.0,-22.619047619047635,52.02034632034632,0.07038002476275237,197.99999999999952,105.10702631674013,2021-04-28 13:30:00
84.06474820143885,0.07582976630257046,-12.25,-1.5529411764705876,-0.117647058823529,0.0,0.0,0.0,-24.206349206349216,51.28787878787879,0.05278501857206431,197.99999999999952,105.10702631674013,2021-04-28 13:30:10
84.06474820143885,0.06319147191880875,-11.96,-1.5529411764705876,-0.117647058823529,0.0,0.0,0.0,-25.793650793650805,50.63852813852814,0.037703584694331674,197.99999999999952,105.10702631674013,2021-04-28 13:30:20
84.06474820143885,0.05055317753504704,-12.12,-1.5529411764705876,-0.117647058823529,0.0,0.0,0.0,-26.190476190476204,50.595238095238095,0.025135723129554463,197.99999999999952,105.10702631674013,2021-04-28 13:30:30
84.06474820143885,0.03791488315128523,-11.81,-1.5895424836601302,-0.117647058823529,0.0,0.0,0.0,-26.190476190476204,50.87301587301587,0.015081433877732659,197.99999999999952,105.10702631674013,2021-04-28 13:30:40
84.06474820143885,0.02527658876752352,-12.17,-1.7359477124183003,-0.117647058823529,0.0,0.0,0.0,-26.190476190476204,51.50793650793651,0.0025135723129554462,197.99999999999952,105.10702631674013,2021-04-28 13:30:50
84.06474820143885,0.012638294383761814,-11.81,-1.8039215686274506,-0.117647058823529,0.0,0.0,0.0,-10.164835164835186,53.74338624338625,0.0012567861564777285,197.99999999999952,105.10702631674013,2021-04-28 13:31:00
84.06474820143885,0.19378718055101335,-12.2625,-1.9529411764705875,-0.117647058823529,0.38999999999999996,0.0,0.0,8.629862201290742,56.565255731922406,0.17343648959392552,197.99999999999952,105.10702631674013,2021-04-28 13:31:20
84.03776978417267,0.3875743611020267,-12.455,-2.094117647058823,-0.117647058823529,0.7799999999999999,0.0,0.0,18.877551020408127,58.23809523809524,0.34687297918785104,197.99999999999952,105.10702631674013,2021-04-28 13:31:30
83.98381294964028,0.58136154165304,-10.5175,-2.24313725490196,-0.12156862745097996,4.380000000000001,0.0,0.0,31.547619047619,59.58333333333334,0.5203094687817765,197.99999999999952,105.10702631674013,2021-04-28 13:31:40
83.87589928057554,0.583641394161216,-8.58,-2.3686274509803917,-0.13725490196078383,7.98,0.0,0.0,40.476190476190425,59.00793650793652,0.5223499010471392,197.99999999999952,105.10702631674013,2021-04-28 13:31:50
83.82194244604317,0.585921246669392,-8.81,-2.4941176470588227,-0.1411764705882348,8.280000000000001,0.0,0.0,40.476190476190425,58.849206349206355,0.524390333312502,197.99999999999952,105.10702631674013,2021-04-28 13:32:00
83.78597122302158,0.588201099177568,-9.004999999999999,-2.5647058823529405,-0.1411764705882348,7.68,0.0,0.0,34.86394557823125,58.96384479717814,0.5264307655778646,197.99999999999952,105.10702631674013,2021-04-28 13:32:10
83.75,0.5904809516857441,-8.35,-2.470588235294117,-0.1411764705882348,7.68,0.0,0.0,29.138321995464814,59.078063324095076,0.5284711978432274,197.99999999999952,105.10702631674013,2021-04-28 13:32:20
81.38848920863309,0.5927608041939201,-7.06,-2.3529411764705874,-0.1411764705882348,6.45,0.0,0.0,28.684807256235786,58.91765348114555,0.53051163010859,197.99999999999952,105.10702631674013,2021-04-28 13:32:30
78.51019184652279,0.58706117292348,-5.77,-2.2039215686274503,-0.1411764705882348,5.22,0.0,0.0,28.571428571428527,58.81606488749347,0.5254105494451833,197.99999999999952,105.10702631674013,2021-04-28 13:32:40
76.40707434052757,0.58136154165304,-3.07,-1.9843137254901955,-0.1411764705882348,5.22,0.0,0.0,30.158730158730112,58.76984126984127,0.5203094687817765,197.99999999999952,105.10702631674013,2021-04-28 13:32:50
75.10611510791367,0.58136154165304,-6.48,-1.8588235294117643,-0.1411764705882348,4.919999999999999,0.0,0.0,36.50793650793645,58.83089133089133,0.5203094687817765,197.99999999999952,105.10702631674013,2021-04-28 13:33:00
74.33093525179856,0.58706117292348,-9.89,-1.8117647058823523,-0.1411764705882348,4.62,0.0,0.0,33.333333333333286,58.97545787545788,0.5254105494451833,197.99999999999952,105.10702631674013,2021-04-28 13:33:10
74.33093525179856,0.5927608041939201,-10.33,-1.7882352941176465,-0.1411764705882348,2.31,0.0,0.0,30.55555555555551,59.12881562881563,0.53051163010859,197.99999999999952,105.10702631674013,2021-04-28 13:33:20
74.33093525179856,0.58706117292348,-10.77,-1.7882352941176465,-0.1411764705882348,0.0,0.0,0.0,38.49206349206344,59.22503052503053,0.5254105494451833,197.99999999999952,105.10702631674013,2021-04-28 13:33:30
74.33093525179856,0.58136154165304,-10.64,-1.7647058823529405,-0.1411764705882348,0.0,0.0,0.0,40.476190476190425,58.53479853479854,0.5203094687817765,197.99999999999952,105.10702631674013,2021-04-28 13:33:40
74.33093525179856,0.58706117292348,-10.51,-1.7490196078431364,-0.1411764705882348,0.0,0.0,0.0,40.476190476190425,57.69875186541854,0.5254105494451833,197.99999999999952,105.10702631674013,2021-04-28 13:33:50
74.33093525179856,0.5927608041939201,-10.575,-1.7803921568627445,-0.1411764705882348,0.0,0.0,0.0,40.476190476190425,57.211708045041384,0.53051163010859,197.99999999999952,105.10702631674013,2021-04-28 13:34:00
74.33093525179856,0.5927608041939201,-10.64,-1.8117647058823523,-0.1411764705882348,0.0,0.0,0.0,40.476190476190425,57.44378306878308,0.3536744200723934,197.99999999999952,105.10702631674013,2021-04-28 13:34:10
74.33093525179856,0.5927608041939201,-10.66,-1.8980392156862738,-0.1411764705882348,0.0,0.0,0.0,41.26984126984122,57.88690476190477,0.05894573667873223,197.99999999999952,105.10702631674013,2021-04-28 13:34:20
74.33093525179856,0.5927608041939201,-10.42,-2.1490196078431367,-0.1411764705882348,0.0,0.0,0.0,44.4444444444444,58.24404761904762,0.05894573667873223,197.99999999999952,105.10702631674013,2021-04-28 13:34:30
74.33093525179856,0.5927608041939201,-10.18,-2.211764705882352,-0.1411764705882348,0.0,0.0,0.0,47.61904761904758,58.423809523809524,0.05894573667873223,197.99999999999952,105.10702631674013,2021-04-28 13:34:40
74.33093525179856,0.5927608041939201,-9.94,-2.2039215686274503,-0.1411764705882348,0.0,0.0,0.0,50.39682539682536,58.51428571428571,0.05894573667873223,197.99999999999952,105.10702631674013,2021-04-28 13:34:50
74.33093525179856,0.5927608041939201,-7.91,-2.1725490196078425,-0.1411764705882348,0.8999999999999999,0.0,0.0,51.984126984126945,58.51428571428571,0.05894573667873223,197.99999999999952,105.10702631674013,2021-04-28 13:35:00
74.91906474820144,0.5927608041939201,-6.45,-2.211764705882352,-0.1411764705882348,1.2299999999999998,0.0,0.0,57.73809523809521,58.51428571428571,0.05894573667873223,197.99999999999952,105.10702631674013,2021-04-28 13:35:10
77.27158273381295,0.5927608041939201,-4.99,-2.3058823529411763,-0.1411764705882348,1.5599999999999998,0.0,0.0,60.71428571428569,58.304761904761904,0.23578294671492891,197.99999999999952,105.10702631674013,2021-04-28 13:35:20
77.85971223021582,0.5927608041939201,-3.69,-2.470588235294117,-0.1411764705882348,2.76,0.0,0.0,61.90476190476188,58.0952380952381,0.3536744200723934,197.99999999999952,105.10702631674013,2021-04-28 13:35:30
78.86690647482013,0.58136154165304,0.83,-2.5647058823529405,-0.1411764705882348,3.96,0.0,0.0,61.90476190476188,58.0952380952381,0.5203094687817765,197.99999999999952,105.10702631674013,2021-04-28 13:35:40
82.89568345323741,0.58136154165304,2.29,-2.7058823529411757,-0.1411764705882348,3.36,0.0,0.0,61.90476190476188,58.21428571428572,0.5203094687817765,197.99999999999952,105.10702631674013,2021-04-28 13:35:50
81.54496402877697,0.58136154165304,-2.29,-2.847058823529411,-0.1450980392156858,5.22,0.0,0.0,61.50793650793648,58.2936507936508,0.5203094687817765,197.99999999999952,105.10702631674013,2021-04-28 13:36:00
78.99730215827338,0.58136154165304,-8.48,-2.941176470588234,-0.1607843137254898,5.22,0.0,0.0,59.92063492063489,58.13492063492064,0.5203094687817765,197.99999999999952,105.10702631674013,2021-04-28 13:36:10
78.23830935251797,0.58136154165304,-5.64,-3.035294117647058,-0.16470588235294079,3.36,0.0,0.0,57.14285714285711,57.38095238095239,0.5203094687817765,197.99999999999952,105.10702631674013,2021-04-28 13:36:20
76.24370503597122,0.58136154165304,-7.91,-3.137254901960784,-0.16470588235294079,3.0599999999999996,0.0,0.0,54.76190476190473,56.74603174603175,0.4046851423858262,197.99999999999952,105.10702631674013,2021-04-28 13:36:30
74.43884892086331,0.5927608041939201,-8.11,-3.2627450980392148,-0.16470588235294079,2.1599999999999997,0.0,0.0,54.76190476190473,57.06349206349208,0.23578294671492891,197.99999999999952,105.10702631674013,2021-04-28 13:36:40
74.43884892086331,0.58136154165304,-7.7,-3.4117647058823524,-0.16470588235294079,3.0599999999999996,0.0,0.0,55.95238095238092,57.41904761904763,0.23124865279190066,197.99999999999952,105.10702631674013,2021-04-28 13:36:50
76.82374100719424,0.5927608041939201,-7.8,-3.584313725490195,-0.16470588235294079,4.62,0.0,0.0,57.14285714285711,57.73137973137974,0.1768372100361967,197.99999999999952,105.10702631674013,2021-04-28 13:37:00
80.0089928057554,0.58136154165304,-8.02,-3.80392156862745,-0.16470588235294079,4.62,0.0,0.0,57.14285714285711,57.875946275946276,0.5203094687817765,197.99999999999952,105.10702631674013,2021-04-28 13:37:10
83.21043165467626,0.5927608041939201,-6.675,-3.9764705882352933,-0.1764705882352937,4.290000000000001,0.0,0.0,57.14285714285711,57.467948717948715,0.29472868339366115,197.99999999999952,105.10702631674013,2021-04-28 13:37:20
84.01079136690647,0.5927608041939201,-5.33,-4.141176470588235,-0.18823529411764664,3.96,0.0,0.0,57.14285714285711,57.083333333333336,0.53051163010859,197.99999999999952,105.10702631674013,2021-04-28 13:37:30
84.01079136690647,0.5927608041939201,-5.1,-4.329411764705881,-0.18823529411764664,4.92,0.0,0.0,57.14285714285711,57.32142857142857,0.53051163010859,197.99999999999952,105.10702631674013,2021-04-28 13:37:40
84.01079136690647,0.5927608041939201,-5.46,-4.658823529411764,-0.18823529411764664,4.92,0.0,0.0,58.3333333333333,57.5,0.05894573667873223,197.99999999999952,105.10702631674013,2021-04-28 13:37:50
81.69604316546763,0.5927608041939201,-4.43,-4.8470588235294105,-0.18823529411764664,4.26,0.0,0.0,58.730158730158706,57.542735042735046,0.05894573667873223,197.99999999999952,105.10702631674013,2021-04-28 13:38:00
79.38129496402878,0.5927608041939201,-5.6775,-4.941176470588235,-0.18823529411764664,4.035,0.0,0.0,55.55555555555553,57.23748473748474,0.05894573667873223,197.99999999999952,105.10702631674013,2021-04-28 13:38:10
79.39568345323741,0.5927608041939201,-6.925,-4.941176470588235,-0.18823529411764664,3.81,0.0,0.0,53.57142857142854,57.019739519739524,0.47156589342985783,197.99999999999952,105.10702631674013,2021-04-28 13:38:20
79.45323741007195,0.5927608041939201,-12.12,-4.96470588235294,-0.19999999999999962,2.76,0.0,0.0,52.77777777777774,56.83756005595086,0.53051163010859,197.99999999999952,105.10702631674013,2021-04-28 13:38:30
79.46762589928058,0.5927608041939201,-9.83,-4.988235294117646,-0.2117647058823526,0.6,0.0,0.0,54.36507936507933,56.67457276652679,0.53051163010859,197.99999999999952,105.10702631674013,2021-04-28 13:38:40
79.4820143884892,0.58136154165304,-6.19,-4.988235294117646,-0.2117647058823526,2.1599999999999997,0.0,0.0,56.547619047619015,56.837027914614126,0.5203094687817765,197.99999999999952,105.10702631674013,2021-04-28 13:38:50
79.53956834532374,0.58136154165304,-6.66,-5.011764705882352,-0.2117647058823526,1.8599999999999999,0.0,0.0,57.14285714285711,56.90476190476191,0.5203094687817765,197.99999999999952,105.10702631674013,2021-04-28 13:39:00
79.55395683453237,0.5927608041939201,-6.24,-5.027450980392156,-0.2117647058823526,3.0599999999999996,0.0,0.0,56.74603174603172,56.87389770723105,0.53051163010859,197.99999999999952,105.10702631674013,2021-04-28 13:39:10
79.568345323741,0.5927608041939201,-5.88,-4.996078431372548,-0.2117647058823526,4.92,0.0,0.0,55.15873015873012,56.75044091710758,0.53051163010859,197.99999999999952,105.10702631674013,2021-04-28 13:39:20
79.62589928057554,0.5927608041939201,-6.449999999999999,-5.035294117647058,-0.2117647058823526,4.59,0.0,0.0,53.57142857142854,55.79250057510927,0.53051163010859,197.99999999999952,105.10702631674013,2021-04-28 13:39:30
82.0953237410072,0.5927608041939201,-7.02,-5.090196078431371,-0.2117647058823526,4.26,0.0,0.0,53.174603174603135,54.85195044201255,0.53051163010859,197.99999999999952,105.10702631674013,2021-04-28 13:39:40
84.55935251798562,0.5927608041939201,-7.569999999999999,-5.12156862745098,-0.2117647058823526,4.26,0.0,0.0,56.34920634920631,54.79805448749549,0.3536744200723934,197.99999999999952,105.10702631674013,2021-04-28 13:39:50
84.59532374100719,0.58706117292348,-8.12,-5.129411764705882,-0.2117647058823526,4.26,0.0,0.0,58.3333333333333,55.12471655328798,0.5254105494451833,197.99999999999952,105.10702631674013,2021-04-28 13:40:00
84.65827338129498,0.58136154165304,-6.92,-5.152941176470588,-0.2117647058823526,4.26,0.0,0.0,59.52380952380949,55.436980347694636,0.5203094687817765,197.99999999999952,105.10702631674013,2021-04-28 13:40:10
84.05575539568346,0.5927608041939201,-7.06,-5.223529411764705,-0.2117647058823526,4.62,0.0,0.0,59.52380952380949,55.325491307634174,0.53051163010859,197.99999999999952,105.10702631674013,2021-04-28 13:40:20
81.42985611510791,0.5927608041939201,-7.324999999999999,-5.223529411764705,-0.2117647058823526,4.290000000000001,0.0,0.0,60.71428571428568,55.23928571428572,0.53051163010859,197.99999999999952,105.10702631674013,2021-04-28 13:40:30
81.13180883864337,0.5927608041939201,-7.59,-5.223529411764705,-0.19999999999999968,3.96,0.0,0.0,63.095238095238074,55.04444444444445,0.53051163010859,197.99999999999952,105.10702631674013,2021-04-28 13:40:40
81.65153591412584,0.5927608041939201,-3.29,-5.254901960784313,-0.18431372549019576,5.82,0.0,0.0,67.85714285714283,54.49841269841271,0.53051163010859,197.99999999999952,105.10702631674013,2021-04-28 13:40:50
82.29673404133834,0.58136154165304,-5.98,-5.380392156862745,-0.16862745098039184,6.42,0.0,0.0,70.23809523809521,54.32380952380953,0.5203094687817765,197.99999999999952,105.10702631674013,2021-04-28 13:41:00
82.71642685851319,0.58136154165304,-5.13,-5.458823529411764,-0.15294117647058797,6.119999999999999,0.0,0.0,71.4285714285714,54.40476190476191,0.5203094687817765,197.99999999999952,105.10702631674013,2021-04-28 13:41:10
83.00719424460432,0.58706117292348,-8.01,-5.502396514161219,-0.12156862745098013,3.0599999999999996,0.0,0.0,71.4285714285714,54.88095238095238,0.5254105494451833,197.99999999999952,105.10702631674013,2021-04-28 13:41:20
83.13669064748201,0.5927608041939201,-1.3,-5.488453159041393,-0.043137254901960465,6.42,0.0,0.0,77.38095238095235,54.76190476190476,0.53051163010859,197.99999999999952,105.10702631674013,2021-04-28 13:41:30
82.8191161356629,0.5927608041939201,-10.76,-5.245004668534079,0.11764705882352974,2.1599999999999997,0.0,0.0,88.88888888888887,54.467592592592595,0.53051163010859,197.99999999999952,105.10702631674013,2021-04-28 13:41:40
82.54924631723193,0.5927608041939201,-6.87,-4.95518207282913,0.26666666666666694,10.08,0.0,0.0,111.11111111111109,54.242724867724874,0.53051163010859,197.99999999999952,105.10702631674013,2021-04-28 13:41:50
82.86956149366222,0.5927608041939201,-8.11,-4.755742296918767,0.2980392156862748,9.180000000000001,0.0,0.0,115.47619047619045,54.50167887667888,0.53051163010859,197.99999999999952,105.10702631674013,2021-04-28 13:42:00
83.27113309352518,0.5927608041939201,-9.35,-4.591855203619908,0.3411764705882355,8.280000000000001,0.0,0.0,111.19047619047615,54.731684981684985,0.53051163010859,197.99999999999952,105.10702631674013,2021-04-28 13:42:10
83.85716426858514,0.5927608041939201,-10.82,-4.32760180995475,0.3764705882352944,0.0,0.0,0.0,98.01587301587298,54.173881673881674,0.05894573667873223,197.99999999999952,105.10702631674013,2021-04-28 13:42:20
84.91531774580335,0.58706117292348,-4.34,-3.7266968325791847,0.37647058823529433,7.38,0.0,0.0,82.46031746031743,52.96464646464647,0.5254105494451833,197.99999999999952,105.10702631674013,2021-04-28 13:42:30
84.1591726618705,0.58136154165304,-4.05,-3.411764705882352,0.38823529411764723,7.38,0.0,0.0,77.92207792207789,51.95475159760875,0.5203094687817765,197.99999999999952,105.10702631674013,2021-04-28 13:42:40
83.94934052757793,0.58136154165304,-4.21,-3.3411764705882345,0.4294117647058826,7.0200000000000005,0.0,0.0,83.04473304473301,51.23771730914589,0.5203094687817765,197.99999999999952,105.10702631674013,2021-04-28 13:42:50
87.19274580335731,0.5927608041939201,-2.33,-3.7176470588235286,0.5333333333333337,7.68,0.0,0.0,106.1327561327561,51.19992441421013,0.53051163010859,197.99999999999952,105.10702631674013,2021-04-28 13:43:00
88.1115107913669,0.5927608041939201,-1.87,-4.094117647058823,0.5960784313725493,7.38,0.0,0.0,113.09523809523805,51.58902691511388,0.05894573667873223,197.99999999999952,105.10702631674013,2021-04-28 13:43:10
88.23741007194243,0.5927608041939201,-7.59,-4.447058823529411,0.6705882352941179,7.38,0.0,0.0,118.49206349206344,52.0600414078675,0.05894573667873223,197.99999999999952,105.10702631674013,2021-04-28 13:43:20
88.30935251798562,0.5889610500136266,-6.255000000000001,-4.713725490196078,0.7333333333333336,6.12,0.0,0.0,135.3174603174603,52.34989648033127,0.05856787885181321,197.99999999999952,105.10702631674013,2021-04-28 13:43:30
83.68705035971223,0.5851612958333334,-4.28,-4.745098039215685,0.7490196078431376,7.38,0.0,0.0,139.5238095238095,52.52070393374741,0.5237101892240478,197.99999999999952,105.10702631674013,2021-04-28 13:43:40
79.81414868105514,0.58136154165304,-4.24,-4.542745098039214,0.7411764705882357,7.0200000000000005,0.0,0.0,137.30158730158726,52.539682539682545,0.057812163197975164,197.99999999999952,105.10702631674013,2021-04-28 13:43:50
82.88369304556355,0.5927608041939201,-1.64,-4.143388637506283,0.7176470588235297,8.879999999999999,0.0,0.0,128.41269841269838,52.22222222222223,0.53051163010859,197.99999999999952,105.10702631674013,2021-04-28 13:44:00
83.96582733812949,0.5927608041939201,-8.9,-3.3867471091000496,0.6705882352941179,8.58,0.0,0.0,117.85714285714282,52.261904761904766,0.53051163010859,197.99999999999952,105.10702631674013,2021-04-28 13:44:10
83.5945529290853,0.58706117292348,-7.664999999999999,-2.861268008529671,0.6352941176470591,6.72,0.0,0.0,105.55555555555551,52.38095238095239,0.0583789499383537,197.99999999999952,105.10702631674013,2021-04-28 13:44:20
80.85046248715314,0.58136154165304,-5.22,-2.410006761325219,0.5882352941176474,7.98,0.0,0.0,89.68253968253967,52.38095238095239,0.5203094687817765,197.99999999999952,105.10702631674013,2021-04-28 13:44:30
81.75488180883865,0.58136154165304,1.09,-1.9502366463826903,0.4941176470588239,9.48,0.0,0.0,77.38095238095235,52.38095238095239,0.5203094687817765,197.99999999999952,105.10702631674013,2021-04-28 13:44:40
83.33033573141486,0.5927608041939201,-2.1449999999999996,-1.835294117647058,0.48235294117647093,9.45,0.0,0.0,69.44444444444443,52.34126984126985,0.05894573667873223,197.99999999999952,105.10702631674013,2021-04-28 13:44:50
83.27038369304556,0.5927608041939201,-5.38,-1.8117647058823523,0.5019607843137258,9.42,0.0,0.0,71.03174603174602,52.182539682539684,0.53051163010859,197.99999999999952,105.10702631674013,2021-04-28 13:45:00
83.24640287769785,0.58136154165304,5.72,-1.7176470588235286,0.5333333333333337,4.92,0.0,0.0,72.6190476190476,52.14285714285715,0.5203094687817765,197.99999999999952,105.10702631674013,2021-04-28 13:45:10
83.39328537170263,0.5927608041939201,0.31,-1.7294117647058818,0.5764705882352943,5.22,0.0,0.0,74.60317460317458,52.10317460317461,0.53051163010859,197.99999999999952,105.10702631674013,2021-04-28 13:45:20
84.01678657074339,0.5927608041939201,4.35,-2.037647058823529,0.6352941176470591,6.119999999999999,0.0,0.0,77.77777777777777,51.94444444444444,0.53051163010859,197.99999999999952,105.10702631674013,2021-04-28 13:45:30
84.28657074340526,0.58136154165304,-0.3,-2.345098039215686,0.6823529411764709,6.42,0.0,0.0,82.14285714285712,51.78571428571429,0.5203094687817765,197.99999999999952,105.10702631674013,2021-04-28 13:45:40
84.36850519584333,0.58136154165304,-0.13999999999999999,-2.389019607843137,0.6823529411764709,6.8999999999999995,0.0,0.0,84.5238095238095,51.72619047619048,0.057812163197975164,197.99999999999952,105.10702631674013,2021-04-28 13:45:50
84.2406075139888,0.58136154165304,0.02,-2.5067873303167416,0.658823529411765,7.38,0.0,0.0,78.57142857142854,52.00952380952381,0.5203094687817765,197.99999999999952,105.10702631674013,2021-04-28 13:46:00
81.17805755395683,0.5927608041939201,-5.66,-2.5701357466063346,0.6117647058823532,8.280000000000001,0.0,0.0,69.04761904761902,52.42857142857143,0.53051163010859,197.99999999999952,105.10702631674013,2021-04-28 13:46:10
77.84952038369303,0.5927608041939201,-8.69,-2.396380090497737,0.5176470588235297,0.3,0.0,0.0,59.52380952380949,52.180952380952384,0.53051163010859,197.99999999999952,105.10702631674013,2021-04-28 13:46:20
76.65767386091127,0.5927608041939201,-8.48,-2.3764705882352937,0.48235294117647076,0.0,0.0,0.0,51.984126984126945,51.60622710622711,0.53051163010859,197.99999999999952,105.10702631674013,2021-04-28 13:46:30
76.35971223021582,0.5927608041939201,-8.48,-2.3999999999999995,0.47058823529411775,0.0,0.0,0.0,50.39682539682536,50.716849816849816,0.53051163010859,197.99999999999952,105.10702631674013,2021-04-28 13:46:40
76.35971223021582,0.5927608041939201,-8.58,-2.3999999999999995,0.47058823529411775,0.0,0.0,0.0,49.999999999999964,49.04090354090354,0.05894573667873223,197.99999999999952,105.10702631674013,2021-04-28 13:46:50
76.35971223021582,0.5927608041939201,-7.56,-2.447058823529411,0.47058823529411775,0.0,0.0,0.0,49.20634920634917,47.56991685563114,0.05894573667873223,197.99999999999952,105.10702631674013,2021-04-28 13:47:00
76.35971223021582,0.58136154165304,-7.23,-2.494117647058823,0.47058823529411775,0.0,0.0,0.0,46.03174603174598,47.50037792894936,0.057812163197975164,197.99999999999952,105.10702631674013,2021-04-28 13:47:10
76.35971223021582,0.5927608041939201,-7.23,-2.494117647058823,0.47058823529411775,0.0,0.0,0.0,46.42857142857138,48.14108251996451,0.05894573667873223,197.99999999999952,105.10702631674013,2021-04-28 13:47:20
76.35971223021582,0.5927608041939201,-7.18,-2.470588235294117,0.47058823529411775,0.0,0.0,0.0,48.01587301587298,48.84057971014494,0.05894573667873223,197.99999999999952,105.10702631674013,2021-04-28 13:47:30
76.35971223021582,0.5927608041939201,-7.13,-2.435294117647058,0.47058823529411775,0.0,0.0,0.0,49.603174603174566,49.00621118012423,0.05894573667873223,197.99999999999952,105.10702631674013,2021-04-28 13:47:40
77.00989208633092,0.58136154165304,-6.35,-2.3999999999999995,0.47058823529411775,0.0,0.0,0.0,49.999999999999964,48.95833333333334,0.057812163197975164,197.99999999999952,105.10702631674013,2021-04-28 13:47:50
79.61061151079136,0.5927608041939201,-6.45,-2.3999999999999995,0.47058823529411775,0.0,0.0,0.0,49.999999999999964,48.90833333333333,0.05894573667873223,197.99999999999952,105.10702631674013,2021-04-28 13:48:00
80.26079136690647,0.5927608041939201,-6.425000000000001,-2.3999999999999995,0.47058823529411775,0.0,0.0,0.0,49.999999999999964,49.06547619047619,0.05894573667873223,197.99999999999952,105.10702631674013,2021-04-28 13:48:10
80.26079136690647,0.5927608041939201,-6.24,-2.3999999999999995,0.4745098039215687,0.0,0.0,0.0,49.999999999999964,48.804081632653066,0.05894573667873223,197.99999999999952,105.10702631674013,2021-04-28 13:48:20
80.26079136690647,0.58136154165304,-6.4,-2.3999999999999995,0.4901960784313728,0.0,0.0,0.0,50.39682539682536,48.5323759133283,0.057812163197975164,197.99999999999952,105.10702631674013,2021-04-28 13:48:30
80.26079136690647,0.58136154165304,-6.4,-2.517647058823529,0.5058823529411767,0.0,0.0,0.0,51.984126984126945,48.648274124464606,0.057812163197975164,197.99999999999952,105.10702631674013,2021-04-28 13:48:40
79.89658273381295,0.5927608041939201,-6.19,-2.5882352941176467,0.5176470588235297,0.0,0.0,0.0,57.14285714285711,49.130291005291014,0.05894573667873223,197.99999999999952,105.10702631674013,2021-04-28 13:48:50
78.43974820143885,0.58136154165304,-6.45,-2.3999999999999995,0.5176470588235297,0.0,0.0,0.0,61.90476190476188,49.43373015873016,0.057812163197975164,197.99999999999952,105.10702631674013,2021-04-28 13:49:00
78.98317060637206,0.58136154165304,-7.74,-2.235294117647058,0.5294117647058827,0.6,0.0,0.0,61.90476190476188,48.83531746031747,0.057812163197975164,197.99999999999952,105.10702631674013,2021-04-28 13:49:10
79.69231757451182,0.5927608041939201,-9.94,-2.0470588235294107,0.5411764705882356,5.52,0.0,0.0,61.90476190476188,48.47637362637363,0.05894573667873223,197.99999999999952,105.10702631674013,2021-04-28 13:49:20
80.08543165467626,0.5927608041939201,-6.19,-1.7647058823529402,0.5411764705882356,4.62,0.0,0.0,61.90476190476188,48.52710622710623,0.05894573667873223,197.99999999999952,105.10702631674013,2021-04-28 13:49:30
80.03147482014388,0.5927608041939201,-6.37,-1.623529411764705,0.5294117647058827,4.290000000000001,0.0,0.0,62.301587301587276,48.720899470899475,0.05894573667873223,197.99999999999952,105.10702631674013,2021-04-28 13:49:40
81.50854316546763,0.58706117292348,-6.55,-1.5215686274509799,0.5176470588235297,3.96,0.0,0.0,63.888888888888864,49.01402116402117,0.0583789499383537,197.99999999999952,105.10702631674013,2021-04-28 13:49:50
83.05800359712231,0.58136154165304,-4.68,-1.3960784313725485,0.5176470588235297,0.8999999999999999,0.0,0.0,64.28571428571426,49.03344671201815,0.057812163197975164,197.99999999999952,105.10702631674013,2021-04-28 13:50:00
83.29361510791367,0.58136154165304,0.52,-1.3647058823529403,0.5000000000000003,4.26,0.0,0.0,64.68253968253967,48.977702191987916,0.057812163197975164,197.99999999999952,105.10702631674013,2021-04-28 13:50:10
83.36527141922826,0.5927608041939201,1.81,-1.6378516624040913,0.49411764705882383,5.22,0.0,0.0,66.26984126984124,48.97014361300076,0.05894573667873223,197.99999999999952,105.10702631674013,2021-04-28 13:50:20
83.06082406801832,0.58136154165304,-3.54,-2.0014228180027627,0.48627450980392184,5.52,0.0,0.0,65.47619047619045,49.13690476190477,0.057812163197975164,197.99999999999952,105.10702631674013,2021-04-28 13:50:30
81.79202092871158,0.5927608041939201,-6.25,-2.363124320192844,0.4549019607843141,5.82,0.0,0.0,63.888888888888864,49.20859788359789,0.05894573667873223,197.99999999999952,105.10702631674013,2021-04-28 13:50:40
82.18525179856115,0.5927608041939201,-4.42,-2.9973630831642994,0.43529411764705916,5.82,0.0,0.0,62.301587301587276,48.8207671957672,0.05894573667873223,197.99999999999952,105.10702631674013,2021-04-28 13:50:50
82.8357314148681,0.5927608041939201,-1.61,-3.5705882352941165,0.4196078431372552,6.119999999999999,0.0,0.0,61.90476190476188,48.466666666666676,0.05894573667873223,197.99999999999952,105.10702631674013,2021-04-28 13:51:00
82.59592326139088,0.5927608041939201,-8.58,-3.6882352941176464,0.4039215686274512,8.879999999999999,0.0,0.0,61.50793650793648,48.2,0.05894573667873223,197.99999999999952,105.10702631674013,2021-04-28 13:51:10
81.5571389042612,0.5927608041939201,-5.98,-3.5999999999999988,0.38823529411764723,3.96,0.0,0.0,59.92063492063489,48.161904761904765,0.05894573667873223,197.99999999999952,105.10702631674013,2021-04-28 13:51:20
80.74734617900086,0.5927608041939201,-5.62,-3.253418124006358,0.37254901960784337,4.26,0.0,0.0,58.3333333333333,47.947826086956525,0.05894573667873223,197.99999999999952,105.10702631674013,2021-04-28 13:51:30
81.42350455300095,0.58136154165304,-2.7,-2.3376788553259136,0.3568627450980394,7.38,0.0,0.0,57.5396825396825,47.45341614906833,0.057812163197975164,197.99999999999952,105.10702631674013,2021-04-28 13:51:40
81.50670372792675,0.58136154165304,-3.9,-1.830842607313195,0.3294117647058825,6.42,0.0,0.0,59.1269841269841,46.293995859213254,0.057812163197975164,197.99999999999952,105.10702631674013,2021-04-28 13:51:50
81.42456622936945,0.58136154165304,1.7,-1.490196078431372,0.3019607843137257,7.98,0.0,0.0,61.90476190476187,46.00414078674949,0.057812163197975164,197.99999999999952,105.10702631674013,2021-04-28 13:52:00
81.43937790943716,0.58136154165304,-1.05,-1.2392156862745092,0.2862745098039218,7.38,0.0,0.0,65.07936507936505,45.9756728778468,0.057812163197975164,197.99999999999952,105.10702631674013,2021-04-28 13:52:10
80.71491413680201,0.58136154165304,-2.8150000000000004,-1.2357647058823522,0.2705882352941179,7.83,0.0,0.0,68.25396825396822,45.861801242236034,0.057812163197975164,197.99999999999952,105.10702631674013,2021-04-28 13:52:20
79.76841834802835,0.58706117292348,-4.58,-1.4889411764705875,0.26470588235294146,8.280000000000001,0.0,0.0,70.23809523809521,45.405844155844164,0.0583789499383537,197.99999999999952,105.10702631674013,2021-04-28 13:52:30
78.89510196354195,0.5927608041939201,-3.416666666666667,-2.1568627450980387,0.2862745098039218,7.760000000000002,0.0,0.0,71.82539682539681,44.90259740259741,0.05894573667873223,197.99999999999952,105.10702631674013,2021-04-28 13:52:40
79.11356628982529,0.5927608041939201,-2.2533333333333334,-2.5019607843137246,0.3019607843137257,7.24,0.0,0.0,73.4126984126984,44.5995670995671,0.05894573667873223,197.99999999999952,105.10702631674013,2021-04-28 13:52:50
79.45203836930456,0.5927608041939201,-1.09,-2.7058823529411757,0.3176470588235296,6.72,0.0,0.0,73.8095238095238,44.702380952380956,0.05894573667873223,197.99999999999952,105.10702631674013,2021-04-28 13:53:00
79.05875299760191,0.5927608041939201,-4.73,-2.7890196078431364,0.3294117647058825,6.42,0.0,0.0,72.6190476190476,44.67261904761905,0.05894573667873223,197.99999999999952,105.10702631674013,2021-04-28 13:53:10
77.65167865707434,0.5927608041939201,-2.43,-2.650980392156862,0.3294117647058825,7.68,0.0,0.0,71.03174603174602,44.44746376811595,0.05894573667873223,197.99999999999952,105.10702631674013,2021-04-28 13:53:20
76.38888888888889,0.58136154165304,-11.86,-2.4611764705882346,0.3411764705882354,3.66,0.0,0.0,69.44444444444443,43.90398550724638,0.057812163197975164,197.99999999999952,105.10702631674013,2021-04-28 13:53:30
76.57274180655475,0.58136154165304,-1.4,-2.28235294117647,0.35294117647058837,6.72,0.0,0.0,62.61904761904759,43.56262939958593,0.057812163197975164,197.99999999999952,105.10702631674013,2021-04-28 13:53:40
76.92446043165467,0.58136154165304,-6.21,-2.1882352941176464,0.3529411764705884,3.96,0.0,0.0,57.53968253968252,43.322940287226004,0.057812163197975164,197.99999999999952,105.10702631674013,2021-04-28 13:53:50
77.80275779376498,0.58136154165304,-5.57,-2.1882352941176464,0.3176470588235296,4.62,0.0,0.0,62.9365079365079,43.18613000755858,0.057812163197975164,197.99999999999952,105.10702631674013,2021-04-28 13:54:00
80.09292565947243,0.5927608041939201,-3.48,-2.24313725490196,0.2745098039215689,2.76,0.0,0.0,61.90476190476187,43.06947021232736,0.05894573667873223,197.99999999999952,105.10702631674013,2021-04-28 13:54:10
78.80395683453237,0.5927608041939201,3.74,-2.3686274509803913,0.24313725490196103,7.0200000000000005,0.0,0.0,58.253968253968225,43.04473304473305,0.05894573667873223,197.99999999999952,105.10702631674013,2021-04-28 13:54:20
77.16598150051388,0.5927608041939201,-1.61,-2.4941176470588227,0.2117647058823532,5.82,0.0,0.0,53.174603174603135,43.27561327561328,0.05894573667873223,197.99999999999952,105.10702631674013,2021-04-28 13:54:30
78.0601233299075,0.5927608041939201,-3.28,-2.666666666666666,0.16862745098039245,4.62,0.0,0.0,40.57823129251697,43.21428571428572,0.05894573667873223,197.99999999999952,105.10702631674013,2021-04-28 13:54:40
76.46197327852005,0.58136154165304,-2.87,-2.9803921568627443,0.0901960784313729,3.66,0.0,0.0,31.122448979591795,43.05555555555556,0.057812163197975164,197.99999999999952,105.10702631674013,2021-04-28 13:54:50
75.09232613908873,0.5927608041939201,1.11,-3.1999999999999993,0.035294117647059156,3.66,0.0,0.0,38.605442176870696,42.896825396825406,0.05894573667873223,197.99999999999952,105.10702631674013,2021-04-28 13:55:00
76.90047961630695,0.5927608041939201,-2.13,-3.2705882352941167,0.0235294117647062,3.66,0.0,0.0,39.285714285714235,42.73809523809524,0.05894573667873223,197.99999999999952,105.10702631674013,2021-04-28 13:55:10
77.32014388489208,0.5927608041939201,-2.3,-3.138461538461538,0.0235294117647062,3.66,0.0,0.0,36.33156966490294,42.38095238095238,0.05894573667873223,197.99999999999952,105.10702631674013,2021-04-28 13:55:20
77.95863309352518,0.58136154165304,-3.6,-2.5158371040723972,0.0235294117647062,3.66,0.0,0.0,29.276895943562568,41.42857142857143,0.057812163197975164,197.99999999999952,105.10702631674013,2021-04-28 13:55:30
80.64208633093526,0.5927608041939201,0.94,-2.1281873835507046,0.011764705882353262,3.66,0.0,0.0,22.089947089947053,40.91666666666667,0.05894573667873223,197.99999999999952,105.10702631674013,2021-04-28 13:55:40
80.10491606714629,0.5927608041939201,12.75,-1.7919261822376,3.219646771412954e-16,3.66,0.0,0.0,15.634920634920597,40.25072150072151,0.05894573667873223,197.99999999999952,105.10702631674013,2021-04-28 13:55:50
78.9533373301359,0.5927608041939201,4.68,-1.3748558246828135,3.219646771412954e-16,5.22,0.0,0.0,11.507936507936474,38.682178932178935,0.05894573667873223,197.99999999999952,105.10702631674013,2021-04-28 13:56:00
79.17915667466028,0.41037284580608,-4.89,-1.247058823529411,3.219646771412954e-16,5.22,0.0,0.0,7.222222222222191,38.192640692640694,0.04080858507822925,197.99999999999952,105.10702631674013,2021-04-28 13:56:10
78.41692030990592,0.58136154165304,0.97,-1.2705882352941171,-0.007843137254901636,6.75,0.0,0.0,1.7006802721088143,38.15476190476191,0.057812163197975164,197.99999999999952,105.10702631674013,2021-04-28 13:56:20
77.46931126427529,0.262182674283798,-0.5,-1.458823529411764,-0.03921568627450948,7.365,0.0,0.0,-6.2358276643991175,38.33333333333334,0.02607215384471113,197.99999999999952,105.10702631674013,2021-04-28 13:56:30
