Inclination,In Flow Rate,Thruster Force,Weight on Bit,Torque on Bit,Drilling Speed,diff_Distance,diff_Depth,Internal Pressure,Annular Pressure,Fluid Loss,Distance,Depth,time_dt
79.72826086956522,0.5927608041939201,6.6,-0.011820330969267975,-0.09456264775413693,0.0,0.0,0.0,75.51594746716697,41.91217166979362,0.53051163010859,17.999999999999794,0.0,2021-04-29 08:41:30
79.72826086956522,0.58136154165304,6.52,0.22458628841607461,-0.10401891252955066,0.0,0.0,0.0,159.15806754221387,42.41727784410712,0.5203094687817765,17.999999999999794,0.0,2021-04-29 08:41:40
79.71467391304347,1.2425178567402702,6.62,0.44326241134751676,-0.1321388577827546,0.0,0.0,0.0,182.0156439686569,42.236696230598675,1.1120340092572425,17.999999999999794,0.0,2021-04-29 08:41:50
79.66032608695652,0.5927608041939201,7.71,0.6028368794326232,-0.1323254945875325,0.0,0.0,0.0,176.61804559222065,42.13251108647451,0.53051163010859,17.999999999999794,0.0,2021-04-29 08:42:00
79.6195652173913,0.58706117292348,7.78,0.5496453900709212,-0.10056330381078407,0.0,0.0,0.0,138.1418942394552,41.826067073170734,0.5254105494451833,17.999999999999794,0.0,2021-04-29 08:42:10
79.63315217391303,0.58136154165304,7.69,0.4314420803782497,-0.06528046421663429,0.0,0.0,0.0,97.43198874296434,41.642530487804876,0.5203094687817765,17.999999999999794,0.0,2021-04-29 08:42:20
79.68297101449275,0.58136154165304,7.87,0.31323877068557837,-0.03931279041330385,0.0,0.0,0.0,84.31519699812381,41.61585365853659,0.5203094687817765,17.999999999999794,0.0,2021-04-29 08:42:30
80.0,0.5927608041939201,14.76,-0.14184397163120663,0.10638297872340437,0.0,0.0,0.0,51.93089430894308,-0.4410569105691029,0.53051163010859,17.999999999999794,0.0,2021-04-29 08:53:10
80.0,0.58706117292348,14.91,0.1418439716312048,0.06560283687943275,0.0,0.0,0.0,57.621951219512184,-0.6741962305986667,0.5254105494451833,17.999999999999794,0.0,2021-04-29 08:53:20
80.0,0.58136154165304,25.22,0.4255319148936162,0.024822695035461122,1.8599999999999999,0.0,0.0,59.7560975609756,-0.9118625277161836,0.5203094687817765,17.999999999999794,0.0,2021-04-29 08:53:30
80.01358695652173,0.58136154165304,36.739999999999995,0.6560283687943255,-0.05319148936170197,1.71,3.0000000000036664,0.5202439149180957,62.42378048780486,-1.0670731707317047,0.5203094687817765,18.500000000000405,0.5202439149180957,2021-04-29 08:53:40
80.05434782608695,0.58136154165304,48.26,0.7092198581560276,-0.0638297872340424,1.5599999999999998,2.9999999999983373,0.518141885292352,64.02439024390243,-1.0670731707317047,0.5203094687817765,19.000000000000128,1.0383858002104476,2021-04-29 08:53:50
80.08152173913044,0.58136154165304,51.2,0.7092198581560276,-0.0638297872340424,1.5599999999999998,0.0,0.0,64.02439024390243,-0.8003048780487778,0.5203094687817765,19.000000000000128,1.0383858002104476,2021-04-29 08:54:00
80.16304347826086,0.58136154165304,50.08,0.6914893617021269,-0.06205673758865232,1.5599999999999998,0.0,0.0,64.55792682926828,0.07469512195122263,0.5203094687817765,19.000000000000128,1.0383858002104476,2021-04-29 08:54:10
80.19021739130434,0.5927608041939201,49.44,0.6028368794326233,-0.05496453900709204,1.8599999999999999,5.999999999996675,1.02226646387068,65.62499999999999,0.38414634146341786,0.53051163010859,19.999999999999574,2.060652264081128,2021-04-29 08:54:20
80.29891304347825,0.5927608041939201,48.105000000000004,0.49645390070921874,-0.04964539007092183,1.8599999999999999,0.0,0.0,64.55792682926828,0.693597560975613,0.53051163010859,19.999999999999574,2.060652264081128,2021-04-29 08:54:30
80.39855072463767,0.58136154165304,46.77,0.4964539007092186,-0.04609929078014169,1.8599999999999999,0.0,0.0,66.15853658536584,0.7051961823966097,0.5203094687817765,19.999999999999574,2.060652264081128,2021-04-29 08:54:40
80.47101449275361,0.5851612958333334,46.14,0.5200945626477527,-0.03309692671394785,1.8599999999999999,6.000000000002004,0.9932792354660462,66.15853658536584,0.2598091198303316,0.5237101892240478,20.999999999999908,3.053931499547174,2021-04-29 08:54:50
80.57065217391303,0.5889610500136266,46.019999999999996,0.6146572104018908,-0.023640661938534147,1.8599999999999999,0.0,0.0,66.15853658536584,0.408271474019091,0.5271109096663189,20.999999999999908,3.053931499547174,2021-04-29 08:55:00
80.59782608695652,0.5927608041939201,46.17,0.5039193729003355,-0.015957446808510505,1.8599999999999999,0.0,0.0,66.15853658536584,0.853658536585369,0.53051163010859,20.999999999999908,3.053931499547174,2021-04-29 08:55:10
80.67934782608695,0.5927608041939201,45.52,0.3247480403135492,-0.014184397163120449,1.8599999999999999,5.999999999996675,0.9717571271615788,66.15853658536584,0.853658536585369,0.53051163010859,21.999999999999353,4.025688626708753,2021-04-29 08:55:20
80.78804347826087,0.5927608041939201,47.04,0.1455767077267628,-0.019503546099290663,2.1599999999999997,0.0,0.0,66.15853658536584,1.013719512195125,0.53051163010859,21.999999999999353,4.025688626708753,2021-04-29 08:55:30
80.81521739130434,0.5927608041939201,46.19,-0.033594624860023625,-0.015957446808510533,2.0100000000000002,3.0000000000036664,0.47885701499914957,67.7591463414634,1.2271341463414664,0.53051163010859,22.499999999999964,4.504545641707903,2021-04-29 08:55:40
80.89673913043478,0.5927608041939201,45.34,-0.21276595744680998,-0.019503546099290666,1.8599999999999999,2.9999999999983373,0.4746427907751746,68.29268292682926,1.2804878048780517,0.53051163010859,22.999999999999687,4.9791884324830775,2021-04-29 08:55:50
80.95108695652172,0.5927608041939201,45.34,-0.39193729003359634,-0.026595744680850936,2.0100000000000002,0.0,0.0,68.29268292682926,1.9054878048780515,0.53051163010859,22.999999999999687,4.9791884324830775,2021-04-29 08:56:00
80.99184782608694,0.5927608041939201,45.34,-0.5711086226203828,-0.03368794326241121,2.1599999999999997,0.0,0.0,68.29268292682926,2.7212906504065066,0.53051163010859,22.999999999999687,4.9791884324830775,2021-04-29 08:56:10
81.05978260869566,0.5927608041939201,45.12,-0.7502799552071692,-0.035460992907801275,2.1599999999999997,6.000000000002004,0.9324229364550308,68.29268292682926,3.028290889526545,0.41262015675112557,24.00000000000002,5.911611368938108,2021-04-29 08:56:20
81.15489130434781,0.5927608041939201,45.269999999999996,-0.9294512877939555,-0.031914893617021135,2.0100000000000002,0.0,0.0,68.29268292682926,2.5264526542324273,0.11789147335746446,24.00000000000002,5.911611368938108,2021-04-29 08:56:30
81.19565217391305,0.58706117292348,45.42,-1.0460992907801443,-0.026595744680850932,1.8599999999999999,0.0,0.0,68.29268292682926,2.0274390243902465,0.0583789499383537,24.00000000000002,5.911611368938108,2021-04-29 08:56:40
81.20923913043478,0.58136154165304,45.35,-1.0106382978723423,-0.023049645390070803,1.8599999999999999,2.9999999999983373,0.45847943778367223,68.29268292682926,1.600609756097564,0.057812163197975164,24.499999999999744,6.37009080672178,2021-04-29 08:56:50
81.26358695652173,0.58136154165304,45.28,-1.0460992907801434,-0.02659574468085095,1.8599999999999999,2.9999999999983373,0.45566701411833327,68.29268292682926,1.434620596205965,0.17343648959392552,24.999999999999467,6.8257578208401135,2021-04-29 08:57:00
81.31340579710144,0.58136154165304,44.37,-1.0106382978723416,-0.021276595744680743,2.46,0.0,0.0,68.29268292682926,1.6183943089430923,0.057812163197975164,24.999999999999467,6.8257578208401135,2021-04-29 08:57:10
81.34963768115941,0.58706117292348,46.03,-1.0815602836879448,-0.023049645390070816,3.0599999999999996,6.000000000002004,0.9024263450292769,68.29268292682926,2.347560975609759,0.0583789499383537,25.9999999999998,7.72818416586939,2021-04-29 08:57:20
81.39945652173913,0.5927608041939201,47.515,-1.134751773049647,-0.028368794326241016,3.0599999999999996,2.9999999999983373,0.4486341668123549,68.82621951219511,2.2586382113821166,0.05894573667873223,26.499999999999524,8.176818332681744,2021-04-29 08:57:30
81.41304347826086,0.58136154165304,49.0,-1.1170212765957466,-0.03014184397163108,3.0599999999999996,3.0000000000036664,0.4479307426731869,70.42682926829268,1.8516857962697304,0.057812163197975164,27.000000000000135,8.62474907535493,2021-04-29 08:57:40
81.41304347826086,0.58136154165304,48.77,-0.7801418439716337,-0.0336879432624112,3.0599999999999996,0.0,0.0,70.42682926829268,1.4601640961262587,0.057812163197975164,27.000000000000135,8.62474907535493,2021-04-29 08:57:50
81.41304347826086,0.58136154165304,48.33,0.3546099290780125,-0.02250409165302769,3.0599999999999996,5.999999999996675,0.8958614853447824,71.4939024390244,2.113185975609759,0.057812163197975164,27.99999999999958,9.520610560699714,2021-04-29 08:58:00
81.41304347826086,0.5927608041939201,48.655,1.175585643670749,-0.012365884706310108,3.0599999999999996,3.0000000000036664,0.4479307426731869,80.2730044345898,3.9253048780487827,0.05894573667873223,28.500000000000192,9.9685413033729,2021-04-29 08:58:10
81.41304347826086,0.58136154165304,48.98,1.0552331828927564,-0.042189488997999486,3.0599999999999996,2.9999999999983373,0.4479307426723912,110.81393200295639,4.182926829268295,0.057812163197975164,28.999999999999915,10.41647204604529,2021-04-29 08:58:20
81.44565217391303,1.0145329693220302,50.08,0.7084139264990319,-0.039007092198581415,3.36,0.0,0.0,170.3637510513036,4.225609756097564,0.10088790088418957,28.999999999999915,10.41647204604529,2021-04-29 08:58:30
81.48913043478261,1.2197193922250702,50.08,0.6493794326241125,-0.02482269503546087,3.36,5.999999999996675,0.8879822062356768,238.26198486122792,5.401031894934337,0.12129219342330419,29.99999999999936,11.304454252280967,2021-04-29 08:58:40
81.4945652173913,1.4249058151281102,49.28,0.4902079303675036,-0.0026595744680849866,3.21,2.9999999999983373,0.4437096702493388,283.5569105691057,6.280353022363117,0.14169648596241882,30.499999999999083,11.748163922530306,2021-04-29 08:58:50
81.41304347826086,1.41920621414095,48.48,0.44994013079119344,0.006205673758865383,3.0599999999999996,3.0000000000036664,0.4479307426731869,302.5650406504065,6.448669427012575,0.14112970223349153,30.999999999999694,12.196094665203493,2021-04-29 08:59:00
81.41304347826086,1.41350661315379,46.77,1.0714285714285703,-0.001091107474086066,3.0599999999999996,6.000000000002004,0.8958614853455781,320.1219512195122,6.008357863751054,0.14056291850456418,32.00000000000003,13.091956150549072,2021-04-29 08:59:10
81.38586956521738,1.41350661315379,46.17,1.1170212765957437,-0.022231314784506143,3.21,0.0,0.0,327.5914634146342,5.635331978319787,0.14056291850456418,32.00000000000003,13.091956150549072,2021-04-29 08:59:20
81.30434782608695,1.4249058151281102,45.57,0.9492635024549909,-0.0336879432624112,3.36,0.0,0.0,328.6585365853659,6.419729561878955,0.14169648596241882,32.00000000000003,13.091956150549072,2021-04-29 08:59:30
81.30434782608695,1.41920621414095,45.22,0.7965084560829232,-0.035460992907801275,3.0599999999999996,5.999999999996675,0.9071148543581835,328.6585365853659,7.367251016260165,0.14112970223349153,32.999999999999474,13.999071004907256,2021-04-29 08:59:40
81.30434782608695,1.41350661315379,45.22,0.6437534097108556,-0.031914893617021135,2.91,2.9999999999983373,0.45355742717909175,330.2591463414634,7.770025536793831,0.14056291850456418,33.4999999999992,14.452628432086348,2021-04-29 08:59:50
81.30434782608695,1.41350661315379,45.22,0.49099836333878794,-0.024822695035460852,2.76,3.0000000000036664,0.45355742717989744,333.99390243902445,7.841815196998127,0.14056291850456418,33.99999999999981,14.906185859266245,2021-04-29 09:00:00
81.30434782608695,1.41350661315379,46.21,0.3382433169667202,-0.01595744680851049,3.66,5.999999999996675,0.9071148543581835,335.06097560975616,7.563516260162604,0.14056291850456418,34.999999999999254,15.813300713624429,2021-04-29 09:00:10
81.22282608695653,1.41350661315379,45.465,0.18548827059465262,-0.03102836879432609,3.51,3.0000000000036664,0.4577763704425179,333.4603658536586,7.309451219512197,0.14056291850456418,35.499999999999865,16.271077084066945,2021-04-29 09:00:20
81.15489130434781,1.41350661315379,44.72,0.0709219858156018,-0.07180851063829771,3.36,2.9999999999983373,0.461291448934796,331.32621951219517,7.424582798459566,0.14056291850456418,35.99999999999959,16.73236853300174,2021-04-29 09:00:30
81.05978260869566,1.41350661315379,46.86,0.0709219858156018,-0.10815602836879418,3.36,6.000000000002004,0.9324229364550308,330.7926829268293,7.947689345314508,0.14056291850456418,36.99999999999992,17.66479146945677,2021-04-29 09:00:40
81.03260869565217,1.41350661315379,46.41,0.08865248226950248,-0.12115839243498804,3.51,0.0,0.0,331.32621951219517,8.473850844277674,0.14056291850456418,36.99999999999992,17.66479146945677,2021-04-29 09:00:50
81.03260869565217,1.4249058151281102,45.96,0.14184397163120452,-0.1471631205673757,3.66,0.0,0.0,333.4603658536586,8.974906191369609,0.28339297192483764,36.99999999999992,17.66479146945677,2021-04-29 09:01:00
81.0461956521739,1.41920621414095,46.54,0.15957446808510517,-0.15248226950354593,3.66,5.999999999996675,0.9338284471488112,334.5274390243903,9.821120689655174,0.14112970223349153,37.99999999999937,18.598619916605582,2021-04-29 09:01:10
81.07336956521739,1.41350661315379,46.55,0.2127659574468072,-0.14007092198581544,3.66,3.0000000000036664,0.46550868666368134,332.3932926829268,9.425862068965522,0.14056291850456418,38.49999999999998,19.064128603269264,2021-04-29 09:01:20
81.01902173913044,1.41920621414095,46.56,0.2009456264775401,-0.13475177304964522,3.66,2.9999999999983373,0.4683196554601088,330.7926829268293,9.177896341463418,0.14112970223349153,38.9999999999997,19.532448258729374,2021-04-29 09:01:30
80.96467391304347,1.4249058151281102,46.125,0.15366430260047165,-0.13475177304964522,3.81,2.9999999999983373,0.4711302028894693,330.7926829268293,8.697713414634148,0.14169648596241882,39.499999999999424,20.003578461618844,2021-04-29 09:01:40
80.89673913043478,1.4249058151281102,45.69,0.19503546099290656,-0.10283687943262394,3.96,3.0000000000036664,0.4746427907760177,330.7926829268293,8.891031504065042,0.14169648596241882,40.000000000000036,20.47822125239486,2021-04-29 09:01:50
80.79710144927536,1.41920621414095,45.71,0.15957446808510517,-0.0868794326241133,4.26,5.999999999996675,0.9595867558444001,331.32621951219517,9.018508085896077,0.14112970223349153,40.99999999999948,21.43780800823926,2021-04-29 09:02:00
80.72463768115942,1.41350661315379,45.825,0.19503546099290653,-0.08510638297872324,4.11,5.999999999996675,0.967076698049474,332.9268292682927,9.453263078826444,0.14056291850456418,41.99999999999893,22.404884706288733,2021-04-29 09:02:10
80.70652173913044,1.41350661315379,45.94,0.26595744680850925,-0.08510638297872324,3.96,6.000000000002004,0.9689489423690923,332.9268292682927,10.46578590785908,0.14056291850456418,42.99999999999926,23.373833648657826,2021-04-29 09:02:20
80.625,1.41350661315379,46.48,0.33687943262411224,-0.08510638297872324,3.96,0.0,0.0,332.9268292682927,10.641937669376697,0.14056291850456418,42.99999999999926,23.373833648657826,2021-04-29 09:02:30
80.59782608695652,1.41350661315379,45.995,0.30141843971631066,-0.08510638297872324,4.11,6.000000000002004,0.9801803675167514,334.5274390243902,11.474847560975611,0.14056291850456418,43.999999999999595,24.354014016174578,2021-04-29 09:02:40
80.5570652173913,1.41350661315379,45.51,0.2836879432624099,-0.09042553191489344,4.26,6.000000000002004,0.9843912446466685,333.4603658536586,11.577743902439027,0.14056291850456418,44.99999999999993,25.338405260821247,2021-04-29 09:02:50
80.54347826086956,1.41350661315379,45.275,0.2836879432624099,-0.09219858156028352,4.4399999999999995,2.9999999999983373,0.49289737987422827,332.9268292682927,11.364329268292686,0.14056291850456418,45.49999999999965,25.831302640695476,2021-04-29 09:03:00
80.54347826086956,1.41350661315379,45.04,0.2836879432624099,-0.09574468085106366,4.62,2.9999999999983373,0.49289737987422827,336.12804878048786,11.471036585365855,0.14056291850456418,45.999999999999375,26.324200020569705,2021-04-29 09:03:10
80.54347826086956,1.41920621414095,45.94,0.2836879432624099,-0.09929078014184381,4.62,6.000000000002004,0.9857947597493321,344.58255159474675,11.844512195121954,0.14112970223349153,46.99999999999971,27.309994780319037,2021-04-29 09:03:20
80.52989130434781,1.4249058151281102,46.355000000000004,0.2836879432624099,-0.09929078014184381,4.62,3.0000000000036664,0.4935991097088375,366.0356472795497,12.91158536585366,0.14169648596241882,47.50000000000032,27.803593890027877,2021-04-29 09:03:30
80.47554347826086,1.5160997356481751,46.77,0.26595744680850925,-0.09929078014184381,4.62,2.9999999999983373,0.49640575107769586,381.20121951219517,13.39176829268293,0.15076505592798356,48.00000000000004,28.299999641105572,2021-04-29 09:03:40
80.43478260869564,1.60729365616824,46.675,0.21276595744680724,-0.09929078014184381,4.62,6.000000000002004,0.997020878274418,406.55487804878055,13.605182926829272,0.1598336258935483,49.00000000000038,29.29702051937999,2021-04-29 09:03:50
80.43478260869564,1.60729365616824,46.58,0.21276595744680724,-0.09929078014184381,4.62,5.999999999996675,0.9970208782735325,417.2256097560976,13.978658536585368,0.1598336258935483,49.99999999999982,30.294041397653523,2021-04-29 09:04:00
80.40760869565216,1.60729365616824,46.08,0.19503546099290656,-0.10106382978723388,4.72,3.9999999999995595,0.6665512325456445,418.2926829268293,14.19207317073171,0.1598336258935483,50.666666666666416,30.960592630199166,2021-04-29 09:04:10
80.32608695652173,1.60729365616824,45.58,0.14184397163120452,-0.1063829787234041,4.82,3.9999999999995595,0.6721622723632299,418.82621951219517,14.298780487804882,0.1598336258935483,51.33333333333301,31.632754902562397,2021-04-29 09:04:20
80.32608695652173,1.60729365616824,45.08,0.14184397163120452,-0.1063829787234041,4.92,3.9999999999995595,0.6721622723632299,420.4268292682927,14.352134146341466,0.1598336258935483,51.9999999999996,32.30491717492563,2021-04-29 09:04:30
80.32608695652173,1.60729365616824,44.843333333333334,0.14184397163120452,-0.10992907801418424,4.92,6.000000000002004,1.0082434085452927,420.4268292682927,14.977134146341466,0.1598336258935483,52.999999999999936,33.31316058347092,2021-04-29 09:04:40
80.32608695652173,1.60729365616824,44.60666666666666,0.1300236406619374,-0.12056737588652468,4.92,5.999999999996675,1.0082434085443972,420.9603658536586,16.726371951219516,0.1598336258935483,53.99999999999938,34.32140399201531,2021-04-29 09:04:50
80.28532608695652,1.60729365616824,44.37,0.08274231678486893,-0.12056737588652468,4.92,6.000000000002004,1.0124509240560835,422.5609756097561,17.953506097560975,0.3196672517870966,54.999999999999716,35.333854916071395,2021-04-29 09:05:00
80.23097826086956,1.60729365616824,45.21,0.07092198581560182,-0.12056737588652468,5.22,0.0,0.0,422.0274390243902,18.331965290806757,0.1598336258935483,54.999999999999716,35.333854916071395,2021-04-29 09:05:10
80.1766304347826,1.60729365616824,45.57,0.12411347517730384,-0.12056737588652468,5.319999999999999,6.000000000002004,1.02366845453141,420.9603658536586,17.709310506566606,0.1598336258935483,56.00000000000005,36.357523370602806,2021-04-29 09:05:20
80.08152173913044,1.60729365616824,45.93,0.14184397163120452,-0.12056737588652468,5.42,5.999999999996675,1.033480772914944,422.0274390243902,16.73921635049684,0.1598336258935483,56.999999999999496,37.39100414351775,2021-04-29 09:05:30
80.01358695652173,1.60729365616824,46.29,0.19503546099290653,-0.11524822695035446,5.52,6.000000000002004,1.0404878298352673,408.5556402439024,16.40667344173442,0.1598336258935483,57.99999999999983,38.43149197335301,2021-04-29 09:05:40
79.97282608695652,1.5312986936954933,45.585,0.2127659574468072,-0.10815602836879418,5.52,6.000000000002004,1.0446913624876417,371.0248983739838,16.697154471544717,0.15227648140097286,59.00000000000016,39.47618333584065,2021-04-29 09:05:50
79.91847826086956,1.4553037312227468,44.88,0.2127659574468072,-0.09574468085106366,5.52,5.999999999996675,1.0502952498615594,363.35619918699194,17.510162601626018,0.14471933690839744,59.99999999999961,40.526478585702215,2021-04-29 09:06:00
79.80978260869566,1.37930876875,45.233333333333334,0.2659574468085093,-0.0815602836879431,5.62,3.9999999999995595,0.707666789719549,332.0518292682927,18.993902439024396,0.13716219241582203,60.6666666666662,41.23414537542176,2021-04-29 09:06:10
79.71467391304347,1.373609165870135,45.586666666666666,0.28368794326241,-0.08333333333333318,5.720000000000001,3.9999999999995595,0.7142009133225958,314.2530487804878,19.420731707317078,0.13659540849867902,61.333333333332796,41.948346288744354,2021-04-29 09:06:20
79.67391304347825,1.3679095629902702,45.94,0.24822695035460862,-0.08510638297872324,5.82,3.9999999999995595,0.7170006506235981,311.5853658536585,19.05136022514072,0.13602862458153603,61.99999999999939,42.66534693936795,2021-04-29 09:06:30
79.64673913043477,1.3679095629902702,45.925,0.19503546099290653,-0.08510638297872324,5.970000000000001,9.000000000000341,1.6174506164535924,311.5853658536585,19.5750469043152,0.13602862458153603,63.499999999999446,44.282797555821546,2021-04-29 09:06:40
79.56521739130433,1.3679095629902702,45.91,0.15957446808510517,-0.08510638297872324,6.119999999999999,9.000000000000341,1.6300458873887664,313.1859756097561,20.851321138211386,0.13602862458153603,64.9999999999995,45.91284344321031,2021-04-29 09:06:50
79.56521739130433,1.3679095629902702,46.34,0.21276595744680724,-0.08510638297872324,6.119999999999999,6.000000000001961,1.0866972582594916,312.1189024390244,21.83674953095685,0.13602862458153603,65.99999999999983,46.999540701469805,2021-04-29 09:07:00
79.52445652173911,1.3679095629902702,46.77,0.21276595744680724,-0.08510638297872324,6.119999999999999,5.99999999999676,1.0908948579897437,311.5853658536585,22.516721388367735,0.13602862458153603,66.99999999999929,48.09043555945955,2021-04-29 09:07:10
79.5516304347826,1.3679095629902702,45.730000000000004,0.21276595744680724,-0.08510638297872324,6.119999999999999,6.000000000001961,1.0880965193841554,311.5853658536586,22.565164369035,0.13602862458153603,67.99999999999962,49.1785320788437,2021-04-29 09:07:20
79.56521739130433,1.3679095629902702,44.69,0.2304964539007079,-0.08510638297872324,6.119999999999999,6.000000000001961,1.0866972582594916,313.18597560975616,22.585415562036054,0.13602862458153603,68.99999999999994,50.26522933710319,2021-04-29 09:07:30
79.56521739130433,1.3679095629902702,45.0,0.2836879432624099,-0.08333333333333318,6.119999999999999,6.000000000002046,1.086697258259507,313.719512195122,22.777566056910572,0.13602862458153603,70.00000000000028,51.3519265953627,2021-04-29 09:07:40
79.56521739130433,1.3679095629902702,45.309999999999995,0.2836879432624099,-0.07801418439716296,6.119999999999999,5.999999999996675,1.0866972582585341,311.5853658536586,22.83536585365854,0.13602862458153603,70.99999999999973,52.43862385362123,2021-04-29 09:07:50
79.56521739130433,1.3679095629902702,45.62,0.31914893617021145,-0.07978723404255303,6.119999999999999,6.000000000001961,1.0866972582594916,309.4512195121951,22.799085365853664,0.13602862458153603,72.00000000000006,53.52532111188072,2021-04-29 09:08:00
79.56521739130433,1.3679095629902702,45.584999999999994,0.41371158392434887,-0.08510638297872324,5.970000000000001,5.99999999999676,1.0866972582585495,309.4512195121951,23.019969512195125,0.27205724916307206,72.99999999999952,54.61201837013927,2021-04-29 09:08:10
79.56521739130433,1.3679095629902702,45.55,0.3664302600472802,-0.08510638297872324,5.82,6.000000000001961,1.0866972582594916,309.984756097561,24.06885162601626,0.27205724916307206,73.99999999999984,55.69871562839876,2021-04-29 09:08:20
79.56521739130433,1.3679095629902702,45.415,0.16548463356973886,-0.11170212765957428,6.12,6.000000000001961,1.0866972582594916,311.5853658536586,24.64176829268293,0.13602862458153603,75.00000000000017,56.78541288665825,2021-04-29 09:08:30
79.56521739130433,1.3679095629902702,45.28,-0.24625689519306632,-0.09131205673758849,6.42,5.99999999999676,1.0866972582585495,312.6524390243903,25.92987804878049,0.27205724916307206,75.99999999999963,57.872110144916796,2021-04-29 09:08:40
79.56521739130433,1.3679095629902702,45.0775,-0.6757289204097727,-0.05230496453900695,6.345,4.5000000000001705,0.8150229436943832,316.9207317073171,26.41006097560976,0.27205724916307206,76.74999999999966,58.687133088611176,2021-04-29 09:08:50
79.56521739130433,1.3679095629902702,44.875,0.07092198581560161,-0.07446808510638281,6.27,4.5000000000001705,0.8150229436943832,323.5365853658537,26.683943089430898,0.27205724916307206,77.49999999999969,59.50215603230556,2021-04-29 09:09:00
79.56521739130433,1.3679095629902702,44.6725,0.24822695035460865,0.06349734042553204,6.194999999999999,4.5000000000001705,0.8150229436943832,340.5030487804878,26.088414634146343,0.27205724916307206,78.24999999999972,60.31717897599994,2021-04-29 09:09:10
79.55615942028984,1.3679095629902702,44.47,1.994680851063829,0.15979909430707312,6.119999999999999,4.5000000000001705,0.8157225793528035,369.20731707317077,26.853658536585368,0.27205724916307206,78.99999999999974,61.13290155535274,2021-04-29 09:09:20
79.51992753623188,1.3679095629902702,45.925,4.210992907801418,0.3041184985425632,5.970000000000001,9.000000000000341,1.6370418358778742,404.52534672405545,29.38008130081301,0.13602862458153603,80.4999999999998,62.76994339123061,2021-04-29 09:09:30
79.5516304347826,1.3679095629902702,47.38,5.326241134751773,0.5309060895084374,5.82,9.000000000000341,1.6321447790757615,443.35844093735057,31.144308943089435,0.13602862458153603,81.99999999999986,64.40208817030637,2021-04-29 09:09:40
79.6875,1.3679095629902702,48.60333333333333,5.773049645390071,0.7082911178655861,5.82,3.999999999999517,0.7160674451064442,492.85743847257476,31.209570519618243,0.27205724916307206,82.66666666666644,65.11815561541282,2021-04-29 09:09:50
79.76902173913042,1.3679095629902702,49.82666666666667,6.368794326241135,0.8587967101734312,5.82,3.999999999999517,0.7104673682261363,530.773139462164,31.803935430658658,0.13602862458153603,83.33333333333303,65.82862298363895,2021-04-29 09:10:00
79.90489130434781,1.3679095629902702,51.05,7.581560283687943,1.0009868104361221,5.82,3.999999999999602,0.7011307161645977,562.110433604336,33.46064814814815,0.13602862458153603,83.99999999999963,66.52975369980355,2021-04-29 09:10:10
80.06793478260869,1.3679095629902702,52.39,8.092986603624901,1.1233614957019213,5.82,11.999999999998636,2.0697646016961495,566.6920731707316,34.413109756097555,0.13602862458153603,85.9999999999994,68.5995183014997,2021-04-29 09:10:20
80.19021739130434,1.3679095629902702,51.055,7.681129189264358,1.1293382357212147,6.12,6.000000000002046,1.0222664638715953,543.1656504065041,34.89329268292683,0.13602862458153603,86.99999999999974,69.62178476537129,2021-04-29 09:10:30
80.24456521739131,1.3679095629902702,49.72,6.902725629258796,1.0768610821802311,6.42,6.000000000002046,1.016657927159261,530.8689024390244,35.34298780487805,0.13602862458153603,88.00000000000009,70.63844269253055,2021-04-29 09:10:40
80.27173913043478,1.3679095629902702,50.04,6.714539007092199,0.991543917075832,6.220000000000001,3.999999999999517,0.6759022103084509,535.6707317073171,35.81613508442777,0.13602862458153603,88.66666666666667,71.314344902839,2021-04-29 09:10:50
80.25815217391305,1.3679095629902702,50.36,7.802148518982061,0.9184397163120568,6.02,3.999999999999517,0.6768370999044571,556.2439024390244,36.234316369606006,0.13602862458153603,89.33333333333326,71.99118200274346,2021-04-29 09:11:00
80.2038043478261,1.3679095629902702,50.68,10.191906549853984,0.8976697061803446,5.82,3.999999999999602,0.680576277150116,575.9634146341464,38.93741394571204,0.13602862458153603,89.99999999999986,72.67175827989357,2021-04-29 09:11:10
80.1766304347826,1.3679095629902702,51.6,11.52482269503546,0.836142580823432,5.52,9.000000000000341,1.5355026817966606,582.6219512195122,41.56422108575924,0.13602862458153603,91.49999999999991,74.20726096169022,2021-04-29 09:11:20
80.23097826086956,1.3679095629902702,52.52,11.796690307328603,0.7322765116474645,5.22,9.000000000000341,1.527090220935453,584.2225609756098,43.963414634146346,0.13602862458153603,92.99999999999997,75.73435118262567,2021-04-29 09:11:30
80.32608695652172,1.3679095629902702,52.343333333333334,11.60756501182033,0.6903960978891601,5.319999999999999,3.999999999999602,0.672162272363238,585.2268651362983,46.647514071294566,0.13602862458153603,93.66666666666657,76.40651345498891,2021-04-29 09:11:40
80.5163043478261,1.3679095629902702,52.16666666666667,11.719858156028366,0.6699814986123962,5.42,3.999999999999517,0.6590677490464606,591.7003322510005,48.601078799249535,0.13602862458153603,94.33333333333316,77.06558120403537,2021-04-29 09:11:50
80.625,1.3679095629902702,51.99,11.826241134751772,0.6826241134751775,5.52,3.999999999999517,0.6515818935782762,580.9226054909107,47.146849593495936,0.13602862458153603,94.99999999999974,77.71716309761365,2021-04-29 09:12:00
80.85597826086956,1.373609165870135,52.16,11.60756501182033,0.6916257501363885,5.52,5.99999999999676,0.9535000470595963,557.7813053206137,45.670731707317074,0.13659540849867902,95.9999999999992,78.67066314467324,2021-04-29 09:12:10
81.08695652173913,1.37930876875,52.33,11.455691668457625,0.7018548827059466,5.52,6.000000000001961,0.9296117578431877,557.9678437314099,45.45020325203252,0.13716219241582203,96.99999999999953,79.60027490251643,2021-04-29 09:12:20
81.38586956521738,1.5047004750000001,50.81,10.304642166344294,0.7102958113596414,4.92,6.000000000001961,0.8986751314484279,591.9913741820344,46.98323170731708,0.1496314826354422,97.99999999999986,80.49895003396486,2021-04-29 09:12:30
81.75271739130434,1.63009218125,51.665000000000006,9.875886524822695,0.7015835491012796,4.44,5.99999999999676,0.8606741112749344,611.1095713229859,49.75956208425721,0.6484030914202495,98.99999999999932,81.35962414523979,2021-04-29 09:12:40
82.0516304347826,1.63009218125,52.52,9.858156028368795,0.6847478762372381,3.96,6.000000000001961,0.829684158854953,593.1525622074403,49.81984478935699,1.1347054099854368,99.99999999999964,82.18930830409475,2021-04-29 09:12:50
82.3641304347826,1.63009218125,53.04,9.964539007092199,0.6275231860338244,3.7600000000000007,2.0000000000024443,0.26575381374529367,568.6282746160796,50.482723577235774,0.810503864275312,100.33333333333339,82.45506211784004,2021-04-29 09:13:00
82.58152173913042,1.481902008592095,53.56,10.106382978723403,0.6099290780141845,3.56,1.9999999999970726,0.25823082052359814,559.1305329719964,53.63313008130082,0.7368217075430742,100.66666666666623,82.71329293836364,2021-04-29 09:13:10
82.7853260869565,1.33371183593419,54.08,10.407801418439714,0.6134751773049647,3.36,2.0000000000024443,0.2511746361184266,569.7530487804879,53.39880393996248,0.5305116406486693,100.99999999999997,82.96446757448206,2021-04-29 09:13:20
83.0570652173913,1.33371183593419,54.519999999999996,10.921985815602834,0.6187943262411348,3.36,2.99999999999838,0.36264219313498514,570.8841463414635,51.67917448405253,0.397883730486502,101.4999999999997,83.32710976761705,2021-04-29 09:13:30
83.3288043478261,1.33371183593419,54.96,10.602836879432623,0.5904255319148937,3.36,2.99999999999838,0.34851427497740833,565.0152439024391,52.5,0.397883730486502,101.99999999999943,83.67562404259445,2021-04-29 09:13:40
83.60054347826087,1.33371183593419,54.085,10.177304964539006,0.5531914893617023,3.36,6.000000000001961,0.668757034983551,563.4146341463415,53.83070301291248,0.397883730486502,102.99999999999976,84.344381077578,2021-04-29 09:13:50
83.88586956521738,1.3394114388140552,53.21,9.822695035460992,0.5567375886524824,3.36,6.000000000001961,0.6390557659370237,565.0152439024391,53.39660575398324,0.39958408223793107,104.00000000000009,84.98343684351504,2021-04-29 09:14:00
84.18478260869566,1.34511104169392,53.83,9.716312056737587,0.5709219858156029,3.36,2.99999999999838,0.3039615826394359,563.9481707317074,52.35959563543004,0.6688073899822666,104.49999999999982,85.28739842615447,2021-04-29 09:14:10
84.40217391304347,1.34511104169392,54.45,9.716312056737587,0.5833333333333335,3.36,2.99999999999838,0.29263541649093094,558.6128048780488,50.158055198973045,0.6688073899822666,104.99999999999955,85.58003384264539,2021-04-29 09:14:20
84.70108695652175,1.34511104169392,53.95,9.642166344294003,0.5851063829787235,3.36,2.0000000000024443,0.1847033951330922,553.8109756097562,48.8719512195122,0.8025688679787201,105.33333333333329,85.76473723777849,2021-04-29 09:14:30
85.02717391304347,1.34511104169392,53.45,9.298839458413926,0.572695035460993,3.36,1.9999999999970726,0.17336652693294163,530.3353658536585,47.3780487804878,0.8025688679787201,105.66666666666613,85.93810376471143,2021-04-29 09:14:40
85.35326086956522,1.34511104169392,52.95,8.82387706855792,0.5638297872340428,3.36,2.0000000000024443,0.1620240432694719,520.7317073170732,46.63109756097561,0.8025688679787201,105.99999999999987,86.1001278079809,2021-04-29 09:14:50
85.67934782608695,0.99743404901284,53.31,8.374704491725769,0.5496453900709222,3.36,2.99999999999838,0.2260144672981179,481.6114280094414,46.59416041275797,0.49593769014017086,106.4999999999996,86.32614227527901,2021-04-29 09:15:00
85.92391304347827,0.6497570563317601,53.67,7.32565011820331,0.5354609929078016,3.36,2.9999999999982947,0.21324343467914467,343.47436746863224,47.70473733583489,0.19384079417884506,106.99999999999932,86.53938570995815,2021-04-29 09:15:10
86.10054347826087,0.4331713708878401,50.17,5.955476753349093,0.5205167173252281,1.68,0.0,0.0,233.34403080872914,48.728658536585364,0.12922719611923006,106.99999999999932,86.53938570995815,2021-04-29 09:15:20
86.16847826086956,0.21658568544392004,46.67,3.9007092198581557,0.45896656534954416,0.0,0.0,0.0,140.9489329268293,49.27160657476141,0.12922719611923006,106.99999999999932,86.53938570995815,2021-04-29 09:15:30
86.19565217391305,0.19378718055101335,43.95,2.730496453900708,0.4255319148936171,0.0,0.0,0.0,134.4512195121951,44.85573524213504,0.09635360532995862,106.99999999999932,86.53938570995815,2021-04-29 09:16:30
86.19565217391305,0.3875743611020267,43.99,2.7836879432624104,0.4273049645390071,0.0,0.0,0.0,151.1686991869919,44.628788882997526,0.34687297918785104,106.99999999999932,86.53938570995815,2021-04-29 09:16:40
86.19565217391305,0.58136154165304,44.0,2.8368794326241127,0.4326241134751774,0.0,0.0,0.0,149.7459349593496,44.39526997172146,0.5203094687817765,106.99999999999932,86.53938570995815,2021-04-29 09:16:50
86.19565217391305,0.58136154165304,44.01,2.8368794326241127,0.4326241134751774,0.0,0.0,0.0,147.78963414634146,43.93673780487805,0.5203094687817765,106.99999999999932,86.53938570995815,2021-04-29 09:17:00
86.19565217391305,0.58136154165304,43.959999999999994,2.819148936170212,0.4326241134751774,0.0,0.0,0.0,145.65548780487805,42.936356707317074,0.4624973055838013,106.99999999999932,86.53938570995815,2021-04-29 09:17:10
86.19565217391305,0.58136154165304,43.91,2.76595744680851,0.4326241134751774,0.0,0.0,0.0,145.1219512195122,42.64735772357724,0.4624973055838013,106.99999999999932,86.53938570995815,2021-04-29 09:17:20
86.19565217391305,0.58136154165304,43.97333333333333,2.748226950354609,0.4326241134751774,0.0,0.0,0.0,143.52134146341464,42.99415650406504,0.5203094687817765,106.99999999999932,86.53938570995815,2021-04-29 09:17:30
86.19565217391305,0.58706117292348,44.03666666666667,2.695035460992907,0.4326241134751774,0.0,0.0,0.0,144.58841463414635,43.26981707317073,0.5254105494451833,106.99999999999932,86.53938570995815,2021-04-29 09:17:40
86.19565217391305,0.5927608041939201,44.1,2.6773049645390063,0.4326241134751774,0.0,0.0,0.0,141.1204268292683,42.94542682926829,0.47156589342985783,106.99999999999932,86.53938570995815,2021-04-29 09:17:50
86.19565217391305,0.5927608041939201,44.1,2.5886524822695027,0.4326241134751774,0.0,0.0,0.0,120.3125,42.42478791092259,0.47156589342985783,106.99999999999932,86.53938570995815,2021-04-29 09:18:00
86.19565217391305,0.5927608041939201,43.870000000000005,2.482269503546098,0.4326241134751774,0.0,0.0,0.0,108.31728712023963,41.945254506892894,0.53051163010859,106.99999999999932,86.53938570995815,2021-04-29 09:18:10
86.19565217391305,0.29638040209696004,43.64,2.482269503546098,0.4326241134751774,0.0,0.0,0.0,91.13755307593561,41.74923780487805,0.265255815054295,106.99999999999932,86.53938570995815,2021-04-29 09:18:20
86.19565217391305,0.28498113955608,42.37,2.003546099290779,0.43085106382978733,0.0,0.0,0.0,104.21747967479675,38.72289972899729,0.17003576915165441,106.99999999999932,86.53938570995815,2021-04-29 09:19:20
86.19565217391305,0.56996227911216,42.3,2.039007092198581,0.4273049645390071,0.0,0.0,0.0,113.63359201773838,38.21900406504065,0.5101073074549631,106.99999999999932,86.53938570995815,2021-04-29 09:19:30
86.19565217391305,0.5756619103826001,42.39,2.1099290780141837,0.4255319148936171,0.0,0.0,0.0,131.54101995565412,37.82774390243903,0.28622688228798326,106.99999999999932,86.53938570995815,2021-04-29 09:19:40
86.19565217391305,0.58136154165304,42.405,2.1631205673758855,0.4255319148936171,0.0,0.0,0.0,132.4426111908178,37.938897357723576,0.5203094687817765,106.99999999999932,86.53938570995815,2021-04-29 09:19:50
86.19565217391305,0.58706117292348,42.42,2.1808510638297864,0.4255319148936171,0.0,0.0,0.0,106.01685796269727,37.623028234358436,0.5254105494451833,106.99999999999932,86.53938570995815,2021-04-29 09:20:00
86.19565217391305,0.5927608041939201,42.315,2.1099290780141837,0.4255319148936171,0.0,0.0,0.0,102.72357723577237,37.13290915517851,0.5894573667873223,106.99999999999932,86.53938570995815,2021-04-29 09:20:10
86.19565217391305,0.29068077082652,42.325,2.0567375886524815,0.4255319148936171,0.0,0.0,0.0,110.1829268292683,37.87872628726288,0.26015473439088826,106.99999999999932,86.53938570995815,2021-04-29 09:20:30
86.19565217391305,0.58136154165304,42.44,2.0567375886524815,0.4255319148936171,0.0,0.0,0.0,113.20121951219512,38.08660794941283,0.4046851423858262,106.99999999999932,86.53938570995815,2021-04-29 09:20:40
86.19565217391305,0.29068077082652,42.53,2.039007092198581,0.4255319148936171,0.0,0.0,0.0,109.15337711069418,38.06273712737128,0.08671824479696276,106.99999999999932,86.53938570995815,2021-04-29 09:20:50
85.82880434782608,0.24929855703692502,-0.18,-4.5462811420258245,0.08156028368794334,1.8599999999999999,0.0,0.0,121.99695121951221,28.8109756097561,0.2231183015841096,106.99999999999932,86.53938570995815,2021-04-29 09:28:10
85.66576086956522,0.49859711407385005,-0.48000000000000004,-3.724313511547556,0.09574468085106391,1.71,0.0,0.0,128.80434782608697,28.92973052714398,0.0495818447964688,106.99999999999932,86.53938570995815,2021-04-29 09:28:20
85.5163043478261,0.49859711407385005,-0.78,-3.0038188761593023,0.1099290780141845,1.5599999999999998,0.0,0.0,130.2823435843054,29.291940848294118,0.0495818447964688,106.99999999999932,86.53938570995815,2021-04-29 09:28:30
85.3804347826087,0.24929855703692502,0.18499999999999994,-2.7369132049983125,0.11879432624113484,1.71,0.0,0.0,124.76626016260164,31.03889504804139,0.0247909223982344,106.99999999999932,86.53938570995815,2021-04-29 09:28:40
85.08152173913044,0.16838586054899332,1.335,-2.5000000000000013,0.16843971631205684,2.16,0.0,0.0,130.9599749843652,30.608583489681056,0.050234235425739515,106.99999999999932,86.53938570995815,2021-04-29 09:29:00
84.85054347826086,0.33677172109798664,1.52,-2.3581560283687955,0.19953627932351348,2.46,0.0,0.0,131.88320825515945,30.518292682926834,0.033489490283826334,106.99999999999932,86.53938570995815,2021-04-29 09:29:10
84.6195652173913,0.50515758164698,2.52,-2.2340425531914905,0.18944353518821616,2.16,0.0,0.0,128.41194404591104,30.518292682926834,0.40187388340591607,106.99999999999932,86.53938570995815,2021-04-29 09:29:20
84.44293478260869,0.25257879082349,3.52,-2.198581560283689,0.17907801418439726,1.8599999999999999,0.0,0.0,119.9515781922525,30.411585365853664,0.20093694170295803,106.99999999999932,86.53938570995815,2021-04-29 09:29:30
83.72282608695652,0.24929855703692502,6.35,-2.695035460992909,0.2187670485542827,0.8999999999999999,0.0,0.0,123.34857723577237,27.346175166297122,0.17353645678764082,106.99999999999932,86.53938570995815,2021-04-29 09:30:10
83.6141304347826,0.49859711407385005,5.234999999999999,-2.7965828497743406,0.19680851063829796,1.68,0.0,0.0,135.769368723099,27.33942687747036,0.4462366031682192,106.99999999999932,86.53938570995815,2021-04-29 09:30:20
83.47826086956522,0.49859711407385005,4.12,-3.321359491572259,0.17198581560283696,2.46,0.0,0.0,122.87382432647857,27.18149817367739,0.3966547583717504,106.99999999999932,86.53938570995815,2021-04-29 09:30:30
83.27445652173913,0.49859711407385005,2.955,-4.094832826747722,0.17907801418439726,1.38,0.0,0.0,111.01117886178861,27.6869918699187,0.4462366031682192,106.99999999999932,86.53938570995815,2021-04-29 09:30:40
83.11141304347825,0.24929855703692502,1.79,-4.779432624113477,0.1914893617021278,0.3,0.0,0.0,90.70121951219512,27.84634146341464,0.1983273791858752,106.99999999999932,86.53938570995815,2021-04-29 09:30:50
82.63586956521738,0.24929855703692502,1.5,-6.879432624113477,0.2585924713584289,2.76,0.0,0.0,125.66838649155723,25.876524390243905,0.2231183015841096,106.99999999999932,86.53938570995815,2021-04-29 09:31:20
82.52717391304347,0.49859711407385005,1.1833333333333333,-6.768694786611921,0.2567739589016186,1.84,0.0,0.0,128.1791468932789,26.33003048780488,0.0495818447964688,106.99999999999932,86.53938570995815,2021-04-29 09:31:30
82.37771739130434,0.24929855703692502,0.8666666666666667,-6.3257434366057,0.2385888343335153,0.92,0.0,0.0,125.77340387374463,26.787982723577237,0.1983273791858752,106.99999999999932,86.53938570995815,2021-04-29 09:31:40
81.38586956521738,0.49203664271531006,1.06,-8.985885134195525,0.27846050379065795,3.66,0.0,0.0,116.2063605930177,22.657520325203254,0.04892945379076669,106.99999999999932,86.53938570995815,2021-04-29 09:38:10
81.29076086956522,0.49531687839458005,-0.875,-8.815950493672648,0.29301173881144543,2.61,0.0,0.0,123.87222712724866,22.301829268292686,0.049255649293617754,106.99999999999932,86.53938570995815,2021-04-29 09:38:20
81.22282608695652,0.49859711407385005,-2.81,-8.044430538172717,0.2922474932746394,1.5599999999999998,0.0,0.0,143.562382739212,22.32850609756098,0.2974910687788129,106.99999999999932,86.53938570995815,2021-04-29 09:38:30
81.1231884057971,0.49859711407385005,-1.105,-6.762411347517732,0.2375886524822696,1.5599999999999998,0.0,0.0,135.4420731707317,22.670516729205758,0.0495818447964688,106.99999999999932,86.53938570995815,2021-04-29 09:38:40
81.05072463768116,0.49859711407385005,0.6,-6.918332258757792,0.21453900709219867,1.5599999999999998,0.0,0.0,120.26093974175035,22.931584844694605,0.4462366031682192,106.99999999999932,86.53938570995815,2021-04-29 09:38:50
81.03260869565217,0.24929855703692502,-4.140000000000001,-7.219766049553285,0.2056737588652483,1.0799999999999998,0.0,0.0,108.21769637733142,23.67321589882566,0.2231183015841096,106.99999999999932,86.53938570995815,2021-04-29 09:39:00
80.05434782608695,0.24929855703692502,5.16,-3.195035460992909,0.23747044917257693,4.92,0.0,0.0,95.45223577235772,20.225140712945596,0.2231183015841096,106.99999999999932,86.53938570995815,2021-04-29 09:43:00
80.04076086956522,0.49859711407385005,4.390000000000001,-2.969267139479907,0.30528691166989047,5.52,0.0,0.0,126.68529810298104,19.687500000000004,0.4462366031682192,106.99999999999932,86.53938570995815,2021-04-29 09:43:10
80.0,0.49859711407385005,3.62,-2.6950354609929095,0.35154738878143144,6.119999999999999,0.0,0.0,134.984756097561,19.770494579945805,0.4462366031682192,106.99999999999932,86.53938570995815,2021-04-29 09:43:20
80.0,0.501877347860415,2.62,-2.4822695035461004,0.29432624113475186,5.22,0.0,0.0,132.3170731707317,19.740853658536587,0.44917236099993746,106.99999999999932,86.53938570995815,2021-04-29 09:43:30
80.0,0.50515758164698,6.225,-2.446808510638299,0.25899189463019257,8.280000000000001,0.0,0.0,126.44817073170732,20.15537054409006,0.4521081188316555,106.99999999999932,86.53938570995815,2021-04-29 09:43:40
79.91847826086956,0.501877347860415,9.83,-2.2695035460992923,0.17798041202296533,11.34,0.0,0.0,112.04268292682926,21.664169446181646,0.44917236099993746,106.99999999999932,86.53938570995815,2021-04-29 09:43:50
79.80978260869566,0.49859711407385005,11.775,-2.1212121212121224,0.12322695035461002,10.11,0.0,0.0,97.10365853658537,20.926490514905154,0.4462366031682192,106.99999999999932,86.53938570995815,2021-04-29 09:44:00
79.66032608695652,0.49859711407385005,13.72,-2.3742746615087054,0.019503546099290905,8.879999999999999,0.0,0.0,80.56402439024389,18.780487804878053,0.4462366031682192,106.99999999999932,86.53938570995815,2021-04-29 09:44:10
79.6195652173913,0.49859711407385005,12.81,-2.6063829787234054,0.014184397163120687,8.879999999999999,0.0,0.0,78.96341463414633,17.500000000000004,0.4462366031682192,106.99999999999932,86.53938570995815,2021-04-29 09:44:20
79.57880434782606,0.49859711407385005,11.9,-2.836879432624115,0.017730496453900832,8.879999999999999,0.0,0.0,78.96341463414633,17.574695121951223,0.4462366031682192,106.99999999999932,86.53938570995815,2021-04-29 09:44:30
79.52445652173911,0.49859711407385005,13.225000000000001,-3.0851063829787244,0.02659574468085119,9.33,0.0,0.0,78.42987804878047,17.894026648599823,0.4462366031682192,106.99999999999932,86.53938570995815,2021-04-29 09:44:40
79.51086956521738,0.49859711407385005,14.55,-3.215130023640663,0.02127659574468097,9.780000000000001,0.0,0.0,76.29573170731706,18.27659214092141,0.4462366031682192,106.99999999999932,86.53938570995815,2021-04-29 09:44:50
79.52445652173911,0.49859711407385005,11.600000000000001,-3.3096926713948003,0.02127659574468097,6.2700000000000005,0.0,0.0,73.6280487804878,18.36006097560976,0.4462366031682192,106.99999999999932,86.53938570995815,2021-04-29 09:45:00
79.56521739130433,0.49859711407385005,8.65,-3.333333333333335,0.010638297872340542,2.76,0.0,0.0,70.42682926829268,17.633318277627225,0.4462366031682192,106.99999999999932,86.53938570995815,2021-04-29 09:45:10
79.56521739130433,0.49859711407385005,8.19,-3.067375886524824,0.001773049645390193,0.0,0.0,0.0,70.42682926829268,17.210493827160498,0.4462366031682192,106.99999999999932,86.53938570995815,2021-04-29 09:45:20
79.56521739130433,0.49859711407385005,8.145,-2.9787234042553203,1.24683249835833e-16,0.0,0.0,0.0,67.22560975609755,17.29081004890509,0.0495818447964688,106.99999999999932,86.53938570995815,2021-04-29 09:45:30
79.5516304347826,0.501877347860415,8.1,-2.8723404255319163,1.242495689668388e-16,0.0,0.0,0.0,66.15853658536584,17.36835342491356,0.049908040111104154,106.99999999999932,86.53938570995815,2021-04-29 09:45:40
79.51086956521738,0.50515758164698,8.1,-2.836879432624115,1.240327285323417e-16,0.0,0.0,0.0,66.15853658536584,17.724480578139115,0.05023423542573951,106.99999999999932,86.53938570995815,2021-04-29 09:45:50
79.51992753623188,0.501877347860415,8.1,-2.7836879432624126,1.240327285323417e-16,0.0,0.0,0.0,66.15853658536584,18.465701219512198,0.049908040111104154,106.99999999999932,86.53938570995815,2021-04-29 09:46:00
79.55615942028984,0.49859711407385005,8.145,-2.7127659574468095,0.00531914893617033,0.0,0.0,0.0,66.15853658536584,18.837321049840934,0.0495818447964688,106.99999999999932,86.53938570995815,2021-04-29 09:46:10
79.56521739130433,0.49859711407385005,8.19,-2.6950354609929086,0.0070921985815604,0.0,0.0,0.0,67.7591463414634,18.10710498409332,0.0495818447964688,106.99999999999932,86.53938570995815,2021-04-29 09:46:20
79.56521739130433,0.49859711407385005,8.17,-2.659574468085107,0.0070921985815604,0.0,0.0,0.0,68.29268292682926,16.84369918699187,0.0495818447964688,106.99999999999932,86.53938570995815,2021-04-29 09:46:30
79.56521739130433,0.49859711407385005,8.15,-2.6241134751773054,0.0070921985815604,0.0,0.0,0.0,66.6920731707317,16.021200750469045,0.0495818447964688,106.99999999999932,86.53938570995815,2021-04-29 09:46:40
79.56521739130433,0.49859711407385005,8.28,-2.6063829787234045,0.0070921985815604,0.0,0.0,0.0,66.15853658536584,16.19591346153846,0.0495818447964688,106.99999999999932,86.53938570995815,2021-04-29 09:46:50
79.52445652173911,0.49859711407385005,8.19,-2.553191489361703,0.007092198581560399,0.0,0.0,0.0,66.15853658536584,16.416412601626018,0.4462366031682192,106.99999999999932,86.53938570995815,2021-04-29 09:47:00
79.51086956521738,0.49859711407385005,8.1,-2.553191489361703,0.0070921985815604,0.0,0.0,0.0,66.15853658536584,16.793902439024393,0.0495818447964688,106.99999999999932,86.53938570995815,2021-04-29 09:47:10
79.51086956521738,0.49859711407385005,8.135,-2.553191489361703,0.0070921985815604,0.0,0.0,0.0,67.22560975609755,17.656859756097564,0.247909223982344,106.99999999999932,86.53938570995815,2021-04-29 09:47:20
79.51086956521738,0.49859711407385005,8.17,-2.5354609929078027,0.007092198581560399,0.0,0.0,0.0,70.42682926829268,17.793445121951223,0.0495818447964688,106.99999999999932,86.53938570995815,2021-04-29 09:47:30
79.51086956521738,0.49859711407385005,8.225,-2.482269503546101,0.007092198581560399,0.0,0.0,0.0,69.35975609756096,17.606707317073173,0.2974910687788129,106.99999999999932,86.53938570995815,2021-04-29 09:47:40
79.51086956521738,0.49859711407385005,8.28,-2.4645390070922,0.007092198581560399,0.0,0.0,0.0,66.15853658536584,17.364190687361422,0.4462366031682192,106.99999999999932,86.53938570995815,2021-04-29 09:47:50
79.51086956521738,0.49859711407385005,8.28,-2.4113475177304977,0.007092198581560399,0.0,0.0,0.0,66.15853658536584,17.78616962305987,0.0495818447964688,106.99999999999932,86.53938570995815,2021-04-29 09:48:00
79.51086956521738,0.49859711407385005,8.28,-2.4113475177304977,0.0070921985815604,0.0,0.0,0.0,62.71480044345897,17.99352134146342,0.0495818447964688,106.99999999999932,86.53938570995815,2021-04-29 09:48:10
79.51086956521738,0.501877347860415,8.19,-2.4113475177304977,0.0070921985815604,0.0,0.0,0.0,51.02549889135254,16.63300304878049,0.049908040111104154,106.99999999999932,86.53938570995815,2021-04-29 09:48:20
79.51086956521738,0.50515758164698,8.145,-2.4113475177304977,0.0070921985815604,0.0,0.0,0.0,45.5640243902439,15.714430894308945,0.05023423542573951,106.99999999999932,86.53938570995815,2021-04-29 09:48:30
79.51086956521738,0.25257879082349,8.1,-2.4113475177304977,0.007092198581560399,0.0,0.0,0.0,42.983647450110865,15.698780487804882,0.025117117712869754,106.99999999999932,86.53938570995815,2021-04-29 09:48:40
79.51086956521738,0.011399246433960451,8.1,-2.4113475177304977,0.0070921985815604,0.0,0.0,0.0,53.37355733697197,16.953658536585365,0.0011335718790414283,106.99999999999932,86.53938570995815,2021-04-29 09:49:00
79.5516304347826,0.022798492867920902,8.135,-2.0997973657548137,-0.4249408983451535,0.0,0.0,0.0,58.73379669111377,17.233231707317074,0.0022671437580828566,106.99999999999932,86.53938570995815,2021-04-29 09:49:10
79.56521739130433,0.58136154165304,8.17,-1.828774062816617,-0.5847405155915792,0.0,0.0,0.0,77.45981152993348,17.28658536585366,0.057812163197975164,106.99999999999932,86.53938570995815,2021-04-29 09:49:20
79.56521739130433,0.58136154165304,8.33,-1.7198581560283697,-0.6421816953731845,0.0,0.0,0.0,81.6310975609756,16.867964352720456,0.057812163197975164,106.99999999999932,86.53938570995815,2021-04-29 09:49:30
79.56521739130433,0.58136154165304,7.69,-1.7021276595744688,-0.6063829787234042,0.0,0.0,0.0,81.09756097560975,16.287458307275383,0.057812163197975164,106.99999999999932,86.53938570995815,2021-04-29 09:49:40
79.56521739130433,0.5927608041939201,7.14,-1.7021276595744688,-0.5744680851063829,0.0,0.0,0.0,81.09756097560975,15.85401987353207,0.05894573667873223,106.99999999999932,86.53938570995815,2021-04-29 09:49:50
79.56521739130433,0.58136154165304,6.95,-1.7021276595744688,-0.5567375886524821,0.0,0.0,0.0,79.4969512195122,15.464024390243905,0.057812163197975164,106.99999999999932,86.53938570995815,2021-04-29 09:50:00
79.56521739130433,0.5927608041939201,6.95,-1.3475177304964547,-0.48834853090172226,0.0,0.0,0.0,78.96341463414633,15.846036585365855,0.05894573667873223,106.99999999999932,86.53938570995815,2021-04-29 09:50:10
79.56521739130433,0.5927608041939201,6.95,-0.19503546099290886,-0.3005065856129684,0.0,0.0,0.0,78.96341463414633,16.646341463414636,0.05894573667873223,106.99999999999932,86.53938570995815,2021-04-29 09:50:20
79.56521739130433,0.58136154165304,14.38,0.017730496453899708,-0.2156028368794325,1.2,0.0,0.0,80.5640243902439,16.699695121951223,0.5203094687817765,106.99999999999932,86.53938570995815,2021-04-29 09:50:30
79.56521739130433,0.58706117292348,41.93,-0.17730496453900801,-0.09042553191489341,1.8599999999999999,0.0,0.0,81.09756097560975,16.720215759849907,0.5254105494451833,106.99999999999932,86.53938570995815,2021-04-29 09:50:40
79.56521739130433,0.5927608041939201,42.87,-0.2836879432624122,-0.08510638297872321,1.8599999999999999,0.0,0.0,81.09756097560975,16.733440170940177,0.05894573667873223,106.99999999999932,86.53938570995815,2021-04-29 09:50:50
79.56521739130433,0.58136154165304,42.019999999999996,-0.30141843971631294,-0.08333333333333315,0.9299999999999999,0.0,0.0,81.6310975609756,16.406934021263293,0.057812163197975164,106.99999999999932,86.53938570995815,2021-04-29 09:51:00
79.56521739130433,0.58136154165304,41.17,-0.3546099290780151,-0.07801418439716294,0.0,0.0,0.0,83.23170731707317,15.674054096310195,0.2890608159898758,106.99999999999932,86.53938570995815,2021-04-29 09:51:10
79.56521739130433,0.5927608041939201,40.97,-0.31914893617021356,-0.07624113475177288,0.0,0.0,0.0,83.23170731707317,14.73946784922395,0.05894573667873223,106.99999999999932,86.53938570995815,2021-04-29 09:51:20
79.56521739130433,0.5927608041939201,40.64,-0.20094562647754194,-0.06973995271867596,0.0,0.0,0.0,82.69817073170731,14.928159645232817,0.05894573667873223,106.99999999999932,86.53938570995815,2021-04-29 09:51:30
79.56521739130433,0.5927608041939201,40.37,-0.15366430260047342,-0.06501182033096911,0.0,0.0,0.0,81.09756097560975,16.08506097560976,0.05894573667873223,106.99999999999932,86.53938570995815,2021-04-29 09:51:40
79.56521739130433,0.5927608041939201,42.3,-0.08865248226950428,-0.05851063829787219,2.1599999999999997,0.0,0.0,81.6310975609756,16.85975609756098,0.05894573667873223,106.99999999999932,86.53938570995815,2021-04-29 09:51:50
79.56521739130433,0.58136154165304,42.03,-0.36347517730496515,-0.04609929078014171,2.1599999999999997,0.0,0.0,82.69817073170731,16.85975609756098,0.34687297918785104,106.99999999999932,86.53938570995815,2021-04-29 09:52:00
79.56521739130433,0.58136154165304,41.52,-0.7535460992907805,-0.03723404255319137,1.8599999999999999,0.0,0.0,81.09756097560975,16.85975609756098,0.057812163197975164,106.99999999999932,86.53938570995815,2021-04-29 09:52:10
79.56521739130433,0.5927608041939201,40.92,-0.7978723404255326,-0.03014184397163108,2.1599999999999997,0.0,0.0,81.09756097560975,16.776761517615178,0.05894573667873223,106.99999999999932,86.53938570995815,2021-04-29 09:52:20
79.56521739130433,0.5927608041939201,40.78,-0.780141843971632,-0.028368794326241002,2.1599999999999997,0.0,0.0,81.09756097560975,16.44478319783198,0.05894573667873223,106.99999999999932,86.53938570995815,2021-04-29 09:52:30
79.56521739130433,0.5927608041939201,40.64,-0.8865248226950365,-0.028368794326241002,2.1599999999999997,0.0,0.0,82.69817073170731,16.199407917992225,0.05894573667873223,106.99999999999932,86.53938570995815,2021-04-29 09:52:40
79.56521739130433,0.58136154165304,41.79,-0.6560283687943271,-0.0017730496453899507,2.1599999999999997,0.0,0.0,83.23170731707317,16.14528101802757,0.057812163197975164,106.99999999999932,86.53938570995815,2021-04-29 09:52:50
79.56521739130433,0.58136154165304,41.7,-0.5597771023302947,-0.1418439716312056,2.1599999999999997,0.0,0.0,83.23170731707317,16.20095440084836,0.057812163197975164,106.99999999999932,86.53938570995815,2021-04-29 09:53:00
79.56521739130433,0.58136154165304,41.75,-0.4381965552178325,-0.09574468085106373,2.1599999999999997,0.0,0.0,84.83231707317073,17.266064727954973,0.057812163197975164,106.99999999999932,86.53938570995815,2021-04-29 09:53:10
79.56521739130433,0.58136154165304,42.12,-0.3492907801418448,1.4145224343694215e-16,1.8599999999999999,0.0,0.0,85.36585365853658,17.614915572232647,0.057812163197975164,106.99999999999932,86.53938570995815,2021-04-29 09:53:20
79.56521739130433,0.58706117292348,41.33,-0.5070921985815612,-0.0017730496453899531,2.1599999999999997,0.0,0.0,83.76524390243902,18.649155722326455,0.0583789499383537,106.99999999999932,86.53938570995815,2021-04-29 09:53:30
79.56521739130433,0.5927608041939201,41.47,-0.6914893617021287,-0.00709219858156016,1.8599999999999999,0.0,0.0,83.23170731707317,19.057926829268297,0.05894573667873223,106.99999999999932,86.53938570995815,2021-04-29 09:53:40
79.56521739130433,0.58136154165304,42.53,-0.6205673758865258,-0.005319148936170089,1.8599999999999999,0.0,0.0,83.23170731707317,18.64176829268293,0.057812163197975164,106.99999999999932,86.53938570995815,2021-04-29 09:53:50
79.56521739130433,0.5927608041939201,42.74,-0.5673758865248235,0.0017730496453901936,2.1599999999999997,0.0,0.0,83.23170731707317,18.31239837398374,0.05894573667873223,106.99999999999932,86.53938570995815,2021-04-29 09:54:00
79.56521739130433,0.58136154165304,42.39,-0.5673758865248235,0.0070921985815604,2.1599999999999997,0.0,0.0,84.29878048780488,18.426930894308946,0.057812163197975164,106.99999999999932,86.53938570995815,2021-04-29 09:54:10
79.56521739130433,0.5927608041939201,41.48,-0.5851063829787242,0.0070921985815604,1.8599999999999999,0.0,0.0,85.36585365853658,18.620426829268297,0.05894573667873223,106.99999999999932,86.53938570995815,2021-04-29 09:54:20
79.56521739130433,0.58136154165304,41.06,-0.6560283687943271,0.00886524822695047,2.1599999999999997,0.0,0.0,85.89939024390245,18.55494733924612,0.057812163197975164,106.99999999999932,86.53938570995815,2021-04-29 09:54:30
79.56521739130433,0.5927608041939201,41.185,-0.7092198581560294,0.01595744680851075,2.1599999999999997,0.0,0.0,86.96646341463415,18.23725055432373,0.05894573667873223,106.99999999999932,86.53938570995815,2021-04-29 09:54:40
79.56521739130433,0.5927608041939201,41.31,-0.6973995271867622,0.022458628841607674,2.1599999999999997,0.0,0.0,85.36585365853658,18.353658536585368,0.05894573667873223,106.99999999999932,86.53938570995815,2021-04-29 09:54:50
79.56521739130433,0.58136154165304,40.37,-0.6501182033096936,0.027186761229314533,1.8599999999999999,0.0,0.0,85.89939024390245,18.353658536585368,0.057812163197975164,106.99999999999932,86.53938570995815,2021-04-29 09:55:00
79.56521739130433,0.5927608041939201,40.64,-0.5851063829787242,0.02836879432624125,2.1599999999999997,0.0,0.0,88.03353658536585,18.353658536585368,0.05894573667873223,106.99999999999932,86.53938570995815,2021-04-29 09:55:10
79.56521739130433,0.58136154165304,40.26,-0.5141843971631214,0.02304964539007103,2.1599999999999997,0.0,0.0,89.63414634146342,18.460365853658537,0.057812163197975164,106.99999999999932,86.53938570995815,2021-04-29 09:55:20
79.56521739130433,0.5927608041939201,40.46,-0.4432624113475187,0.021276595744680958,1.8599999999999999,0.0,0.0,90.16768292682929,18.78048780487805,0.05894573667873223,106.99999999999932,86.53938570995815,2021-04-29 09:55:30
79.56521739130433,0.5927608041939201,40.46,-0.4255319148936181,0.02659574468085118,2.1599999999999997,0.0,0.0,91.23475609756099,18.833841463414636,0.05894573667873223,106.99999999999932,86.53938570995815,2021-04-29 09:55:40
79.56521739130433,0.5927608041939201,40.0,-0.4255319148936181,0.02836879432624125,1.8599999999999999,0.0,0.0,89.63414634146342,19.18529810298103,0.05894573667873223,106.99999999999932,86.53938570995815,2021-04-29 09:55:50
79.56521739130433,0.58136154165304,39.7,-0.3723404255319158,0.02836879432624125,2.1599999999999997,0.0,0.0,89.63414634146342,19.950880758807592,0.057812163197975164,106.99999999999932,86.53938570995815,2021-04-29 09:56:00
79.56521739130433,0.5927608041939201,39.54,-0.3546099290780151,0.02836879432624125,1.8599999999999999,0.0,0.0,91.23475609756098,20.527184959349594,0.05894573667873223,106.99999999999932,86.53938570995815,2021-04-29 09:56:10
79.56521739130433,0.58136154165304,39.125,-0.2730496453900718,0.049645390070922085,2.0100000000000002,0.0,0.0,93.3689024390244,20.84984756097561,0.057812163197975164,106.99999999999932,86.53938570995815,2021-04-29 09:56:20
79.56521739130433,0.58136154165304,38.71,-0.1643026004728142,0.06737588652482278,2.1599999999999997,0.0,0.0,97.10365853658536,20.914634146341466,0.057812163197975164,106.99999999999932,86.53938570995815,2021-04-29 09:56:30
79.56521739130433,0.58136154165304,39.2,-0.055555555555556524,0.08156028368794332,1.8599999999999999,0.0,0.0,101.3719512195122,21.074695121951223,0.057812163197975164,106.99999999999932,86.53938570995815,2021-04-29 09:56:40
79.56521739130433,0.58136154165304,39.86,0.05319148936170115,0.09574468085106391,1.8599999999999999,0.0,0.0,105.64024390243902,21.608231707317078,0.057812163197975164,106.99999999999932,86.53938570995815,2021-04-29 09:56:50
79.56521739130433,0.58136154165304,40.11,0.1619385342789588,0.10638297872340433,2.1599999999999997,0.0,0.0,117.59146341463415,22.35928705440901,0.057812163197975164,106.99999999999932,86.53938570995815,2021-04-29 09:57:00
79.56521739130433,0.5927608041939201,40.74,0.27068557919621644,0.10283687943262418,1.8599999999999999,0.0,0.0,138.96849593495935,23.216676616066863,0.05894573667873223,106.99999999999932,86.53938570995815,2021-04-29 09:57:10
79.56521739130433,0.5927608041939201,40.34,0.3794326241134741,0.09219858156028377,2.1599999999999997,0.0,0.0,152.53218157181573,24.074140798226168,0.05894573667873223,106.99999999999932,86.53938570995815,2021-04-29 09:57:20
79.56521739130433,0.9005404688317601,39.82,0.48817966903073184,0.09574468085106391,2.1599999999999997,0.0,0.0,178.02337398373982,24.295731707317078,0.08955217849885538,106.99999999999932,86.53938570995815,2021-04-29 09:57:30
79.56521739130433,0.91193972758723,39.91,0.5969267139479895,0.10992907801418447,2.1599999999999997,0.0,0.0,188.87195121951217,24.57317073170732,0.09068575160318101,106.99999999999932,86.53938570995815,2021-04-29 09:57:40
79.56521739130433,0.9005404688317601,40.6,0.7056737588652471,0.12588652482269513,2.1599999999999997,0.0,0.0,193.140243902439,24.28353658536586,0.08955217849885538,106.99999999999932,86.53938570995815,2021-04-29 09:57:50
79.56521739130433,0.9005404688317601,41.06,0.8144208037825047,0.14539007092198591,1.8599999999999999,0.0,0.0,197.40853658536588,23.90955284552846,0.08955217849885538,106.99999999999932,86.53938570995815,2021-04-29 09:58:00
79.56521739130433,0.9005404688317601,41.24,0.9231678486997623,0.1631205673758866,2.1599999999999997,0.0,0.0,202.21036585365854,23.647596843615496,0.08955217849885538,106.99999999999932,86.53938570995815,2021-04-29 09:58:10
79.56521739130433,0.9005404688317601,40.97,1.03191489361702,0.19148936170212771,1.8599999999999999,0.0,0.0,208.0792682926829,22.61148971783836,0.08955217849885538,106.99999999999932,86.53938570995815,2021-04-29 09:58:20
79.56521739130433,0.9005404688317601,41.08,1.1406619385342778,0.20921985815602845,1.8599999999999999,0.0,0.0,211.81402439024393,21.84589800443459,0.08955217849885538,106.99999999999932,86.53938570995815,2021-04-29 09:58:30
79.60597826086956,0.9005404688317601,41.93,1.2494089834515354,0.23404255319148948,2.1599999999999997,0.0,0.0,213.41463414634148,21.510254988913527,0.08955217849885538,106.99999999999932,86.53938570995815,2021-04-29 09:58:40
79.6195652173913,0.9005404688317601,41.43,1.2765957446808498,0.23581560283687955,2.1599999999999997,0.0,0.0,212.88109756097563,22.5840108401084,0.08955217849885538,106.99999999999932,86.53938570995815,2021-04-29 09:58:50
79.6195652173913,0.9005404688317601,41.2,1.2765957446808498,0.23404255319148948,2.0100000000000002,0.0,0.0,210.74695121951223,23.62804878048781,0.08955217849885538,106.99999999999932,86.53938570995815,2021-04-29 09:59:00
79.6195652173913,0.9005404688317601,40.97,1.2234042553191478,0.2180851063829789,1.8599999999999999,0.0,0.0,209.14634146341464,25.125538020086083,0.08955217849885538,106.99999999999932,86.53938570995815,2021-04-29 09:59:10
79.66032608695652,0.9005404688317601,40.64,1.205673758865247,0.21276595744680865,1.8599999999999999,0.0,0.0,209.14634146341464,26.071736011477764,0.08955217849885538,106.99999999999932,86.53938570995815,2021-04-29 09:59:20
79.67391304347825,0.91193972758723,40.64,1.152482269503545,0.22340425531914904,2.1599999999999997,0.0,0.0,208.79065040650408,25.715040650406507,0.09068575160318101,106.99999999999932,86.53938570995815,2021-04-29 09:59:30
79.66032608695652,0.9005404688317601,39.88,1.0815602836879423,0.23226950354609938,1.8599999999999999,0.0,0.0,207.3678861788618,24.770325203252035,0.08955217849885538,106.99999999999932,86.53938570995815,2021-04-29 09:59:40
79.63315217391303,0.9005404688317601,40.18,0.9929078014184389,0.2304964539007093,2.1599999999999997,0.0,0.0,205.41158536585368,24.247103658536588,0.08955217849885538,106.99999999999932,86.53938570995815,2021-04-29 09:59:50
79.67391304347825,0.9005404688317601,40.37,0.9219858156028362,0.22695035460992916,0.6,0.0,0.0,204.87804878048783,24.79700203252033,0.08955217849885538,106.99999999999932,86.53938570995815,2021-04-29 10:00:00
79.67391304347825,0.9005404688317601,40.83,1.0106382978723396,0.23404255319148942,2.1599999999999997,0.0,0.0,208.07926829268294,25.300304878048784,0.08955217849885538,106.99999999999932,86.53938570995815,2021-04-29 10:00:10
79.67391304347825,0.9005404688317601,41.33,1.2765957446808498,0.2553191489361703,1.8599999999999999,0.0,0.0,204.34451219512195,25.51274944567628,0.08955217849885538,106.99999999999932,86.53938570995815,2021-04-29 10:00:20
79.67391304347825,0.9005404688317601,39.82,1.2588652482269491,0.2535460992907802,2.1599999999999997,0.0,0.0,199.5426829268293,25.061668514412425,0.08955217849885538,106.99999999999932,86.53938570995815,2021-04-29 10:00:30
79.67391304347825,0.91193972758723,40.05,1.1879432624113464,0.24468085106382986,2.0100000000000002,0.0,0.0,196.87499999999997,25.184543606799707,0.09068575160318101,106.99999999999932,86.53938570995815,2021-04-29 10:00:40
79.67391304347825,0.91193972758723,40.28,1.099290780141843,0.23049645390070933,1.8599999999999999,0.0,0.0,194.74085365853657,25.12714800443459,0.09068575160318101,106.99999999999932,86.53938570995815,2021-04-29 10:00:50
79.67391304347825,0.9005404688317601,40.22,0.975177304964538,0.21631205673758874,2.1599999999999997,0.0,0.0,192.60670731707316,25.076219512195124,0.08955217849885538,106.99999999999932,86.53938570995815,2021-04-29 10:01:00
79.67391304347825,0.9005404688317601,40.07,0.921985815602836,0.21099290780141855,2.1599999999999997,0.0,0.0,192.0731707317073,25.476371951219512,0.08955217849885538,106.99999999999932,86.53938570995815,2021-04-29 10:01:10
79.75543478260869,0.9005404688317601,40.71,0.9574468085106373,0.23758865248226962,2.1599999999999997,0.0,0.0,194.2073170731707,26.277836691410396,0.08955217849885538,106.99999999999932,86.53938570995815,2021-04-29 10:01:20
79.78260869565217,0.9005404688317601,41.7,1.1317966903073278,0.281323877068558,2.1599999999999997,0.0,0.0,198.47560975609753,27.305474549310716,0.08955217849885538,106.99999999999932,86.53938570995815,2021-04-29 10:01:30
79.78260869565217,0.9005404688317601,41.01,1.4036643026004718,0.3286052009456266,1.8599999999999999,0.0,0.0,209.76880081300814,28.650914634146346,0.08955217849885538,106.99999999999932,86.53938570995815,2021-04-29 10:01:40
79.80978260869566,0.91193972758723,42.09,1.9104609929078002,0.37765957446808524,2.1599999999999997,0.0,0.0,227.5533536585366,28.800304878048784,0.09068575160318101,106.99999999999932,86.53938570995815,2021-04-29 10:01:50
79.85054347826086,0.9005404688317601,41.61,2.322695035460992,0.40070921985815616,2.1599999999999997,0.0,0.0,236.89024390243904,24.937500000000004,0.08955217849885538,106.99999999999932,86.53938570995815,2021-04-29 10:02:00
79.89130434782608,0.9005404688317601,41.13,2.4645390070921973,0.39893617021276606,2.1599999999999997,0.0,0.0,236.89024390243904,19.714176829268297,0.08955217849885538,106.99999999999932,86.53938570995815,2021-04-29 10:02:10
79.89130434782608,0.9005404688317601,43.46,2.322695035460992,0.3354147394387913,2.1599999999999997,0.0,0.0,234.22256097560978,22.701981707317074,0.08955217849885538,106.99999999999932,86.53938570995815,2021-04-29 10:02:20
79.90489130434781,0.9005404688317601,42.3,2.2163120567375874,0.28349522047486897,0.0,0.0,0.0,220.88414634146343,26.676829268292686,0.08955217849885538,106.99999999999932,86.53938570995815,2021-04-29 10:02:30
79.95923913043478,0.9005404688317601,40.92,2.1453900709219846,0.21187943262411352,0.0,0.0,0.0,202.21036585365854,25.23628048780488,0.08955217849885538,106.99999999999932,86.53938570995815,2021-04-29 10:02:40
80.0,0.9005404688317601,40.83,1.702127659574467,0.12234042553191495,0.0,0.0,0.0,186.53259849906192,24.596036585365855,0.08955217849885538,106.99999999999932,86.53938570995815,2021-04-29 10:02:50
80.0,0.9005404688317601,40.74,1.4539007092198566,0.08865248226950363,0.0,0.0,0.0,159.29226599958307,24.08028455284553,0.08955217849885538,106.99999999999932,86.53938570995815,2021-04-29 10:03:00
80.0,0.9005404688317601,40.83,1.3829787234042539,0.0851063829787235,0.0,0.0,0.0,142.42755889097353,23.938008130081304,0.08955217849885538,106.99999999999932,86.53938570995815,2021-04-29 10:03:10
80.0,0.5927608041939201,40.74,1.3297872340425518,0.08333333333333343,0.0,0.0,0.0,126.66066149297856,23.582317073170735,0.05894573667873223,106.99999999999932,86.53938570995815,2021-04-29 10:03:20
79.89130434782608,0.29068077082652,8.03,-2.282858984986646,0.1478385680513341,2.1599999999999997,0.0,0.0,120.7571138211382,23.631105348409807,0.028906081598987582,106.99999999999932,86.53938570995815,2021-04-29 10:04:20
79.87771739130434,0.58136154165304,9.055,-2.225983236621536,0.18439716312056748,2.0100000000000002,0.0,0.0,133.26558265582656,23.72190306302396,0.057812163197975164,106.99999999999932,86.53938570995815,2021-04-29 10:04:30
79.83695652173913,0.58136154165304,10.08,-1.8794326241134764,0.2074468085106384,1.8599999999999999,0.0,0.0,131.78353658536585,24.055675004747826,0.057812163197975164,106.99999999999932,86.53938570995815,2021-04-29 10:04:40
79.82336956521739,0.58136154165304,9.780000000000001,-1.9976359338061478,0.1867612293144209,2.0100000000000002,0.0,0.0,128.0487804878049,24.347666105971406,0.057812163197975164,106.99999999999932,86.53938570995815,2021-04-29 10:04:50
79.78260869565217,0.5927608041939201,9.48,-2.044917257683217,0.16784869976359348,2.1599999999999997,0.0,0.0,124.84756097560975,24.32926829268293,0.05894573667873223,106.99999999999932,86.53938570995815,2021-04-29 10:05:00
79.78260869565217,0.5889610500136266,13.645,-1.9503546099290792,0.15248226950354615,2.61,0.0,0.0,121.64634146341464,23.231072154471548,0.11713575770362641,106.99999999999932,86.53938570995815,2021-04-29 10:05:10
79.78260869565217,0.5851612958333334,17.81,-1.6489361702127674,0.148936170212766,3.0599999999999996,0.0,0.0,121.64634146341464,21.854039634146343,0.11638004204978838,106.99999999999932,86.53938570995815,2021-04-29 10:05:20
79.78260869565217,0.58136154165304,15.899999999999999,-1.5070921985815615,0.14361702127659579,1.5299999999999998,0.0,0.0,120.04573170731709,21.738757621951223,0.057812163197975164,106.99999999999932,86.53938570995815,2021-04-29 10:05:30
79.78260869565217,0.58706117292348,13.99,-1.0638297872340436,0.12588652482269505,0.0,0.0,0.0,115.2439024390244,21.266050070356478,0.0583789499383537,106.99999999999932,86.53938570995815,2021-04-29 10:05:40
79.78260869565217,0.5927608041939201,13.565000000000001,-0.868794326241136,0.11524822695035462,0.0,0.0,0.0,115.2439024390244,21.020520637898688,0.05894573667873223,106.99999999999932,86.53938570995815,2021-04-29 10:05:50
79.78260869565217,0.5927608041939201,13.14,-0.8510638297872353,0.11347517730496455,0.0,0.0,0.0,115.77743902439025,21.874029933481154,0.05894573667873223,106.99999999999932,86.53938570995815,2021-04-29 10:06:00
79.78260869565217,0.5927608041939201,13.06,-0.7978723404255328,0.11347517730496455,0.0,0.0,0.0,117.3780487804878,22.33855321507761,0.05894573667873223,106.99999999999932,86.53938570995815,2021-04-29 10:06:10
79.78260869565217,0.5927608041939201,12.98,-0.780141843971632,0.11347517730496455,0.0,0.0,0.0,117.3780487804878,21.793699186991873,0.05894573667873223,106.99999999999932,86.53938570995815,2021-04-29 10:06:20
79.78260869565217,0.5927608041939201,12.955,-0.780141843971632,0.11347517730496455,0.0,0.0,0.0,117.3780487804878,21.042301829268297,0.05894573667873223,106.99999999999932,86.53938570995815,2021-04-29 10:06:30
79.78260869565217,0.5927608041939201,12.93,-0.780141843971632,0.11347517730496455,0.0,0.0,0.0,117.3780487804878,20.86092479674797,0.05894573667873223,106.99999999999932,86.53938570995815,2021-04-29 10:06:40
79.78260869565217,0.58706117292348,12.75,-0.780141843971632,0.11347517730496455,0.0,0.0,0.0,117.3780487804878,21.28633130081301,0.0583789499383537,106.99999999999932,86.53938570995815,2021-04-29 10:06:50
79.78260869565217,0.58136154165304,12.795,-0.780141843971632,0.11347517730496455,0.0,0.0,0.0,117.3780487804878,21.78520168855535,0.057812163197975164,106.99999999999932,86.53938570995815,2021-04-29 10:07:00
79.78260869565217,0.58136154165304,12.84,-0.7624113475177314,0.11347517730496455,0.0,0.0,0.0,126.54517738359203,21.645168855534713,0.057812163197975164,106.99999999999932,86.53938570995815,2021-04-29 10:07:10
79.78260869565217,0.58136154165304,12.875,-0.7269503546099302,0.11170212765957449,0.0,0.0,0.0,141.66851441241687,22.492378048780488,0.057812163197975164,106.99999999999932,86.53938570995815,2021-04-29 10:07:20
79.75543478260869,0.86634273799027,12.91,-0.7722616233254543,0.1063829787234043,0.0,0.0,0.0,151.4888211382114,23.610264227642276,0.17230292740611053,106.99999999999932,86.53938570995815,2021-04-29 10:07:30
79.67391304347825,0.9062400982094949,12.969999999999999,-0.483451536643027,0.10460992907801425,0.0,0.0,0.0,176.00779132791325,23.576388888888893,0.1802379301020364,106.99999999999932,86.53938570995815,2021-04-29 10:07:40
79.67391304347825,0.94613745842872,13.03,0.2381342062193117,0.09751773049645396,0.0,0.0,0.0,188.33841463414635,23.63567073170732,0.18817293279796227,106.99999999999932,86.53938570995815,2021-04-29 10:07:50
79.67391304347825,0.9404378271582801,13.075,-0.12956901254773692,0.09042553191489369,0.0,0.0,0.0,194.74085365853657,22.738073888091826,0.09351967965860261,106.99999999999932,86.53938570995815,2021-04-29 10:08:00
79.67391304347825,0.9347381958878401,13.12,-0.5791962174940907,0.08156028368794334,0.0,0.0,0.0,215.54878048780486,21.931492109038743,0.09295289291822409,106.99999999999932,86.53938570995815,2021-04-29 10:08:10
79.67391304347825,1.0601299021378399,20.48,-0.6264775413711594,0.06737588652482279,0.8999999999999999,0.0,0.0,226.7530487804878,26.250000000000007,0.21084436627568848,106.99999999999932,86.53938570995815,2021-04-29 10:08:20
79.67391304347825,1.1855216083878402,29.18,-0.24316109422492496,0.05851063829787244,1.2,0.0,0.0,231.5548780487805,28.38414634146342,0.11789147335746446,106.99999999999932,86.53938570995815,2021-04-29 10:08:30
79.71467391304347,1.17412234584696,34.89,0.28368794326241054,0.05673758865248237,1.6799999999999997,0.0,0.0,234.69681571815718,29.3125,0.2335157997534148,106.99999999999932,86.53938570995815,2021-04-29 10:08:40
79.76902173913044,1.16272308330608,40.6,0.810536980749746,0.05673758865248237,2.1599999999999997,0.0,0.0,233.5111788617886,30.028259849906195,0.11562432639595033,106.99999999999932,86.53938570995815,2021-04-29 10:08:50
79.82336956521739,1.0544302708674003,39.77,1.3373860182370814,0.05673758865248237,2.1599999999999997,0.0,0.0,226.7530487804878,29.186913696060042,0.10485539639746577,106.99999999999932,86.53938570995815,2021-04-29 10:09:00
79.83695652173913,0.94613745842872,39.68000000000001,1.8642350557244167,0.072695035460993,2.0100000000000002,0.0,0.0,216.6158536585366,28.098844672657258,0.09408646639898113,106.99999999999932,86.53938570995815,2021-04-29 10:09:10
79.8641304347826,0.95753671718419,39.59,2.3910840932117523,0.08865248226950362,1.8599999999999999,0.0,0.0,222.64892120075046,28.92610718870347,0.09522003950330676,106.99999999999932,86.53938570995815,2021-04-29 10:09:20
79.94565217391303,0.94613745842872,40.51,2.9179331306990877,0.16932624113475186,2.1599999999999997,0.0,0.0,236.20895872420263,30.350609756097562,0.09408646639898113,106.99999999999932,86.53938570995815,2021-04-29 10:09:30
79.95923913043478,0.94613745842872,40.24,3.444782168186423,0.21966543324082646,2.1599999999999997,0.0,0.0,256.3871951219512,29.736619241192415,0.09408646639898113,106.99999999999932,86.53938570995815,2021-04-29 10:09:40
80.01358695652173,1.0202325438113202,41.56,3.9716312056737593,0.24396135265700492,2.1599999999999997,0.0,0.0,278.6814024390244,27.97510162601627,0.10145468197809705,106.99999999999932,86.53938570995815,2021-04-29 10:09:50
80.06793478260869,1.0943276291939201,42.21,4.498480243161095,0.27836879432624123,2.1599999999999997,0.0,0.0,306.0899390243902,24.311483739837403,0.21764579511442594,106.99999999999932,86.53938570995815,2021-04-29 10:10:00
80.12228260869564,1.088627969532905,40.26,4.87145390070922,0.3386524822695036,1.8599999999999999,0.0,0.0,322.6117886178862,26.103412170485342,0.2165122159871978,106.99999999999932,86.53938570995815,2021-04-29 10:10:10
80.18115942028984,1.08292830987189,41.97,4.830351386202449,0.34252095422308204,2.1599999999999997,0.0,0.0,324.0345528455284,25.801613697955162,0.21537863685996972,106.99999999999932,86.53938570995815,2021-04-29 10:10:20
80.2536231884058,1.0943276291939201,42.25,4.714162905652266,0.2877283473028155,2.1599999999999997,0.0,0.0,275.0,25.603288987435327,0.10882289755721297,106.99999999999932,86.53938570995815,2021-04-29 10:10:30
80.27173913043478,1.0943276291939201,42.53,4.0177304964539005,0.22325227963525845,2.1599999999999997,0.0,0.0,244.41876475216367,25.277777777777782,0.32646869267163897,106.99999999999932,86.53938570995815,2021-04-29 10:10:40
80.27173913043478,0.6041600667348,38.76,3.0992907801418426,0.16869300911854113,0.0,0.0,0.0,173.46479150275377,27.743902439024396,0.30039655079744637,106.99999999999932,86.53938570995815,2021-04-29 10:10:50
80.23097826086956,0.59846043546436,38.25,1.4007092198581546,0.0851063829787235,0.0,0.0,0.0,146.6869918699187,28.78726287262873,0.05951252341911075,106.99999999999932,86.53938570995815,2021-04-29 10:11:00
80.25815217391303,0.5927608041939201,37.995000000000005,1.3297872340425518,0.0851063829787235,0.0,0.0,0.0,141.28048780487805,28.48618296789029,0.05894573667873223,106.99999999999932,86.53938570995815,2021-04-29 10:11:10
80.27173913043478,0.29638040209696004,37.74,1.2208713272543048,0.0851063829787235,0.0,0.0,0.0,91.02134146341463,27.739052106430158,0.029472868339366114,106.99999999999932,86.53938570995815,2021-04-29 10:11:20
80.13586956521738,0.58136154165304,6.77,-2.6805883898082494,0.1619385342789599,3.96,0.0,0.0,114.09474671669794,22.63586956521739,0.34687297918785104,106.99999999999932,86.53938570995815,2021-04-29 10:21:30
80.01358695652173,0.5927608041939201,9.83,-2.1815077488836367,0.15721040189125304,4.62,0.0,0.0,128.37711069418387,23.28842585039563,0.05894573667873223,106.99999999999932,86.53938570995815,2021-04-29 10:21:40
79.87771739130434,0.5927608041939201,9.29,-1.7907801418439728,0.13475177304964547,5.37,0.0,0.0,132.3170731707317,23.502579737335836,0.53051163010859,106.99999999999932,86.53938570995815,2021-04-29 10:21:50
79.80978260869566,0.5927608041939201,8.75,-1.9680851063829798,0.1648936170212767,6.119999999999999,0.0,0.0,145.1219512195122,23.963414634146346,0.53051163010859,106.99999999999932,86.53938570995815,2021-04-29 10:22:00
79.71467391304347,0.5927608041939201,7.36,-2.375886524822697,0.27714129841789426,7.98,0.0,0.0,154.1920731707317,23.475609756097565,0.47156589342985783,106.99999999999932,86.53938570995815,2021-04-29 10:22:10
79.64673913043477,0.58136154165304,6.395,-2.6950354609929095,0.33154512941746994,8.13,0.0,0.0,157.39329268292684,23.262195121951223,0.4624973055838013,106.99999999999932,86.53938570995815,2021-04-29 10:22:20
79.56521739130433,0.5927608041939201,5.43,-2.925531914893619,0.3604241175163162,8.280000000000001,0.0,0.0,153.125,23.102134146341463,0.53051163010859,106.99999999999932,86.53938570995815,2021-04-29 10:22:30
79.56521739130433,0.5927608041939201,4.83,-3.0319148936170226,0.34192580469176226,8.58,0.0,0.0,146.72256097560975,21.608231707317078,0.53051163010859,106.99999999999932,86.53938570995815,2021-04-29 10:22:40
79.52445652173911,0.5927608041939201,7.25,-3.612849395077181,0.30558125192722796,8.58,0.0,0.0,144.0548780487805,20.701219512195124,0.53051163010859,106.99999999999932,86.53938570995815,2021-04-29 10:22:50
79.5516304347826,0.58706117292348,5.64,-4.1770963704630795,0.31496409849786366,10.44,0.0,0.0,142.98780487804876,20.29439786585366,0.0583789499383537,106.99999999999932,86.53938570995815,2021-04-29 10:23:00
79.56521739130433,0.58136154165304,5.88,-4.342172885188613,0.33946864797928633,10.26,0.0,0.0,143.52134146341461,20.42542817431851,0.057812163197975164,106.99999999999932,86.53938570995815,2021-04-29 10:23:10
79.56521739130433,0.58706117292348,6.12,-4.261486278137529,0.36052009456264783,10.08,0.0,0.0,144.58841463414635,20.58300454328073,0.0583789499383537,106.99999999999932,86.53938570995815,2021-04-29 10:23:20
79.56521739130433,0.5927608041939201,5.96,-3.687943262411349,0.36347517730496465,8.88,0.0,0.0,140.3201219512195,20.306402439024396,0.53051163010859,106.99999999999932,86.53938570995815,2021-04-29 10:23:30
79.56521739130433,0.5927608041939201,5.8,-2.8723404255319167,0.31965552178318146,7.68,0.0,0.0,130.71646341463415,19.683106169296988,0.3536744200723934,106.99999999999932,86.53938570995815,2021-04-29 10:23:40
79.56521739130433,0.5927608041939201,9.334999999999999,-2.3758865248226964,0.22822555287705704,9.51,0.0,0.0,127.51524390243904,18.366212338593975,0.53051163010859,106.99999999999932,86.53938570995815,2021-04-29 10:23:50
79.56521739130433,0.5927608041939201,12.87,-2.7482269503546113,0.21591082783076557,11.34,0.0,0.0,134.984756097561,16.16187883135516,0.53051163010859,106.99999999999932,86.53938570995815,2021-04-29 10:24:00
79.56521739130433,0.5927608041939201,8.47,-3.634751773049647,0.2687278368794327,9.18,0.0,0.0,142.9878048780488,13.702189578713972,0.53051163010859,106.99999999999932,86.53938570995815,2021-04-29 10:24:10
79.56521739130433,0.5927608041939201,6.355,-3.97163120567376,0.34437199725463286,9.48,0.0,0.0,142.45426829268294,14.411415989159895,0.53051163010859,106.99999999999932,86.53938570995815,2021-04-29 10:24:20
79.57880434782606,0.5927608041939201,4.24,-4.131205673758867,0.38165456902588,9.780000000000001,0.0,0.0,139.07520325203254,15.314476061427285,0.53051163010859,106.99999999999932,86.53938570995815,2021-04-29 10:24:30
79.64673913043478,0.5927608041939201,6.355,-3.8120567375886543,0.2938426821405546,10.11,0.0,0.0,131.96138211382114,17.575090334236677,0.53051163010859,106.99999999999932,86.53938570995815,2021-04-29 10:24:40
79.75543478260869,0.5927608041939201,8.47,-3.345153664302602,0.1702127659574469,10.44,0.0,0.0,117.3780487804878,17.17987804878049,0.05894573667873223,106.99999999999932,86.53938570995815,2021-04-29 10:24:50
79.8641304347826,0.58136154165304,5.23,-3.3924349881796703,0.1134751773049646,11.940000000000001,0.0,0.0,101.90548780487806,16.44359756097561,0.057812163197975164,106.99999999999932,86.53938570995815,2021-04-29 10:25:00
79.97282608695653,0.5927608041939201,5.34,-3.6170212765957466,0.0833333333333334,11.34,0.0,0.0,94.96951219512195,15.964384700665192,0.05894573667873223,106.99999999999932,86.53938570995815,2021-04-29 10:25:10
80.08152173913044,0.5927608041939201,5.39,-3.6879432624113493,0.062056737588652565,11.940000000000001,0.0,0.0,92.30182926829269,14.071835978527254,0.53051163010859,106.99999999999932,86.53938570995815,2021-04-29 10:25:20
80.19021739130434,0.5927608041939201,5.425,-3.634751773049647,0.051418439716312145,11.64,0.0,0.0,90.16768292682929,12.855423620025675,0.05894573667873223,106.99999999999932,86.53938570995815,2021-04-29 10:25:30
80.25815217391305,0.5927608041939201,5.46,-3.7234042553191506,0.039007092198581665,11.34,0.0,0.0,89.63414634146342,12.374304664099274,0.53051163010859,106.99999999999932,86.53938570995815,2021-04-29 10:25:40
80.35326086956522,0.5927608041939201,5.665,-3.8120567375886543,0.04078014184397173,11.34,0.0,0.0,89.63414634146342,12.034214092140923,0.53051163010859,106.99999999999932,86.53938570995815,2021-04-29 10:25:50
80.38043478260869,0.5927608041939201,5.87,-3.829787234042555,0.0425531914893618,11.34,0.0,0.0,89.63414634146342,11.51676829268293,0.53051163010859,106.99999999999932,86.53938570995815,2021-04-29 10:26:00
80.46195652173913,0.58706117292348,4.57,-3.563829787234044,0.0425531914893618,10.08,0.0,0.0,88.03353658536585,9.458841463414636,0.5254105494451833,106.99999999999932,86.53938570995815,2021-04-29 10:26:10
80.51630434782608,0.58136154165304,-0.054999999999999716,-3.2092198581560294,0.0319148936170214,9.780000000000001,0.0,0.0,86.4329268292683,8.92276422764228,0.5203094687817765,106.99999999999932,86.53938570995815,2021-04-29 10:26:20
80.58423913043478,0.58706117292348,-4.68,-3.0851063829787244,0.0319148936170214,9.48,0.0,0.0,85.36585365853658,9.423421807747491,0.1751368498150611,106.99999999999932,86.53938570995815,2021-04-29 10:26:30
80.72010869565217,0.5927608041939201,-3.6049999999999995,-3.049645390070923,0.03546099290780153,9.18,0.0,0.0,86.4329268292683,10.666416337876615,0.3536744200723934,106.99999999999932,86.53938570995815,2021-04-29 10:26:40
80.78804347826087,0.5927608041939201,-2.53,-3.0673758865248235,0.03191489361702139,8.879999999999999,0.0,0.0,90.16768292682929,10.61384729196557,0.3536744200723934,106.99999999999932,86.53938570995815,2021-04-29 10:26:50
80.91032608695652,0.5927608041939201,-1.145,-3.1028368794326253,0.019503546099290905,7.5,0.0,0.0,92.83536585365854,8.866122668579631,0.3536744200723934,106.99999999999932,86.53938570995815,2021-04-29 10:27:00
81.05978260869566,0.5927608041939201,0.24,-3.049645390070923,0.01595744680851076,6.119999999999999,0.0,0.0,96.57012195121953,5.3887195121951255,0.23578294671492891,106.99999999999932,86.53938570995815,2021-04-29 10:27:10
81.15036231884056,0.5927608041939201,-2.12,-3.0141843971631217,0.02127659574468096,7.0200000000000005,0.0,0.0,98.17073170731709,5.44207317073171,0.29472868339366115,106.99999999999932,86.53938570995815,2021-04-29 10:27:20
81.18659420289856,0.58706117292348,-1.59,-3.0053191489361715,0.03368794326241145,3.96,0.0,0.0,98.17073170731709,5.121951219512198,0.1167578998767074,106.99999999999932,86.53938570995815,2021-04-29 10:27:30
81.23641304347827,0.58136154165304,-2.3850000000000002,-3.3488475177304977,0.07624113475177313,6.42,0.0,0.0,97.10365853658539,4.908536585365856,0.2890608159898758,106.99999999999932,86.53938570995815,2021-04-29 10:27:40
81.25,0.58136154165304,-3.18,-3.4714834515366446,0.09751773049645399,8.879999999999999,0.0,0.0,93.3689024390244,4.495934959349595,0.17343648959392552,106.99999999999932,86.53938570995815,2021-04-29 10:27:50
81.33152173913044,0.58706117292348,-8.1,-3.3865248226950366,0.1099290780141845,8.879999999999999,0.0,0.0,89.70528455284553,5.055555555555558,0.2335157997534148,106.99999999999932,86.53938570995815,2021-04-29 10:28:00
81.39945652173913,0.5927608041939201,-6.82,-3.451536643026006,0.09101654846335706,4.92,0.0,0.0,81.45325203252033,4.562330623306235,0.05894573667873223,106.99999999999932,86.53938570995815,2021-04-29 10:28:10
81.45380434782608,0.58706117292348,-5.75,-3.64066193853428,0.05791962174940908,8.58,0.0,0.0,75.86890243902438,3.937500000000002,0.1751368498150611,106.99999999999932,86.53938570995815,2021-04-29 10:28:20
81.46739130434781,0.58136154165304,0.5999999999999996,-3.95390070921986,0.04432624113475188,6.419999999999999,0.0,0.0,73.09451219512195,4.0066056910569126,0.11562432639595033,106.99999999999932,86.53938570995815,2021-04-29 10:28:30
81.46739130434781,0.58136154165304,6.95,-4.042553191489364,0.03191489361702139,4.26,0.0,0.0,72.5609756097561,4.08028455284553,0.057812163197975164,106.99999999999932,86.53938570995815,2021-04-29 10:28:40
81.45380434782608,0.58706117292348,-0.6,-3.510638297872342,0.02836879432624125,11.04,0.0,0.0,70.96036585365853,3.9007452574525763,0.3502736996301222,106.99999999999932,86.53938570995815,2021-04-29 10:28:50
81.34510869565216,0.5927608041939201,0.4149999999999999,-3.1205673758865267,0.033687943262411466,10.559999999999999,0.0,0.0,70.42682926829268,2.881097560975612,0.1768372100361967,106.99999999999932,86.53938570995815,2021-04-29 10:29:00
81.08695652173913,0.5927608041939201,1.43,-2.5177304964539022,0.03546099290780154,10.08,0.0,0.0,72.02743902439023,2.5609756097561,0.05894573667873223,106.99999999999932,86.53938570995815,2021-04-29 10:29:10
80.85597826086956,0.58136154165304,6.17,-2.074468085106384,0.035460992907801525,10.44,0.0,0.0,70.96036585365853,2.864249037227217,0.23124865279190066,106.99999999999932,86.53938570995815,2021-04-29 10:29:20
80.58423913043478,0.58706117292348,10.18,-1.6666666666666679,0.04078014184397173,5.22,0.0,0.0,70.42682926829268,3.222280166880619,0.0583789499383537,106.99999999999932,86.53938570995815,2021-04-29 10:29:30
80.33967391304347,0.5927608041939201,14.19,-1.4539007092198593,0.047872340425532005,0.0,0.0,0.0,70.42682926829268,3.1318597560975636,0.05894573667873223,106.99999999999932,86.53938570995815,2021-04-29 10:29:40
80.20833333333331,0.5889610500136266,25.92,-1.4539007092198593,0.04609929078014194,0.0,0.0,0.0,70.42682926829268,2.3902439024390274,0.05856787885181321,106.99999999999932,86.53938570995815,2021-04-29 10:29:50
80.17210144927535,0.5851612958333334,25.835,-1.5000000000000013,0.044326241134751865,0.0,0.0,0.0,70.42682926829268,1.5472560975609788,0.05819002102489419,106.99999999999932,86.53938570995815,2021-04-29 10:30:00
80.12228260869564,0.58136154165304,21.2025,-1.580378250591018,0.04964539007092207,0.7799999999999999,0.0,0.0,70.42682926829268,1.0670731707317103,0.057812163197975164,106.99999999999932,86.53938570995815,2021-04-29 10:30:10
80.06793478260869,0.5927608041939201,16.57,-1.8439716312056755,0.049645390070922085,1.5599999999999998,0.0,0.0,70.42682926829268,1.0670731707317103,0.05894573667873223,106.99999999999932,86.53938570995815,2021-04-29 10:30:20
80.01358695652173,0.5927608041939201,8.56,-2.234042553191491,0.04787234042553202,3.66,0.0,0.0,72.02743902439025,1.0670731707317103,0.23578294671492891,106.99999999999932,86.53938570995815,2021-04-29 10:30:30
79.91847826086956,0.5927608041939201,8.24,-2.3581560283687955,0.04432624113475188,3.66,0.0,0.0,77.36280487804878,1.1018690349947007,0.23578294671492891,106.99999999999932,86.53938570995815,2021-04-29 10:30:40
79.80978260869566,0.58136154165304,7.92,-2.4645390070922,0.05319148936170222,3.66,0.0,0.0,80.03048780487805,1.1492300724637707,0.23124865279190066,106.99999999999932,86.53938570995815,2021-04-29 10:30:50
79.74184782608695,0.58136154165304,9.3,-2.6595744680851077,0.07269503546099298,3.66,0.0,0.0,84.83231707317073,1.0003810975609784,0.34687297918785104,106.99999999999932,86.53938570995815,2021-04-29 10:31:00
79.67391304347825,0.58136154165304,7.595000000000001,-2.8191489361702144,0.1028368794326242,3.66,0.0,0.0,90.16768292682929,1.013719512195125,0.11562432639595033,106.99999999999932,86.53938570995815,2021-04-29 10:31:10
79.59239130434781,0.58136154165304,5.89,-3.049645390070923,0.12056737588652491,3.66,0.0,0.0,91.76829268292684,0.8536585365853688,0.057812163197975164,106.99999999999932,86.53938570995815,2021-04-29 10:31:20
79.4836956521739,0.58706117292348,10.23,-3.274231678486999,0.14662349676225728,4.26,0.0,0.0,91.76829268292684,0.8136432926829298,0.0583789499383537,106.99999999999932,86.53938570995815,2021-04-29 10:31:30
79.375,0.5927608041939201,8.75,-3.3215130023640675,0.16574159728646326,4.11,0.0,0.0,92.1239837398374,0.7143462059620624,0.1768372100361967,106.99999999999932,86.53938570995815,2021-04-29 10:31:40
79.29347826086956,0.5927608041939201,7.27,-3.2801418439716326,0.149013259327783,3.96,0.0,0.0,93.54674796747969,0.7973407859078623,0.1768372100361967,106.99999999999932,86.53938570995815,2021-04-29 10:31:50
79.29347826086956,0.5927608041939201,7.36,-3.5283687943262425,0.13652482269503555,3.66,0.0,0.0,93.90243902439025,0.8447662601626046,0.23578294671492891,106.99999999999932,86.53938570995815,2021-04-29 10:32:00
79.32065217391303,0.5927608041939201,7.775,-3.9893617021276606,0.12943262411347528,3.96,0.0,0.0,87.5,1.013719512195125,0.11789147335746446,106.99999999999932,86.53938570995815,2021-04-29 10:32:10
79.42028985507245,0.5927608041939201,8.19,-4.326241134751775,0.08510638297872349,4.26,0.0,0.0,80.5640243902439,0.9070121951219542,0.05894573667873223,106.99999999999932,86.53938570995815,2021-04-29 10:32:20
79.4927536231884,0.5927608041939201,9.62,-4.716312056737591,0.03900709219858167,3.36,0.0,0.0,65.7220066518847,0.43750000000000316,0.05894573667873223,106.99999999999932,86.53938570995815,2021-04-29 10:32:30
79.67391304347825,0.5927608041939201,6.59,-4.875886524822697,0.023049645390071045,3.51,0.0,0.0,53.9879327989084,-0.11361190817790184,0.05894573667873223,106.99999999999932,86.53938570995815,2021-04-29 10:32:40
78.67753623188406,0.0968935879411705,1.89,-1.7375886524822706,0.04726443768996971,0.0,0.0,0.0,43.212732389561666,-1.7995827984595612,0.06744752210604216,106.99999999999932,86.53938570995815,2021-04-29 10:47:00
78.73641304347827,0.193787175882341,8.68,-1.6312056737588665,0.036170212765957555,0.9299999999999999,0.0,0.0,58.073405253283305,-1.5553995507060305,0.17343648541553697,106.99999999999932,86.53938570995815,2021-04-29 10:47:10
78.79076086956522,0.58136154165304,15.47,-1.6134751773049656,0.040780141843971746,1.8599999999999999,0.0,0.0,66.6920731707317,-1.0704684035476688,0.5203094687817765,106.99999999999932,86.53938570995815,2021-04-29 10:47:20
78.84510869565217,0.58136154165304,41.3,-1.5602836879432633,0.028368794326241252,2.1599999999999997,0.0,0.0,68.29268292682926,-0.6596452328159612,0.5203094687817765,106.99999999999932,86.53938570995815,2021-04-29 10:47:30
78.8586956521739,0.58136154165304,42.152499999999996,-1.702127659574469,0.0017730496453901914,2.085,0.0,0.0,68.29268292682926,-0.3772715222211477,0.5203094687817765,106.99999999999932,86.53938570995815,2021-04-29 10:47:40
78.89945652173913,0.5927608041939201,43.004999999999995,-2.2695035460992914,-0.019130272489734847,2.0100000000000002,0.0,0.0,54.01031894934333,-0.4897195711087513,0.53051163010859,106.99999999999932,86.53938570995815,2021-04-29 10:47:50
78.87228260869564,0.5927608041939201,43.45,-2.5861195542046613,-0.03434117207913386,1.8599999999999999,0.0,0.0,38.9550109443402,-0.2472052845528423,0.53051163010859,106.99999999999932,86.53938570995815,2021-04-29 10:48:00
78.83152173913044,0.5927608041939201,42.21,-2.218507261060454,-0.03427895981087456,0.0,0.0,0.0,32.14557926829268,0.9657012195121987,0.53051163010859,106.99999999999932,86.53938570995815,2021-04-29 10:48:10
79.90489130434781,0.58136154165304,42.16,-1.9261766602192147,0.014184397163120692,1.8599999999999999,0.0,0.0,57.08841463414634,-1.7606707317073138,0.057812163197975164,106.99999999999932,86.53938570995815,2021-04-29 10:52:20
79.76902173913042,0.58706117292348,42.62,-1.6843971631205688,0.03191489361702139,1.8599999999999999,0.0,0.0,76.29573170731706,-0.48018292682926556,0.5254105494451833,106.99999999999932,86.53938570995815,2021-04-29 10:52:30
79.60597826086956,0.5927608041939201,41.87,-1.3120567375886536,0.05141843971631215,2.1599999999999997,0.0,0.0,81.6310975609756,0.05335365853658829,0.53051163010859,106.99999999999932,86.53938570995815,2021-04-29 10:52:40
79.44293478260869,0.5927608041939201,41.79,-1.046099290780143,0.08200354609929088,2.1599999999999997,0.0,0.0,83.76524390243901,0.2667682926829299,0.53051163010859,106.99999999999932,86.53938570995815,2021-04-29 10:52:50
79.32065217391303,0.5927608041939201,42.31,-0.9929078014184409,0.10771276595744692,2.1599999999999997,0.0,0.0,85.36585365853658,0.42682926829268586,0.05894573667873223,106.99999999999932,86.53938570995815,2021-04-29 10:53:00
79.26630434782608,0.58706117292348,43.52,-0.921985815602838,0.12411347517730505,1.8599999999999999,0.0,0.0,85.36585365853658,0.42682926829268586,0.5254105494451833,106.99999999999932,86.53938570995815,2021-04-29 10:53:10
79.25271739130434,0.58136154165304,43.120000000000005,-0.7269503546099301,0.1436170212765958,1.8599999999999999,0.0,0.0,90.16768292682927,-0.05335365853658246,0.5203094687817765,106.99999999999932,86.53938570995815,2021-04-29 10:53:20
79.3070652173913,0.58136154165304,42.72,-0.3900709219858167,0.16843971631205681,1.8599999999999999,0.0,0.0,91.76829268292684,-0.21341463414633857,0.5203094687817765,106.99999999999932,86.53938570995815,2021-04-29 10:53:30
79.34782608695652,0.5927608041939201,42.56,-0.5496453900709231,0.15901455767077277,1.8599999999999999,0.0,0.0,90.16768292682929,-0.3094512195121921,0.53051163010859,106.99999999999932,86.53938570995815,2021-04-29 10:53:40
79.33423913043478,0.5927608041939201,42.39,-0.7269503546099303,0.1493518612779532,2.1599999999999997,0.0,0.0,90.21618625277162,-0.0992841993637295,0.53051163010859,106.99999999999932,86.53938570995815,2021-04-29 10:53:50
79.29347826086956,0.5927608041939201,42.08,-0.7801418439716323,0.15861435819807707,2.0100000000000002,0.0,0.0,90.56690260958553,0.07539103923648248,0.53051163010859,106.99999999999932,86.53938570995815,2021-04-29 10:54:00
79.2663043478261,0.58136154165304,41.77,-0.8156028368794337,0.16250385445575094,1.8599999999999999,0.0,0.0,89.88039399624765,0.22153366914104217,0.4624973055838013,106.99999999999932,86.53938570995815,2021-04-29 10:54:10
79.15760869565216,0.58706117292348,41.9,-0.9574468085106393,0.16651248843663286,2.46,0.0,0.0,86.4329268292683,0.8652571580063656,0.0583789499383537,106.99999999999932,86.53938570995815,2021-04-29 10:54:20
79.19565217391303,0.5927608041939201,41.81,-1.0815602836879443,0.18645698427382063,2.16,0.0,0.0,88.5670731707317,1.0670731707317103,0.05894573667873223,106.99999999999932,86.53938570995815,2021-04-29 10:54:30
79.28260869565216,0.58136154165304,41.72,-1.0815602836879443,0.20211715261360663,1.8599999999999999,0.0,0.0,89.63414634146342,1.2271341463414664,0.057812163197975164,106.99999999999932,86.53938570995815,2021-04-29 10:54:40
79.36956521739128,0.58136154165304,41.31,-0.8983451536643037,0.1771972008378629,1.8599999999999999,0.0,0.0,89.63414634146342,1.4939024390243933,0.057812163197975164,106.99999999999932,86.53938570995815,2021-04-29 10:54:50
79.45652173913042,0.58136154165304,41.27,-0.8037825059101666,0.17466475386097147,1.8599999999999999,0.0,0.0,88.5670731707317,1.6933987274655387,0.057812163197975164,106.99999999999932,86.53938570995815,2021-04-29 10:55:00
79.54347826086955,0.58136154165304,41.66,-0.7801418439716323,0.16492326668089857,2.1599999999999997,0.0,0.0,84.29878048780486,1.5801961823966093,0.057812163197975164,106.99999999999932,86.53938570995815,2021-04-29 10:55:10
79.56521739130433,0.58706117292348,41.575,-0.8333333333333346,0.12291859389454218,2.1599999999999997,0.0,0.0,80.03048780487804,1.365853658536588,0.0583789499383537,106.99999999999932,86.53938570995815,2021-04-29 10:55:20
79.59239130434781,0.5927608041939201,41.7325,-0.9042553191489373,0.07591452034341181,2.0100000000000002,0.0,0.0,75.76219512195121,1.3445121951219539,0.05894573667873223,106.99999999999932,86.53938570995815,2021-04-29 10:55:30
79.64673913043478,0.5927608041939201,41.89,-0.9884751773049657,0.04273982829413969,1.8599999999999999,0.0,0.0,72.02743902439023,1.2804878048780517,0.05894573667873223,106.99999999999932,86.53938570995815,2021-04-29 10:55:40
79.75543478260869,0.5927608041939201,41.98,-1.0771276595744692,-0.0017730496453899486,1.8599999999999999,0.0,0.0,70.42682926829268,1.2302725968436183,0.05894573667873223,106.99999999999932,86.53938570995815,2021-04-29 10:55:50
79.83695652173913,0.5889610500136266,42.205,-1.1657801418439728,-0.035460992907801275,2.0100000000000002,0.0,0.0,66.79878048780488,0.9306551889048332,0.05856787885181321,106.99999999999932,86.53938570995815,2021-04-29 10:56:00
79.85054347826086,0.5851612958333334,42.43,-1.2544326241134764,-0.042553191489361555,2.1599999999999997,0.0,0.0,53.673780487804876,0.8536585365853694,0.05819002102489419,106.99999999999932,86.53938570995815,2021-04-29 10:56:10
79.90489130434781,0.58136154165304,42.9,-1.2765957446808525,-0.042553191489361555,2.1599999999999997,0.0,0.0,45.13719512195122,1.9984756097561016,0.057812163197975164,106.99999999999932,86.53938570995815,2021-04-29 10:56:20
79.94565217391303,0.5827864494706501,41.2,-1.241134751773051,-0.04255319148936156,0.0,0.0,0.0,34.039634146341456,1.7840447154471584,0.05795385988306981,106.99999999999932,86.53938570995815,2021-04-29 10:56:30
79.94565217391303,0.5842113572882599,41.39,-1.1879432624113493,-0.042553191489361576,0.0,0.0,0.0,21.41260162601626,0.6120850271002738,0.058095556568164425,106.99999999999932,86.53938570995815,2021-04-29 10:56:40
79.94565217391303,0.5856362651058701,41.38,-1.1524822695035477,-0.04609929078014173,0.0,0.0,0.0,38.77032520325203,-0.24038787262872327,0.058237253253259076,106.99999999999932,86.53938570995815,2021-04-29 10:56:50
79.94565217391303,0.58706117292348,41.29,-1.258865248226952,-0.05851063829787219,0.0,0.0,0.0,45.190548780487795,-1.116425304878046,0.0583789499383537,106.99999999999932,86.53938570995815,2021-04-29 10:57:00
79.94565217391303,0.58848608074109,41.4,-1.4361702127659586,-0.06382978723404238,0.0,0.0,0.0,55.08765243902439,-0.22764227642276108,0.05852064662344833,106.99999999999932,86.53938570995815,2021-04-29 10:57:10
79.94565217391303,0.5899109885587001,41.255,-1.4893617021276608,-0.06382978723404238,0.0,0.0,0.0,64.15777439024389,0.3556910569105721,0.05866234330854297,106.99999999999932,86.53938570995815,2021-04-29 10:57:20
79.98641304347825,0.5913358963763101,41.38,-1.5070921985815615,-0.06382978723404238,0.0,0.0,0.0,74.16158536585365,0.7469512195121982,0.05880403999363761,106.99999999999932,86.53938570995815,2021-04-29 10:57:30
80.04076086956522,0.5927608041939201,42.255,-1.5106382978723414,-0.0638297872340424,1.38,0.0,0.0,91.23475609756098,1.013719512195125,0.05894573667873223,106.99999999999932,86.53938570995815,2021-04-29 10:57:40
80.09510869565217,0.5927608041939201,43.13,-1.3120567375886534,-0.060283687943262255,2.76,0.0,0.0,103.15040650406505,1.6753048780487836,0.05894573667873223,106.99999999999932,86.53938570995815,2021-04-29 10:57:50
80.16304347826087,0.6877545173792801,43.33,-1.1134751773049654,-0.049645390070921835,2.76,0.0,0.0,125.61822493224932,3.0304878048780517,0.06839216829826857,106.99999999999932,86.53938570995815,2021-04-29 10:58:00
80.25815217391303,0.78274823056464,43.68,-0.9148936170212776,-0.049645390070921835,4.26,0.0,0.0,133.9176829268293,3.4146341463414664,0.6227087993424395,106.99999999999932,86.53938570995815,2021-04-29 10:58:10
80.43478260869564,0.87774194375,43.41,-0.7163120567375896,-0.049645390070921835,3.66,0.0,0.0,134.45121951219514,3.4146341463414664,0.6109952207613891,106.99999999999932,86.53938570995815,2021-04-29 10:58:20
80.63858695652173,0.87774194375,44.83,-0.5177304964539016,-0.049645390070921835,5.82,0.0,0.0,134.45121951219514,3.4146341463414664,0.6982802522987304,106.99999999999932,86.53938570995815,2021-04-29 10:58:30
80.81521739130434,0.87774194375,44.465,-0.31914893617021367,-0.044326241134751636,5.970000000000001,0.0,0.0,134.45121951219514,3.601371951219515,0.0872850315373413,106.99999999999932,86.53938570995815,2021-04-29 10:58:40
81.01902173913044,0.87774194375,44.1,-0.12056737588652566,-0.04787234042553179,6.119999999999999,0.0,0.0,134.45121951219514,4.094893292682929,0.0872850315373413,106.99999999999932,86.53938570995815,2021-04-29 10:58:50
81.1820652173913,0.8862913852929959,43.41,0.07801418439716223,-0.049645390070921856,6.42,0.0,0.0,134.984756097561,3.993036308203994,0.17627042222926254,106.99999999999932,86.53938570995815,2021-04-29 10:59:00
81.31340579710144,0.8948408268359918,44.5,0.27659574468085024,-0.05496453900709206,6.119999999999999,0.0,0.0,137.1189024390244,4.549611973392464,0.3559415627676849,106.99999999999932,86.53938570995815,2021-04-29 10:59:10
81.34963768115941,0.9033902683789876,44.41,0.47517730496453825,-0.05141843971631192,5.82,0.0,0.0,138.1859756097561,5.33536585365854,0.17967114053842237,106.99999999999932,86.53938570995815,2021-04-29 10:59:20
81.39945652173913,0.9119397099219835,44.58,0.673758865248226,-0.03900709219858142,5.82,0.0,0.0,136.0518292682927,5.175304878048784,0.09068574984650116,106.99999999999932,86.53938570995815,2021-04-29 10:59:30
81.41304347826086,0.9204891514649792,44.394999999999996,0.872340425531914,-0.04078014184397148,5.970000000000001,0.0,0.0,134.45121951219514,4.857158988256552,0.09153592942379112,106.99999999999932,86.53938570995815,2021-04-29 10:59:40
81.45380434782608,0.9290385930079751,44.27,0.9219858156028362,-0.04255319148936155,5.82,0.0,0.0,134.984756097561,5.554708672086724,0.09238610900108109,106.99999999999932,86.53938570995815,2021-04-29 10:59:50
81.4266304347826,0.9375880345509708,44.504999999999995,0.9397163120567369,-0.03900709219858141,6.27,0.0,0.0,137.1189024390244,6.135670731707319,0.09323628857837105,106.99999999999932,86.53938570995815,2021-04-29 11:00:00
81.41304347826086,0.9461374760939668,44.59,1.0106382978723396,-0.024822695035460845,5.970000000000001,0.0,0.0,140.1422764227642,5.981537940379406,0.094086468155661,106.99999999999932,86.53938570995815,2021-04-29 11:00:10
81.41304347826086,0.9546869176369626,43.989999999999995,1.0638297872340416,-0.014184397163120421,5.67,0.0,0.0,145.83333333333331,6.005250677506778,0.09493664773295098,106.99999999999932,86.53938570995815,2021-04-29 11:00:20
81.38586956521738,0.9632363591799584,43.87,1.046099290780141,-0.01595744680851049,5.82,0.0,0.0,150.45731707317077,6.028155025868443,0.09578682731024094,106.99999999999932,86.53938570995815,2021-04-29 11:00:30
81.30434782608695,0.9717858007229544,44.305,0.9397163120567369,-0.02304964539007077,5.52,0.0,0.0,156.32621951219514,6.406319290465635,0.09663700688753092,106.99999999999932,86.53938570995815,2021-04-29 11:00:40
81.29076086956522,0.9803352422659501,44.6,0.7446808510638292,-0.030141843971631055,6.119999999999999,0.0,0.0,162.72865853658539,7.074695121951223,0.09748718646482087,106.99999999999932,86.53938570995815,2021-04-29 11:00:50
81.22282608695652,0.97463561099551,44.81,0.6028368794326233,-0.035460992907801275,5.82,0.0,0.0,184.28353658536585,8.056402439024392,0.09692039972444234,106.99999999999932,86.53938570995815,2021-04-29 11:01:00
81.14130434782608,0.9689359797250701,44.9525,0.4609929078014172,-0.03723404255319135,5.8950000000000005,0.0,0.0,203.52642276422768,8.32317073170732,0.09635361298406384,106.99999999999932,86.53938570995815,2021-04-29 11:01:10
81.1141304347826,1.1057269182326699,45.095,0.39007092198581406,-0.042553191489361555,5.970000000000001,0.0,0.0,215.05390597384235,7.9537992495309595,0.1099564736729898,106.99999999999932,86.53938570995815,2021-04-29 11:01:20
81.01449275362319,1.2425178567402702,44.87,0.4964539007092181,-0.04137115839243484,6.72,0.0,0.0,243.24628844114528,7.83067542213884,0.12355933436191582,106.99999999999932,86.53938570995815,2021-04-29 11:01:30
80.94202898550724,1.2425178567402702,44.47,0.4964539007092181,-0.03664302600472799,6.72,0.0,0.0,258.2317073170732,8.314376172607883,0.12355933436191582,106.99999999999932,86.53938570995815,2021-04-29 11:01:40
80.8016304347826,1.2425178567402702,44.135,0.2624113475177286,-0.019503546099290645,6.57,0.0,0.0,260.3658536585366,8.944728560188832,0.12355933436191582,106.99999999999932,86.53938570995815,2021-04-29 11:01:50
80.67934782608695,1.2425178567402702,43.8,-0.049645390070924056,-0.008865248226950218,6.42,0.0,0.0,260.3658536585366,9.390243902439028,0.12355933436191582,106.99999999999932,86.53938570995815,2021-04-29 11:02:00
80.61141304347825,1.2425178567402702,44.72,-0.3617021276595767,-0.0017730496453899414,6.42,0.0,0.0,260.8993902439024,9.696734854445321,0.12355933436191582,106.99999999999932,86.53938570995815,2021-04-29 11:02:10
80.5570652173913,1.2425178567402702,44.455,-0.6737588652482294,0.005319148936170336,6.57,0.0,0.0,262.5,9.872560975609758,0.12355933436191582,106.99999999999932,86.53938570995815,2021-04-29 11:02:20
80.50271739130434,1.2425178567402702,44.19,-0.985815602836882,0.007092198581560405,6.72,0.0,0.0,261.9664634146342,10.297256097560977,0.12355933436191582,106.99999999999932,86.53938570995815,2021-04-29 11:02:30
80.44836956521738,1.2425178567402702,44.989999999999995,-1.0638297872340452,0.001773049645390197,6.72,0.0,0.0,260.3658536585366,10.496752386002122,0.12355933436191582,106.99999999999932,86.53938570995815,2021-04-29 11:02:40
80.40760869565216,1.2425178567402702,45.79,-1.0638297872340452,-0.005319148936170078,6.72,0.0,0.0,259.83231707317077,10.653228333172663,0.12355933436191582,106.99999999999932,86.53938570995815,2021-04-29 11:02:50
80.36684782608695,1.2425178567402702,44.69,-1.0638297872340452,-0.017730496453900575,6.72,0.0,0.0,258.2317073170732,10.764828159645234,0.12355933436191582,106.99999999999932,86.53938570995815,2021-04-29 11:03:00
80.32608695652173,1.2425178567402702,45.239999999999995,-1.0638297872340452,-0.02127659574468072,6.72,0.0,0.0,258.2317073170732,11.075203252032523,0.12355933436191582,106.99999999999932,86.53938570995815,2021-04-29 11:03:10
80.32608695652173,1.2425178567402702,45.79,-1.0638297872340452,-0.01950354609929065,6.72,0.0,0.0,258.765243902439,12.065548780487807,0.12355933436191582,106.99999999999932,86.53938570995815,2021-04-29 11:03:20
80.32608695652173,1.2425178567402702,45.675,-1.0992907801418463,-0.012411347517730363,6.87,0.0,0.0,261.4329268292683,12.164634146341465,0.12355933436191582,106.99999999999932,86.53938570995815,2021-04-29 11:03:30
80.3125,1.2425178567402702,45.56,-1.20567375886525,-0.007092198581560148,7.0200000000000005,0.0,0.0,264.6341463414634,12.33003048780488,0.12355933436191582,106.99999999999932,86.53938570995815,2021-04-29 11:03:40
80.2445652173913,1.2425178567402702,44.56,-1.1790780141843986,-0.008865248226950218,7.0200000000000005,0.0,0.0,264.6341463414634,12.900914634146343,0.12355933436191582,106.99999999999932,86.53938570995815,2021-04-29 11:03:50
80.15398550724638,1.2425178567402702,44.845,-1.072695035460994,-0.012411347517730369,6.945,0.0,0.0,264.6341463414634,13.199695121951223,0.12355933436191582,106.99999999999932,86.53938570995815,2021-04-29 11:04:00
80.1177536231884,1.2425178567402702,45.13,-0.9663120567375891,-0.005319148936170093,6.87,0.0,0.0,266.234756097561,13.882621951219516,0.12355933436191582,106.99999999999932,86.53938570995815,2021-04-29 11:04:10
80.02717391304347,1.2425178567402702,43.98,-0.8599290780141844,0.0035460992907802628,6.72,0.0,0.0,265.16768292682934,14.613567073170735,0.12355933436191582,106.99999999999932,86.53938570995815,2021-04-29 11:04:20
79.95923913043478,1.2425178567402702,43.66499999999999,-0.7978723404255317,0.014184397163120675,6.959999999999999,0.0,0.0,264.6341463414634,15.061737804878053,0.12355933436191582,106.99999999999932,86.53938570995815,2021-04-29 11:04:30
79.8641304347826,1.2425178567402702,43.349999999999994,-0.8510638297872344,0.01595744680851074,7.199999999999999,0.0,0.0,278.31208425720627,15.520579268292686,0.12355933436191582,106.99999999999932,86.53938570995815,2021-04-29 11:04:40
79.75543478260869,1.2425178567402702,43.44499999999999,-0.8059316569954872,0.018912529550827527,7.109999999999999,0.0,0.0,318.6892375916766,16.235518292682926,0.12355933436191582,106.99999999999932,86.53938570995815,2021-04-29 11:04:50
79.6875,1.2425178567402702,43.54,-0.6254029658284983,0.00945626477541383,7.0200000000000005,0.0,0.0,343.26011048572025,16.352896341463417,0.12355933436191582,106.99999999999932,86.53938570995815,2021-04-29 11:05:00
79.59239130434781,1.4021072919390551,44.65,-0.4448742746615094,-0.00886524822695022,7.38,0.0,0.0,379.77924570912376,16.7750861611877,0.13942933918912043,106.99999999999932,86.53938570995815,2021-04-29 11:05:10
79.53804347826086,1.5616967271378401,44.65,-0.2643455834945205,-0.02482269503546084,6.72,0.0,0.0,396.95121951219517,17.676299045599155,0.155299344016325,106.99999999999932,86.53938570995815,2021-04-29 11:05:20
79.49728260869564,1.5616967271378401,44.739999999999995,-0.08381689232753164,-0.04964539007092182,6.795,0.0,0.0,397.484756097561,18.086890243902445,0.155299344016325,106.99999999999932,86.53938570995815,2021-04-29 11:05:30
79.45652173913042,1.5616967271378401,44.83,0.09671179883945727,-0.07801418439716294,6.87,0.0,0.0,399.0853658536586,17.987804878048784,0.155299344016325,106.99999999999932,86.53938570995815,2021-04-29 11:05:40
79.42934782608694,1.5616967271378401,43.41,0.1418439716312045,-0.09574468085106366,7.0200000000000005,0.0,0.0,402.82012195121956,17.876016260162608,0.155299344016325,106.99999999999932,86.53938570995815,2021-04-29 11:05:50
79.36141304347825,1.5616967271378401,43.76,0.14184397163120452,-0.09929078014184381,7.0200000000000005,0.0,0.0,406.5548780487805,18.460365853658537,0.155299344016325,106.99999999999932,86.53938570995815,2021-04-29 11:06:00
79.375,1.55029740781581,44.11,0.14184397163120452,-0.08333333333333318,7.0200000000000005,0.0,0.0,402.82012195121956,19.95426829268293,0.15416576488909692,106.99999999999932,86.53938570995815,2021-04-29 11:06:10
79.29347826086956,1.5616967271378401,46.44,0.14184397163120452,-0.07269503546099274,7.0200000000000005,0.0,0.0,400.15243902439033,20.701219512195124,0.155299344016325,106.99999999999932,86.53938570995815,2021-04-29 11:06:20
79.27536231884058,1.5616967271378401,46.77,0.17730496453900588,-0.06028368794326225,7.0200000000000005,0.0,0.0,396.4176829268293,22.263719512195127,0.155299344016325,106.99999999999932,86.53938570995815,2021-04-29 11:06:30
79.20289855072463,1.5616967271378401,45.11,0.19503546099290653,-0.04787234042553177,6.72,0.0,0.0,395.3506097560976,23.46798780487805,0.155299344016325,106.99999999999932,86.53938570995815,2021-04-29 11:06:40
79.10326086956522,1.55029740781581,43.45,0.2925531914893605,-0.03546099290780129,6.42,0.0,0.0,401.219512195122,24.542682926829272,0.15416576488909692,106.99999999999932,86.53938570995815,2021-04-29 11:06:50
78.9945652173913,1.55029740781581,43.13,0.8953900709219845,0.015397536394177038,7.0200000000000005,0.0,0.0,418.6483739837399,24.59603658536586,0.15416576488909692,106.99999999999932,86.53938570995815,2021-04-29 11:07:00
78.96739130434781,1.55029740781581,43.12,1.3475177304964525,0.14120721076784587,7.0200000000000005,0.0,0.0,443.724593495935,24.626524390243908,0.15416576488909692,106.99999999999932,86.53938570995815,2021-04-29 11:07:10
78.88586956521738,1.55029740781581,44.72,1.9250253292806472,0.3060930864435246,6.72,0.0,0.0,481.4955962059621,24.174796747967484,0.15416576488909692,106.99999999999932,86.53938570995815,2021-04-29 11:07:20
78.77717391304347,1.55029740781581,45.4475,3.8956433637284693,0.4827695944717222,6.87,0.0,0.0,498.12838753387535,23.92276422764228,0.15416576488909692,106.99999999999932,86.53938570995815,2021-04-29 11:07:30
78.72282608695653,1.555997067476825,46.175,4.911347517730496,0.5797872340425533,7.0200000000000005,0.0,0.0,519.3216463414634,24.11488359201774,0.15473255445271095,106.99999999999932,86.53938570995815,2021-04-29 11:07:40
78.69565217391305,1.5616967271378401,47.2125,5.815602836879432,0.7464539007092199,6.345000000000001,0.0,0.0,529.2121309370989,25.097237620103478,0.155299344016325,106.99999999999932,86.53938570995815,2021-04-29 11:07:50
78.69565217391305,1.567396328125,48.25,5.833333333333332,0.7960992907801419,5.67,0.0,0.0,554.9687716006715,25.886528201219516,0.1558661277452523,106.99999999999932,86.53938570995815,2021-04-29 11:08:00
78.73641304347825,1.57309592911216,47.18,5.737293144208037,0.7922705314009664,5.82,0.0,0.0,564.5901735459663,26.41720655487805,0.1564329114741796,106.99999999999932,86.53938570995815,2021-04-29 11:08:10
78.91304347826086,1.7554838875,47.465,5.1403664302600465,0.7556788981395828,5.82,0.0,0.0,518.6797978177151,25.664380081300813,0.3491401261493652,106.99999999999932,86.53938570995815,2021-04-29 11:08:20
79.14402173913044,1.7668832068220302,47.75,3.778178824721377,0.6960699471815226,5.82,0.0,0.0,479.2945501225347,25.390413279132794,0.35140728440382135,106.99999999999932,86.53938570995815,2021-04-29 11:08:30
79.42934782608694,1.41350661315379,45.8,3.130699088145896,0.6219400594829559,6.119999999999999,0.0,0.0,460.74538063562454,25.94927937915743,0.14056291850456418,106.99999999999932,86.53938570995815,2021-04-29 11:08:40
79.71920289855072,1.4705027479439199,45.34,3.0496453900709213,0.5709219858156029,6.119999999999999,0.0,0.0,455.0060975609756,27.021202882483372,0.1462307682160735,106.99999999999932,86.53938570995815,2021-04-29 11:08:50
79.90036231884056,1.5274988827340499,45.85,3.0496453900709213,0.5496453900709222,5.52,0.0,0.0,462.5,27.47713414634147,0.1518986179275828,106.99999999999932,86.53938570995815,2021-04-29 11:09:00
80.14945652173913,1.5274988827340499,46.12,2.996453900709219,0.5195035460992908,6.119999999999999,0.0,0.0,465.2439024390244,27.957317073170735,0.1518986179275828,106.99999999999932,86.53938570995815,2021-04-29 11:09:10
80.4211956521739,1.5274988827340499,45.69,2.978723404255318,0.4946808510638299,5.52,0.0,0.0,467.37804878048786,28.585962354188762,0.3037972358551656,106.99999999999932,86.53938570995815,2021-04-29 11:09:20
80.69293478260869,1.5274988827340499,45.834999999999994,3.0319148936170204,0.4893617021276597,5.52,0.0,0.0,477.8709349593496,29.46977730646872,0.3037972358551656,106.99999999999932,86.53938570995815,2021-04-29 11:09:30
80.92391304347827,1.5274988827340499,45.98,3.6347517730496444,0.5121580547112463,5.52,0.0,0.0,494.5884146341464,29.98475609756098,0.1518986179275828,106.99999999999932,86.53938570995815,2021-04-29 11:09:40
81.22282608695653,1.5274988827340499,48.47,3.5562310030395126,0.5722575297043383,5.82,0.0,0.0,508.4603658536586,29.13109756097561,0.3037972358551656,106.99999999999932,86.53938570995815,2021-04-29 11:09:50
81.4266304347826,1.5274988827340499,48.47,3.1914893617021267,0.6494197292069633,5.82,0.0,0.0,509.42073170731703,30.673272357723576,0.6075944717103312,106.99999999999932,86.53938570995815,2021-04-29 11:10:00
81.54891304347825,1.5274988827340499,48.43,2.8267477203647404,0.728854741266089,5.67,0.0,0.0,471.9729305247598,35.1295731707317,0.4556958537827484,106.99999999999932,86.53938570995815,2021-04-29 11:10:10
81.65760869565216,1.5274988827340499,48.39,2.4290780141843964,0.7296676720741285,5.52,0.0,0.0,337.7328159645233,37.83536585365854,0.4556958537827484,106.99999999999932,86.53938570995815,2021-04-29 11:10:20
81.75271739130434,1.0715290757215847,48.28,2.03900709219858,0.6650512929425545,6.119999999999999,0.0,0.0,216.92790530846486,38.82113821138212,0.31966724331739,106.99999999999932,86.53938570995815,2021-04-29 11:10:30
81.8070652173913,0.61555926870912,44.785,1.8617021276595733,0.5416200074654723,3.0599999999999996,0.0,0.0,88.2532281205165,38.31672138836773,0.061212877617343876,106.99999999999932,86.53938570995815,2021-04-29 11:10:40
81.14130434782608,0.19758693473130667,0.28,-4.148936170212767,0.2442897371714644,2.1599999999999997,0.0,0.0,92.65752032520325,23.381780908326327,0.1375400522503752,106.99999999999932,86.53938570995815,2021-04-29 11:16:00
81.1322463768116,0.39517386946261335,0.99,-3.2269503546099303,0.19889445139758039,2.61,0.0,0.0,82.88647776183643,23.7263456686291,0.31437726228657187,106.99999999999932,86.53938570995815,2021-04-29 11:16:10
81.09601449275362,0.5927608041939201,0.32,-2.4468085106382995,0.1631205673758866,0.0,0.0,0.0,70.55236728837876,23.84146341463415,0.47156589342985783,106.99999999999932,86.53938570995815,2021-04-29 11:16:20
81.08695652173913,0.5927608041939201,0.32,-2.1985815602836896,0.13829787234042556,0.0,0.0,0.0,60.59451219512194,23.955792682926834,0.53051163010859,106.99999999999932,86.53938570995815,2021-04-29 11:16:30
81.08695652173913,0.5927608041939201,0.49,-2.1453900709219877,0.12056737588652483,0.0,0.0,0.0,43.0640243902439,23.932079945799465,0.05894573667873223,106.99999999999932,86.53938570995815,2021-04-29 11:16:40
81.01902173913044,0.29068077082652,1.06,-2.588652482269505,0.20409771473601268,3.36,0.0,0.0,64.6849593495935,21.626016260162608,0.028906081598987582,106.99999999999932,86.53938570995815,2021-04-29 11:18:20
80.96467391304347,0.58136154165304,0.635,-2.2340425531914905,0.21134751773049654,2.91,0.0,0.0,93.82621951219512,21.831678653325,0.4046851423858262,106.99999999999932,86.53938570995815,2021-04-29 11:18:30
80.90579710144927,0.58136154165304,0.21,-1.4893617021276606,0.1698581560283689,2.46,0.0,0.0,96.03658536585368,21.965290806754226,0.4624973055838013,106.99999999999932,86.53938570995815,2021-04-29 11:18:40
80.83333333333333,0.58136154165304,-2.495,-0.9042553191489373,0.12943262411347525,2.46,0.0,0.0,70.21341463414635,21.741615853658544,0.5203094687817765,106.99999999999932,86.53938570995815,2021-04-29 11:18:50
80.77445652173913,0.5927608041939201,-5.2,-0.5673758865248235,0.10992907801418447,2.46,0.0,0.0,54.48639774859288,22.86204268292683,0.53051163010859,106.99999999999932,86.53938570995815,2021-04-29 11:19:00
80.76086956521739,0.29638040209696004,-4.51,-0.33687943262411435,0.0797872340425533,0.0,0.0,0.0,31.776207786116323,23.26219512195122,0.11789147335746446,106.99999999999932,86.53938570995815,2021-04-29 11:19:10
80.04076086956522,0.28498113955608,1.34,-2.96099290780142,0.19575534581133697,6.119999999999999,0.0,0.0,72.02743902439025,21.494565217391305,0.19837506401026347,106.99999999999932,86.53938570995815,2021-04-29 11:20:30
79.74184782608695,0.56996227911216,6.49,-2.9964539007092212,0.20288753799392106,6.72,0.0,0.0,90.16768292682927,21.776025097207494,0.39675012802052695,106.99999999999932,86.53938570995815,2021-04-29 11:20:40
79.38858695652175,0.5927608041939201,8.09,-3.3510638297872357,0.21520390070921994,7.199999999999999,0.0,0.0,92.83536585365854,21.957994579945797,0.53051163010859,106.99999999999932,86.53938570995815,2021-04-29 11:20:50
79.13949275362319,0.5927608041939201,9.69,-3.7411347517730507,0.23958333333333343,7.68,0.0,0.0,99.77134146341463,22.05640243902439,0.47156589342985783,106.99999999999932,86.53938570995815,2021-04-29 11:21:00
78.95833333333333,0.5927608041939201,2.62,-4.166666666666668,0.29255319148936176,7.68,0.0,0.0,109.90853658536585,21.77896341463415,0.53051163010859,106.99999999999932,86.53938570995815,2021-04-29 11:21:10
78.74999999999999,0.5927608041939201,4.24,-4.255319148936172,0.29432624113475186,7.98,0.0,0.0,102.18794835007174,21.035259809119832,0.53051163010859,106.99999999999932,86.53938570995815,2021-04-29 11:21:20
78.69565217391303,0.5927608041939201,3.55,-3.9952718676122947,0.27541371158392447,10.08,0.0,0.0,85.67969870875179,20.04493085012372,0.53051163010859,106.99999999999932,86.53938570995815,2021-04-29 11:21:30
78.73641304347827,0.58136154165304,4.807499999999999,-3.80614657210402,0.24231678486997646,10.169999999999998,0.0,0.0,73.27235772357724,19.70232046070461,0.5203094687817765,106.99999999999932,86.53938570995815,2021-04-29 11:21:40
78.83152173913044,0.58706117292348,6.0649999999999995,-3.333333333333335,0.21808510638297882,10.26,0.0,0.0,59.04471544715446,19.19249661246613,0.5254105494451833,106.99999999999932,86.53938570995815,2021-04-29 11:21:50
78.94021739130434,0.5927608041939201,8.15,-3.0319148936170226,0.15898345153664312,10.74,0.0,0.0,47.48475609756097,19.274644308943095,0.53051163010859,106.99999999999932,86.53938570995815,2021-04-29 11:22:00
79.00815217391303,0.5927608041939201,7.025,-2.978723404255321,0.10441292356185981,11.04,0.0,0.0,43.21646341463415,18.854801829268297,0.53051163010859,106.99999999999932,86.53938570995815,2021-04-29 11:22:10
79.07608695652173,0.5927608041939201,5.9,-2.978723404255321,0.06560283687943272,11.34,0.0,0.0,44.28353658536585,18.394482169253514,0.53051163010859,106.99999999999932,86.53938570995815,2021-04-29 11:22:20
79.15760869565216,0.5927608041939201,6.220000000000001,-3.0319148936170226,0.03546099290780154,11.34,0.0,0.0,44.8170731707317,17.53880266075388,0.53051163010859,106.99999999999932,86.53938570995815,2021-04-29 11:22:30
79.26630434782608,0.5927608041939201,6.54,-3.1560283687943276,0.007092198581560402,11.34,0.0,0.0,41.61585365853658,16.424718574108823,0.53051163010859,106.99999999999932,86.53938570995815,2021-04-29 11:22:40
79.34782608695652,0.5927608041939201,0.97,-3.4042553191489375,-0.005319148936170091,8.879999999999999,0.0,0.0,40.54878048780487,15.978217797761536,0.53051163010859,106.99999999999932,86.53938570995815,2021-04-29 11:22:50
79.36141304347825,0.5927608041939201,-6.14,-3.634751773049647,-0.017730496453900582,4.26,0.0,0.0,22.449577861163224,15.802086253621159,0.23578294671492891,106.99999999999932,86.53938570995815,2021-04-29 11:23:00
79.40217391304347,0.5927608041939201,0.94,-3.6170212765957457,-0.021276595744680722,7.38,0.0,0.0,20.537054409005627,15.186289815796712,0.47156589342985783,106.99999999999932,86.53938570995815,2021-04-29 11:23:10
79.4157608695652,0.5927608041939201,0.78,-3.4929078014184407,-0.014184397163120442,7.98,0.0,0.0,22.017276422764223,14.792881760339345,0.41262015675112557,106.99999999999932,86.53938570995815,2021-04-29 11:23:20
79.54710144927536,0.5927608041939201,7.2,-3.049645390070923,0.012411347517730615,7.0200000000000005,0.0,0.0,42.14939024390243,14.992378048780491,0.05894573667873223,106.99999999999932,86.53938570995815,2021-04-29 11:23:40
79.60597826086956,0.5927608041939201,3.64,-2.7482269503546113,0.003546099290780259,5.82,0.0,0.0,40.015243902439025,14.324390243902442,0.23578294671492891,106.99999999999932,86.53938570995815,2021-04-29 11:23:50
79.74184782608695,0.58706117292348,5.6,-2.4822695035461004,-0.00709219858156016,8.58,0.0,0.0,38.41463414634146,13.450813008130085,0.3502736996301222,106.99999999999932,86.53938570995815,2021-04-29 11:24:00
79.82336956521739,0.58136154165304,4.81,-2.500000000000001,-0.00709219858156016,10.08,0.0,0.0,38.94817073170732,12.4047256097561,0.5203094687817765,106.99999999999932,86.53938570995815,2021-04-29 11:24:10
79.95923913043478,0.58706117292348,5.89,-2.5709219858156036,-0.008865248226950227,11.64,0.0,0.0,40.015243902439025,12.11012062566278,0.0583789499383537,106.99999999999932,86.53938570995815,2021-04-29 11:24:20
80.12228260869566,0.5927608041939201,0.01,-2.6595744680851072,-0.0159574468085105,11.04,0.0,0.0,37.88109756097562,12.32364070182204,0.3536744200723934,106.99999999999932,86.53938570995815,2021-04-29 11:24:30
80.2445652173913,0.5927608041939201,0.69,-2.836879432624115,-0.02482269503546087,3.96,0.0,0.0,36.28048780487805,12.196266750216912,0.05894573667873223,106.99999999999932,86.53938570995815,2021-04-29 11:24:40
80.27173913043478,0.5927608041939201,3.69,-3.0732860520094576,-0.03664302600472802,4.59,0.0,0.0,35.213414634146346,11.120758218451751,0.05894573667873223,106.99999999999932,86.53938570995815,2021-04-29 11:24:50
80.27173913043478,0.5927608041939201,6.69,-3.167848699763595,-0.041371158392434854,5.22,0.0,0.0,32.01219512195122,10.470180998746748,0.05894573667873223,106.99999999999932,86.53938570995815,2021-04-29 11:25:00
80.27173913043478,0.58136154165304,1.61,-3.191489361702129,-0.04787234042553179,8.58,0.0,0.0,32.367886178861795,10.146895787139691,0.2890608159898758,106.99999999999932,86.53938570995815,2021-04-29 11:25:10
80.27173913043478,0.58706117292348,8.28,-3.138297872340427,-0.04964539007092186,11.34,0.0,0.0,33.79065040650407,10.146895787139691,0.0583789499383537,106.99999999999932,86.53938570995815,2021-04-29 11:25:20
80.29891304347825,0.5927608041939201,4.9,-3.0673758865248244,-0.049645390070921856,12.239999999999998,0.0,0.0,34.14634146341464,10.146895787139691,0.3536744200723934,106.99999999999932,86.53938570995815,2021-04-29 11:25:30
80.40760869565216,0.5927608041939201,4.085,-2.943262411347519,-0.04432624113475164,8.879999999999999,0.0,0.0,35.7469512195122,9.73946784922395,0.11789147335746446,106.99999999999932,86.53938570995815,2021-04-29 11:25:40
80.52989130434781,0.58136154165304,3.27,-2.8014184397163135,-0.031914893617021156,5.52,0.0,0.0,36.28048780487805,9.763719512195124,0.057812163197975164,106.99999999999932,86.53938570995815,2021-04-29 11:25:50
80.67028985507245,0.5927608041939201,6.12,-2.6063829787234054,-0.017730496453900593,9.780000000000001,0.0,0.0,36.28048780487805,9.81707317073171,0.3536744200723934,106.99999999999932,86.53938570995815,2021-04-29 11:26:00
80.7427536231884,0.5927608041939201,3.76,-2.446808510638299,-0.014184397163120449,10.08,0.0,0.0,31.478658536585364,9.657012195121954,0.3536744200723934,106.99999999999932,86.53938570995815,2021-04-29 11:26:10
80.80163043478261,0.5927608041939201,-0.88,-2.251773049645391,0.0017730496453901862,0.0,0.0,0.0,29.878048780487802,9.224566752246472,0.05894573667873223,106.99999999999932,86.53938570995815,2021-04-29 11:26:20
80.89673913043478,0.5927608041939201,2.435,-2.2492401215805486,0.007092198581560399,5.82,0.0,0.0,29.878048780487802,9.098202824133507,0.23578294671492891,106.99999999999932,86.53938570995815,2021-04-29 11:26:30
80.96467391304347,0.5927608041939201,5.75,-2.7355623100303967,0.008865248226950471,11.64,0.0,0.0,29.878048780487802,9.058087291399232,0.53051163010859,106.99999999999932,86.53938570995815,2021-04-29 11:26:40
81.01902173913044,0.5927608041939201,-3.77,-3.943768996960488,0.014184397163120683,0.0,0.0,0.0,29.878048780487802,8.983739837398375,0.05894573667873223,106.99999999999932,86.53938570995815,2021-04-29 11:26:50
81.03260869565217,0.5927608041939201,-2.6,-3.338399189463021,0.012411347517730612,0.0,0.0,0.0,29.878048780487802,8.963414634146343,0.11789147335746446,106.99999999999932,86.53938570995815,2021-04-29 11:27:00
81.03260869565217,0.5927608041939201,-2.3,-2.4113475177304977,0.005319148936170331,0.0,0.0,0.0,29.878048780487802,8.926067073170733,0.1768372100361967,106.99999999999932,86.53938570995815,2021-04-29 11:27:10
81.03260869565217,0.5927608041939201,-2.0,-2.4113475177304977,-0.001773049645389947,0.0,0.0,0.0,29.34451219512195,8.671654364569964,0.05894573667873223,106.99999999999932,86.53938570995815,2021-04-29 11:27:20
81.0461956521739,0.5927608041939201,-4.12,-2.4113475177304977,-0.00709219858156016,0.0,0.0,0.0,28.277439024390247,8.157493581514768,0.11789147335746446,106.99999999999932,86.53938570995815,2021-04-29 11:27:30
81.10054347826086,0.5927608041939201,-1.565,-2.4113475177304977,-0.008865248226950232,3.69,0.0,0.0,28.27743902439024,8.062330623306236,0.29472868339366115,106.99999999999932,86.53938570995815,2021-04-29 11:27:40
81.16847826086956,0.58136154165304,0.99,-2.4822695035461004,-0.014184397163120449,7.38,0.0,0.0,22.942073170731696,8.290409713307664,0.23124865279190066,106.99999999999932,86.53938570995815,2021-04-29 11:27:50
81.26358695652173,0.58706117292348,2.07,-2.7836879432624126,-0.014184397163120453,5.82,0.0,0.0,21.874999999999993,7.4106644527543715,0.1167578998767074,106.99999999999932,86.53938570995815,2021-04-29 11:28:00
81.31793478260869,0.5927608041939201,3.49,-3.132387706855793,-0.015366430260047175,3.96,0.0,0.0,23.475609756097548,6.968915694591732,0.29472868339366115,106.99999999999932,86.53938570995815,2021-04-29 11:28:10
81.3677536231884,0.5927608041939201,3.2300000000000004,-3.4633569739952734,-0.02009456264775402,5.67,0.0,0.0,23.475609756097548,6.205972022955527,0.11789147335746446,106.99999999999932,86.53938570995815,2021-04-29 11:28:20
81.40398550724638,0.58136154165304,2.97,-3.5992907801418452,-0.015957446808510533,7.38,0.0,0.0,23.475609756097548,5.864020404909935,0.23124865279190066,106.99999999999932,86.53938570995815,2021-04-29 11:28:30
81.45380434782608,0.5927608041939201,1.11,-3.8297872340425547,-0.014184397163120465,7.68,0.0,0.0,23.475609756097548,5.641260162601629,0.11789147335746446,106.99999999999932,86.53938570995815,2021-04-29 11:28:40
81.46739130434781,0.5927608041939201,2.31,-3.9539007092198597,-0.008865248226950244,7.0200000000000005,0.0,0.0,23.475609756097548,6.292344173441737,0.11789147335746446,106.99999999999932,86.53938570995815,2021-04-29 11:28:50
81.46739130434781,0.5927608041939201,4.48,-3.8120567375886543,-0.001773049645389959,8.879999999999999,0.0,0.0,23.475609756097555,6.648712737127374,0.05894573667873223,106.99999999999932,86.53938570995815,2021-04-29 11:29:00
81.38586956521738,0.58136154165304,2.9250000000000003,-3.386524822695037,0.010638297872340543,8.580000000000002,0.0,0.0,23.475609756097562,5.294715447154474,0.057812163197975164,106.99999999999932,86.53938570995815,2021-04-29 11:29:10
81.23641304347825,0.5927608041939201,1.37,-2.9432624113475194,0.019503546099290905,8.280000000000001,0.0,0.0,7.012195121951223,5.315757244110906,0.05894573667873223,106.99999999999932,86.53938570995815,2021-04-29 11:29:20
81.07336956521738,0.5927608041939201,0.97,-2.4645390070922,0.02127659574468098,10.08,0.0,0.0,-2.1341463414634103,5.483114446529084,0.05894573667873223,106.99999999999932,86.53938570995815,2021-04-29 11:29:30
80.86956521739131,0.5927608041939201,0.635,-2.127659574468086,0.021276595744680972,9.030000000000001,0.0,0.0,-10.7330931263858,4.401266416510323,0.05894573667873223,106.99999999999932,86.53938570995815,2021-04-29 11:29:40
80.63858695652173,0.29638040209696004,0.29999999999999993,-2.198581560283689,0.017730496453900825,7.98,0.0,0.0,-24.10615299334812,3.5533536585365884,0.029472868339366114,106.99999999999932,86.53938570995815,2021-04-29 11:29:50
78.20652173913044,0.19378718055101335,42.287499999999994,0.2250591016548451,-0.0354609929078013,3.435,0.0,0.0,-52.64227642276424,-0.42682926829267986,0.17343648959392552,106.99999999999932,86.53938570995815,2021-04-29 13:23:30
78.20652173913044,0.3875743611020267,42.56,0.2250591016548451,-0.0354609929078013,3.585,0.0,0.0,-52.64227642276424,-0.42682926829267986,0.038541442131983454,106.99999999999932,86.53938570995815,2021-04-29 13:23:40
78.20652173913044,0.58136154165304,42.9,0.2250591016548451,-0.0354609929078013,3.51,0.0,0.0,-52.64227642276424,-0.42682926829267986,0.5203094687817765,106.99999999999932,86.53938570995815,2021-04-29 13:23:50
78.20652173913044,0.478768344586078,43.2,0.2250591016548451,-0.0354609929078013,3.585,0.0,0.0,-52.64227642276424,-0.42682926829267986,0.4284901652297147,106.99999999999932,86.53938570995815,2021-04-29 13:24:00
78.20652173913044,0.376175147519116,43.5,0.2250591016548451,-0.0354609929078013,3.66,0.0,0.0,-52.64227642276424,-0.42682926829267986,0.3366708616776529,106.99999999999932,86.53938570995815,2021-04-29 13:24:10
78.20652173913044,0.188087573759558,43.7325,0.2250591016548451,-0.0354609929078013,3.585,0.0,0.0,-52.64227642276424,-0.42682926829267986,0.16833543083882646,106.99999999999932,86.53938570995815,2021-04-29 13:24:20
78.20652173913044,0.005699623207516701,43.54,0.2250591016548451,-0.0354609929078013,3.36,0.0,0.0,-52.64227642276424,-0.42682926829267986,0.0005667859385796357,106.99999999999932,86.53938570995815,2021-04-29 13:24:40
78.20652173913044,0.011399246415033402,43.08,0.2250591016548451,-0.0354609929078013,3.66,0.0,0.0,-52.64227642276424,-0.42682926829267986,0.010202146894433443,106.99999999999932,86.53938570995815,2021-04-29 13:24:50
78.20652173913044,0.005699623207516701,43.596666666666664,0.2250591016548451,-0.0354609929078013,3.5599999999999996,0.0,0.0,-52.64227642276424,-0.42682926829267986,0.005101073447216721,106.99999999999932,86.53938570995815,2021-04-29 13:25:00
78.20652173913044,0.12159196216413334,43.95625,0.2250591016548451,-0.0354609929078013,3.1349999999999993,0.0,0.0,-52.64227642276424,-0.42682926829267986,0.012091433396518242,106.99999999999932,86.53938570995815,2021-04-29 13:35:00
78.20652173913044,0.2431839243282667,44.2525,0.2250591016548451,-0.0354609929078013,5.069999999999999,0.0,0.0,-52.64227642276424,-0.42682926829267986,1.0000054118108892e-12,106.99999999999932,86.53938570995815,2021-04-29 13:35:10
78.20652173913044,0.36477588649240006,45.105000000000004,0.2250591016548451,-0.0354609929078013,4.7700000000000005,0.0,0.0,-52.64227642276424,-0.42682926829267986,0.03627430018955473,106.99999999999932,86.53938570995815,2021-04-29 13:35:20
78.20652173913044,0.4863678486565334,45.126,0.2250591016548451,-0.0354609929078013,4.92,0.0,0.0,-52.64227642276424,-0.42682926829267986,0.43529160227465674,106.99999999999932,86.53938570995815,2021-04-29 13:35:30
78.20652173913044,0.6079598108206669,44.989999999999995,0.2250591016548451,-0.0354609929078013,4.92,0.0,0.0,-52.64227642276424,-0.42682926829267986,0.06045716698259123,106.99999999999932,86.53938570995815,2021-04-29 13:35:40
78.20652173913044,0.7295517729848001,45.305,0.2250591016548451,-0.0354609929078013,5.22,0.0,0.0,-52.64227642276424,-0.42682926829267986,0.07254860037910946,106.99999999999932,86.53938570995815,2021-04-29 13:35:50
78.20652173913044,0.673432405832123,45.38,0.2250591016548451,-0.0354609929078013,4.92,0.0,0.0,-52.64227642276424,-0.42682926829267986,0.06696793881148565,106.99999999999932,86.53938570995815,2021-04-29 13:36:00
78.20652173913044,0.6173130386794462,45.27,0.2250591016548451,-0.0354609929078013,5.12,0.0,0.0,-52.64227642276424,-0.42682926829267986,0.061387277243861844,106.99999999999932,86.53938570995815,2021-04-29 13:36:10
78.20652173913044,0.5611936715267694,44.910000000000004,0.2250591016548451,-0.0354609929078013,4.9799999999999995,0.0,0.0,-52.64227642276424,-0.42682926829267986,0.055806615676238056,106.99999999999932,86.53938570995815,2021-04-29 13:36:20
78.20652173913044,0.5050743043740924,45.16,0.2250591016548451,-0.0354609929078013,5.145,0.0,0.0,-52.64227642276424,-0.42682926829267986,0.050225954108614246,106.99999999999932,86.53938570995815,2021-04-29 13:36:30
78.20652173913044,0.4489549372214154,44.336666666666666,0.2250591016548451,-0.0354609929078013,5.12,0.0,0.0,-52.64227642276424,-0.42682926829267986,0.04464529254099043,106.99999999999932,86.53938570995815,2021-04-29 13:36:40
78.20652173913044,0.3928355700687385,44.1875,0.2250591016548451,-0.0354609929078013,5.069999999999999,0.0,0.0,-52.64227642276424,-0.42682926829267986,0.03906463097336663,106.99999999999932,86.53938570995815,2021-04-29 13:36:50
78.20652173913044,0.3367162029160616,43.92,0.2250591016548451,-0.0354609929078013,4.995,0.0,0.0,-52.64227642276424,-0.42682926829267986,0.03348396940574283,106.99999999999932,86.53938570995815,2021-04-29 13:37:00
78.20652173913044,0.2805968357633847,44.82,0.2250591016548451,-0.0354609929078013,5.295,0.0,0.0,-52.64227642276424,-0.42682926829267986,0.027903307838119028,106.99999999999932,86.53938570995815,2021-04-29 13:37:10
78.20652173913044,0.2244774686107077,44.7525,0.2250591016548451,-0.0354609929078013,5.069999999999999,0.0,0.0,-52.64227642276424,-0.42682926829267986,0.022322646270495215,106.99999999999932,86.53938570995815,2021-04-29 13:37:20
78.20652173913044,0.16835810145803073,44.65,0.2250591016548451,-0.0354609929078013,5.145,0.0,0.0,-52.64227642276424,-0.42682926829267986,0.01674198470287141,106.99999999999932,86.53938570995815,2021-04-29 13:37:30
78.20652173913044,0.1122387343053539,44.074,0.2250591016548451,-0.0354609929078013,3.983999999999999,0.0,0.0,-52.64227642276424,-0.42682926829267986,0.011161323135247614,106.99999999999932,86.53938570995815,2021-04-29 13:37:40
78.20652173913044,0.05611936715267695,43.5,0.2250591016548451,-0.0354609929078013,0.22499999999999998,0.0,0.0,-52.64227642276424,-0.42682926829267986,0.005580661567623807,106.99999999999932,86.53938570995815,2021-04-29 13:37:50
78.20652173913044,0.06459573198167133,42.464,0.2250591016548451,-0.0354609929078013,0.0,0.0,0.0,-52.64227642276424,-0.42682926829267986,0.0064235741989375865,106.99999999999932,86.53938570995815,2021-04-29 13:40:50
78.20652173913044,0.12919146396334266,42.42,0.2250591016548451,-0.0354609929078013,0.0,0.0,0.0,-52.64227642276424,-0.42682926829267986,0.012847148397875173,106.99999999999932,86.53938570995815,2021-04-29 13:41:00
78.20652173913044,0.19378719594501395,42.4375,0.2250591016548451,-0.0354609929078013,0.0,0.0,0.0,-52.64227642276424,-0.42682926829267986,0.01927072259681276,106.99999999999932,86.53938570995815,2021-04-29 13:41:10
78.20652173913044,0.2583829279266853,42.416,0.2250591016548451,-0.0354609929078013,0.0,0.0,0.0,-52.64227642276424,-0.42682926829267986,0.17986007757025246,106.99999999999932,86.53938570995815,2021-04-29 13:41:20
78.20652173913044,0.3229786599083566,43.47,0.2250591016548451,-0.0354609929078013,0.22499999999999998,0.0,0.0,-52.64227642276424,-0.42682926829267986,0.16058935497343968,106.99999999999932,86.53938570995815,2021-04-29 13:41:30
78.20652173913044,0.3875743918900279,43.8775,0.2250591016548451,-0.0354609929078013,0.6,0.0,0.0,-52.64227642276424,-0.42682926829267986,0.30833156154900415,106.99999999999932,86.53938570995815,2021-04-29 13:41:40
78.20652173913044,0.45217012387169925,43.519999999999996,0.2250591016548451,-0.0354609929078013,0.75,0.0,0.0,-52.64227642276424,-0.42682926829267986,0.35972015514050487,106.99999999999932,86.53938570995815,2021-04-29 13:41:50
78.20652173913044,0.5167658558533706,43.303333333333335,0.2250591016548451,-0.0354609929078013,1.0,0.0,0.0,-52.64227642276424,-0.42682926829267986,0.46249734232350626,106.99999999999932,86.53938570995815,2021-04-29 13:42:00
78.20652173913044,0.581361587835042,43.288,0.2250591016548451,-0.0354609929078013,1.14,0.0,0.0,-52.64227642276424,-0.42682926829267986,0.5203095101139447,106.99999999999932,86.53938570995815,2021-04-29 13:42:10
78.20652173913044,0.6459573198167132,43.805,0.2250591016548451,-0.0354609929078013,1.125,0.0,0.0,-52.64227642276424,-0.42682926829267986,0.5781216779043828,106.99999999999932,86.53938570995815,2021-04-29 13:42:20
78.20652173913044,0.7105530517983847,43.79,0.2250591016548451,-0.0354609929078013,1.2,0.0,0.0,-52.64227642276424,-0.42682926829267986,0.07065931618831346,106.99999999999932,86.53938570995815,2021-04-29 13:42:30
78.20652173913044,0.7751487837800558,43.635,0.2250591016548451,-0.0354609929078013,1.125,0.0,0.0,-52.64227642276424,-0.42682926829267986,0.6937460134852592,106.99999999999932,86.53938570995815,2021-04-29 13:42:40
78.20652173913044,0.8397445157617273,43.8,0.2250591016548451,-0.0354609929078013,1.0799999999999998,0.0,0.0,-52.64227642276424,-0.42682926829267986,0.7515581812756977,106.99999999999932,86.53938570995815,2021-04-29 13:42:50
78.20652173913044,0.9043402477433985,43.61666666666667,0.2250591016548451,-0.0354609929078013,1.2,0.0,0.0,-52.64227642276424,-0.42682926829267986,0.7194403102810097,106.99999999999932,86.53938570995815,2021-04-29 13:43:00
78.20652173913044,0.9689359797250701,43.74333333333333,0.2250591016548451,-0.0354609929078013,1.05,0.0,0.0,-52.64227642276424,-0.42682926829267986,0.2890608389521915,106.99999999999932,86.53938570995815,2021-04-29 13:43:10
78.20652173913044,0.96323634845463,43.87,0.2250591016548451,-0.0354609929078013,0.8999999999999999,0.0,0.0,-52.64227642276424,-0.42682926829267986,0.8620814361931677,106.99999999999932,86.53938570995815,2021-04-29 13:43:20
78.20652173913044,0.95753671718419,43.614999999999995,0.2250591016548451,-0.0354609929078013,1.05,0.0,0.0,-52.64227642276424,-0.42682926829267986,0.09522003950330676,106.99999999999932,86.53938570995815,2021-04-29 13:43:30
78.20652173913044,0.96323634845463,43.36,0.2250591016548451,-0.0354609929078013,1.2,0.0,0.0,-52.64227642276424,-0.42682926829267986,0.0957868262436853,106.99999999999932,86.53938570995815,2021-04-29 13:43:40
78.20652173913044,0.9689359797250701,43.230000000000004,0.2250591016548451,-0.0354609929078013,1.2,0.0,0.0,-52.64227642276424,-0.42682926829267986,0.09635361298406384,106.99999999999932,86.53938570995815,2021-04-29 13:43:50
78.20652173913044,0.96323634845463,43.1,0.2250591016548451,-0.0354609929078013,1.2,0.0,0.0,-52.64227642276424,-0.42682926829267986,0.0957868262436853,106.99999999999932,86.53938570995815,2021-04-29 13:44:00
78.20652173913044,0.95753671718419,43.230000000000004,0.2250591016548451,-0.0354609929078013,1.2,0.0,0.0,-52.64227642276424,-0.42682926829267986,0.09522003950330676,106.99999999999932,86.53938570995815,2021-04-29 13:44:10
78.20652173913044,0.96323634845463,43.36,0.2250591016548451,-0.0354609929078013,1.2,0.0,0.0,-52.64227642276424,-0.42682926829267986,0.0957868262436853,106.99999999999932,86.53938570995815,2021-04-29 13:44:20
78.20652173913044,0.9689359797250701,43.614999999999995,0.2250591016548451,-0.0354609929078013,1.2,0.0,0.0,-52.64227642276424,-0.42682926829267986,0.09635361298406384,106.99999999999932,86.53938570995815,2021-04-29 13:44:30
78.20652173913044,0.9689359797250701,43.87,0.2250591016548451,-0.0354609929078013,1.2,0.0,0.0,-52.64227642276424,-0.42682926829267986,0.09635361298406384,106.99999999999932,86.53938570995815,2021-04-29 13:44:40
78.20652173913044,0.9689359797250701,43.754999999999995,0.2250591016548451,-0.0354609929078013,1.2,0.0,0.0,-52.64227642276424,-0.42682926829267986,0.09635361298406384,106.99999999999932,86.53938570995815,2021-04-29 13:44:50
78.20652173913044,0.9689359797250701,43.64,0.2250591016548451,-0.0354609929078013,1.2,0.0,0.0,-52.64227642276424,-0.42682926829267986,0.09635361298406384,106.99999999999932,86.53938570995815,2021-04-29 13:45:00
78.20652173913044,0.9689359797250701,43.765,0.2250591016548451,-0.0354609929078013,1.2,0.0,0.0,-52.64227642276424,-0.42682926829267986,0.09635361298406384,106.99999999999932,86.53938570995815,2021-04-29 13:45:10
78.20652173913044,0.9689359797250701,43.89,0.2250591016548451,-0.0354609929078013,1.2,0.0,0.0,-52.64227642276424,-0.42682926829267986,0.09635361298406384,106.99999999999932,86.53938570995815,2021-04-29 13:45:20
78.20652173913044,0.9689359797250701,43.45,0.2250591016548451,-0.0354609929078013,1.2,0.0,0.0,-52.64227642276424,-0.42682926829267986,0.09635361298406384,106.99999999999932,86.53938570995815,2021-04-29 13:45:30
78.20652173913044,0.9689359797250701,43.01,0.2250591016548451,-0.0354609929078013,1.2,0.0,0.0,-52.64227642276424,-0.42682926829267986,0.09635361298406384,106.99999999999932,86.53938570995815,2021-04-29 13:45:40
78.20652173913044,0.9689359797250701,43.20428571428571,0.2250591016548451,-0.0354609929078013,1.2514285714285716,0.0,0.0,-52.64227642276424,-0.42682926829267986,0.09635361298406384,106.99999999999932,86.53938570995815,2021-04-29 13:45:50
78.20652173913044,0.9689359797250701,43.39857142857143,0.2250591016548451,-0.0354609929078013,1.302857142857143,0.0,0.0,-52.64227642276424,-0.42682926829267986,0.09635361298406384,106.99999999999932,86.53938570995815,2021-04-29 13:46:00
78.20652173913044,0.9689359797250701,43.59285714285714,0.2250591016548451,-0.0354609929078013,1.3542857142857143,0.0,0.0,-52.64227642276424,-0.42682926829267986,0.09635361298406384,106.99999999999932,86.53938570995815,2021-04-29 13:46:10
78.20652173913044,0.9689359797250701,43.787142857142854,0.2250591016548451,-0.0354609929078013,1.4057142857142857,0.0,0.0,-52.64227642276424,-0.42682926829267986,0.09635361298406384,106.99999999999932,86.53938570995815,2021-04-29 13:46:20
78.20652173913044,0.9689359797250701,43.981428571428566,0.2250591016548451,-0.0354609929078013,1.457142857142857,0.0,0.0,-52.64227642276424,-0.42682926829267986,0.09635361298406384,106.99999999999932,86.53938570995815,2021-04-29 13:46:30
78.20652173913044,0.9689359797250701,44.175714285714285,0.2250591016548451,-0.0354609929078013,1.5085714285714285,0.0,0.0,-52.64227642276424,-0.42682926829267986,0.09635361298406384,106.99999999999932,86.53938570995815,2021-04-29 13:46:40
78.20652173913044,0.9689359797250701,44.37,0.2250591016548451,-0.0354609929078013,1.5599999999999998,0.0,0.0,-52.64227642276424,-0.42682926829267986,0.09635361298406384,106.99999999999932,86.53938570995815,2021-04-29 13:46:50
78.20652173913044,0.9689359797250701,44.084999999999994,0.2250591016548451,-0.0354609929078013,1.5599999999999998,0.0,0.0,-52.64227642276424,-0.42682926829267986,0.09635361298406384,106.99999999999932,86.53938570995815,2021-04-29 13:47:00
78.20652173913044,0.9689359797250701,43.8,0.2250591016548451,-0.0354609929078013,1.5599999999999998,0.0,0.0,-52.64227642276424,-0.42682926829267986,0.09635361298406384,106.99999999999932,86.53938570995815,2021-04-29 13:47:10
78.20652173913044,0.9689359797250701,43.769999999999996,0.2250591016548451,-0.0354609929078013,1.5599999999999998,0.0,0.0,-52.64227642276424,-0.42682926829267986,0.09635361298406384,106.99999999999932,86.53938570995815,2021-04-29 13:47:20
78.20652173913044,0.96323634845463,43.74,0.2250591016548451,-0.0354609929078013,1.5599999999999998,0.0,0.0,-52.64227642276424,-0.42682926829267986,0.0957868262436853,106.99999999999932,86.53938570995815,2021-04-29 13:47:30
78.20652173913044,0.95753671718419,43.625,0.2250591016548451,-0.0354609929078013,1.5599999999999998,0.0,0.0,-52.64227642276424,-0.42682926829267986,0.09522003950330676,106.99999999999932,86.53938570995815,2021-04-29 13:47:40
78.20652173913044,0.96323634845463,43.51,0.2250591016548451,-0.0354609929078013,1.5599999999999998,0.0,0.0,-52.64227642276424,-0.42682926829267986,0.0957868262436853,106.99999999999932,86.53938570995815,2021-04-29 13:47:50
78.20652173913044,0.9689359797250701,43.355000000000004,0.2250591016548451,-0.0354609929078013,1.5599999999999998,0.0,0.0,-52.64227642276424,-0.42682926829267986,0.09635361298406384,106.99999999999932,86.53938570995815,2021-04-29 13:48:00
78.20652173913044,0.96323634845463,43.2,0.2250591016548451,-0.0354609929078013,1.5599999999999998,0.0,0.0,-52.64227642276424,-0.42682926829267986,0.0957868262436853,106.99999999999932,86.53938570995815,2021-04-29 13:48:10
78.20652173913044,0.95753671718419,43.485,0.2250591016548451,-0.0354609929078013,1.5599999999999998,0.0,0.0,-52.64227642276424,-0.42682926829267986,0.09522003950330676,106.99999999999932,86.53938570995815,2021-04-29 13:48:20
78.20652173913044,0.96323634845463,43.77,0.2250591016548451,-0.0354609929078013,1.5599999999999998,0.0,0.0,-52.64227642276424,-0.42682926829267986,0.0957868262436853,106.99999999999932,86.53938570995815,2021-04-29 13:48:30
78.20652173913044,0.9689359797250701,43.425,0.2250591016548451,-0.0354609929078013,1.5599999999999998,0.0,0.0,-52.64227642276424,-0.42682926829267986,0.09635361298406384,106.99999999999932,86.53938570995815,2021-04-29 13:48:40
78.20652173913044,0.96323634845463,43.08,0.2250591016548451,-0.0354609929078013,1.5599999999999998,0.0,0.0,-52.64227642276424,-0.42682926829267986,0.0957868262436853,106.99999999999932,86.53938570995815,2021-04-29 13:48:50
78.20652173913044,0.95753671718419,43.129999999999995,0.2250591016548451,-0.0354609929078013,1.5599999999999998,0.0,0.0,-52.64227642276424,-0.42682926829267986,0.09522003950330676,106.99999999999932,86.53938570995815,2021-04-29 13:49:00
78.20652173913044,0.96323634845463,43.18,0.2250591016548451,-0.0354609929078013,1.5599999999999998,0.0,0.0,-52.64227642276424,-0.42682926829267986,0.0957868262436853,106.99999999999932,86.53938570995815,2021-04-29 13:49:10
78.20652173913044,0.9689359797250701,43.129999999999995,0.2250591016548451,-0.0354609929078013,1.38,0.0,0.0,-52.64227642276424,-0.42682926829267986,0.09635361298406384,106.99999999999932,86.53938570995815,2021-04-29 13:49:20
78.20652173913044,0.9689359797250701,43.08,0.2250591016548451,-0.0354609929078013,1.2,0.0,0.0,-52.64227642276424,-0.42682926829267986,0.09635361298406384,106.99999999999932,86.53938570995815,2021-04-29 13:49:30
78.20652173913044,0.9689359797250701,43.52,0.2250591016548451,-0.0354609929078013,1.2,0.0,0.0,-52.64227642276424,-0.42682926829267986,0.09635361298406384,106.99999999999932,86.53938570995815,2021-04-29 13:49:40
78.20652173913044,0.9689359797250701,43.52333333333333,0.2250591016548451,-0.0354609929078013,1.42,0.0,0.0,-52.64227642276424,-0.42682926829267986,0.09635361298406384,106.99999999999932,86.53938570995815,2021-04-29 13:49:50
78.20652173913044,0.9689359797250701,43.52666666666667,0.2250591016548451,-0.0354609929078013,1.6400000000000001,0.0,0.0,-52.64227642276424,-0.42682926829267986,0.09635361298406384,106.99999999999932,86.53938570995815,2021-04-29 13:50:00
78.20652173913044,0.9689359797250701,43.53,0.2250591016548451,-0.0354609929078013,1.8599999999999999,0.0,0.0,-52.64227642276424,-0.42682926829267986,0.09635361298406384,106.99999999999932,86.53938570995815,2021-04-29 13:50:10
78.20652173913044,0.9689359797250701,43.54,0.2250591016548451,-0.0354609929078013,2.1599999999999997,0.0,0.0,-52.64227642276424,-0.42682926829267986,0.09635361298406384,106.99999999999932,86.53938570995815,2021-04-29 13:50:20
78.20652173913044,0.95753671718419,43.525,0.2250591016548451,-0.0354609929078013,2.0100000000000002,0.0,0.0,-52.64227642276424,-0.42682926829267986,0.09522003950330676,106.99999999999932,86.53938570995815,2021-04-29 13:50:30
78.20652173913044,0.95753671718419,43.51,0.2250591016548451,-0.0354609929078013,1.8599999999999999,0.0,0.0,-52.64227642276424,-0.42682926829267986,0.09522003950330676,106.99999999999932,86.53938570995815,2021-04-29 13:50:40
78.20652173913044,0.95753671718419,43.73,0.2250591016548451,-0.0354609929078013,1.8599999999999999,0.0,0.0,-52.64227642276424,-0.42682926829267986,0.09522003950330676,106.99999999999932,86.53938570995815,2021-04-29 13:50:50
78.20652173913044,0.9613364713644834,43.95,0.2250591016548451,-0.0354609929078013,1.8599999999999999,0.0,0.0,-52.64227642276424,-0.42682926829267986,0.09559789733022579,106.99999999999932,86.53938570995815,2021-04-29 13:51:00
78.20652173913044,0.9651362255447766,44.17,0.2250591016548451,-0.0354609929078013,1.8599999999999999,0.0,0.0,-52.64227642276424,-0.42682926829267986,0.09597575515714481,106.99999999999932,86.53938570995815,2021-04-29 13:51:10
78.20652173913044,0.9689359797250701,43.64,0.2250591016548451,-0.0354609929078013,2.1599999999999997,0.0,0.0,-52.64227642276424,-0.42682926829267986,0.09635361298406384,106.99999999999932,86.53938570995815,2021-04-29 13:51:20
78.20652173913044,0.95753671718419,43.525,0.2250591016548451,-0.0354609929078013,2.0100000000000002,0.0,0.0,-52.64227642276424,-0.42682926829267986,0.09522003950330676,106.99999999999932,86.53938570995815,2021-04-29 13:51:30
78.20652173913044,0.96323634845463,43.41,0.2250591016548451,-0.0354609929078013,1.8599999999999999,0.0,0.0,-52.64227642276424,-0.42682926829267986,0.0957868262436853,106.99999999999932,86.53938570995815,2021-04-29 13:51:40
78.20652173913044,0.9689359797250701,44.379999999999995,0.2250591016548451,-0.0354609929078013,1.8599999999999999,0.0,0.0,-52.64227642276424,-0.42682926829267986,0.09635361298406384,106.99999999999932,86.53938570995815,2021-04-29 13:51:50
78.20652173913044,0.9689359797250701,45.35,0.2250591016548451,-0.0354609929078013,1.8599999999999999,0.0,0.0,-52.64227642276424,-0.42682926829267986,0.09635361298406384,106.99999999999932,86.53938570995815,2021-04-29 13:52:00
78.20652173913044,0.9689359797250701,45.035,0.2250591016548451,-0.0354609929078013,1.8599999999999999,0.0,0.0,-52.64227642276424,-0.42682926829267986,0.09635361298406384,106.99999999999932,86.53938570995815,2021-04-29 13:52:10
78.20652173913044,0.96323634845463,44.72,0.2250591016548451,-0.0354609929078013,1.8599999999999999,0.0,0.0,-52.64227642276424,-0.42682926829267986,0.0957868262436853,106.99999999999932,86.53938570995815,2021-04-29 13:52:20
78.20652173913044,0.95753671718419,44.394999999999996,0.2250591016548451,-0.0354609929078013,2.0100000000000002,0.0,0.0,-52.64227642276424,-0.42682926829267986,0.09522003950330676,106.99999999999932,86.53938570995815,2021-04-29 13:52:30
78.20652173913044,0.96323634845463,44.07,0.2250591016548451,-0.0354609929078013,2.1599999999999997,0.0,0.0,-52.64227642276424,-0.42682926829267986,0.0957868262436853,106.99999999999932,86.53938570995815,2021-04-29 13:52:40
78.20652173913044,0.9689359797250701,43.92,0.2250591016548451,-0.0354609929078013,2.1599999999999997,0.0,0.0,-52.64227642276424,-0.42682926829267986,0.09635361298406384,106.99999999999932,86.53938570995815,2021-04-29 13:52:50
78.20652173913044,0.9689359797250701,43.77,0.2250591016548451,-0.0354609929078013,2.1599999999999997,0.0,0.0,-52.64227642276424,-0.42682926829267986,0.09635361298406384,106.99999999999932,86.53938570995815,2021-04-29 13:53:00
78.20652173913044,0.9689359797250701,43.795,0.2250591016548451,-0.0354609929078013,2.1599999999999997,0.0,0.0,-52.64227642276424,-0.42682926829267986,0.09635361298406384,106.99999999999932,86.53938570995815,2021-04-29 13:53:10
78.20652173913044,0.96323634845463,43.82,0.2250591016548451,-0.0354609929078013,2.1599999999999997,0.0,0.0,-52.64227642276424,-0.42682926829267986,0.0957868262436853,106.99999999999932,86.53938570995815,2021-04-29 13:53:20
78.20652173913044,0.95753671718419,43.575,0.2250591016548451,-0.0354609929078013,2.1599999999999997,0.0,0.0,-52.64227642276424,-0.42682926829267986,0.09522003950330676,106.99999999999932,86.53938570995815,2021-04-29 13:53:30
78.20652173913044,0.96323634845463,43.33,0.2250591016548451,-0.0354609929078013,2.1599999999999997,0.0,0.0,-52.64227642276424,-0.42682926829267986,0.0957868262436853,106.99999999999932,86.53938570995815,2021-04-29 13:53:40
78.20652173913044,0.9689359797250701,43.33,0.2250591016548451,-0.0354609929078013,2.0100000000000002,0.0,0.0,-52.64227642276424,-0.42682926829267986,0.09635361298406384,106.99999999999932,86.53938570995815,2021-04-29 13:53:50
78.20652173913044,0.9689359797250701,43.33,0.2250591016548451,-0.0354609929078013,1.8599999999999999,0.0,0.0,-52.64227642276424,-0.42682926829267986,0.09635361298406384,106.99999999999932,86.53938570995815,2021-04-29 13:54:00
78.20652173913044,0.9689359797250701,43.485,0.2250591016548451,-0.0354609929078013,1.8599999999999999,0.0,0.0,-52.64227642276424,-0.42682926829267986,0.09635361298406384,106.99999999999932,86.53938570995815,2021-04-29 13:54:10
78.20652173913044,0.96323634845463,43.64,0.2250591016548451,-0.0354609929078013,1.8599999999999999,0.0,0.0,-52.64227642276424,-0.42682926829267986,0.0957868262436853,106.99999999999932,86.53938570995815,2021-04-29 13:54:20
78.20652173913044,0.95753671718419,43.705,0.2250591016548451,-0.0354609929078013,1.8599999999999999,0.0,0.0,-52.64227642276424,-0.42682926829267986,0.09522003950330676,106.99999999999932,86.53938570995815,2021-04-29 13:54:30
78.20652173913044,0.96323634845463,43.77,0.2250591016548451,-0.0354609929078013,1.8599999999999999,0.0,0.0,-52.64227642276424,-0.42682926829267986,0.0957868262436853,106.99999999999932,86.53938570995815,2021-04-29 13:54:40
78.20652173913044,0.9689359797250701,43.45,0.2250591016548451,-0.0354609929078013,1.8599999999999999,0.0,0.0,-52.64227642276424,-0.42682926829267986,0.09635361298406384,106.99999999999932,86.53938570995815,2021-04-29 13:54:50
78.20652173913044,0.9689359797250701,43.13,0.2250591016548451,-0.0354609929078013,1.8599999999999999,0.0,0.0,-52.64227642276424,-0.42682926829267986,0.09635361298406384,106.99999999999932,86.53938570995815,2021-04-29 13:55:00
78.20652173913044,0.9689359797250701,43.394999999999996,0.2250591016548451,-0.0354609929078013,2.0100000000000002,0.0,0.0,-52.64227642276424,-0.42682926829267986,0.09635361298406384,106.99999999999932,86.53938570995815,2021-04-29 13:55:10
78.20652173913044,0.96323634845463,43.66,0.2250591016548451,-0.0354609929078013,2.1599999999999997,0.0,0.0,-52.64227642276424,-0.42682926829267986,0.0957868262436853,106.99999999999932,86.53938570995815,2021-04-29 13:55:20
78.20652173913044,0.95753671718419,43.65,0.2250591016548451,-0.0354609929078013,2.0100000000000002,0.0,0.0,-52.64227642276424,-0.42682926829267986,0.09522003950330676,106.99999999999932,86.53938570995815,2021-04-29 13:55:30
78.20652173913044,0.96323634845463,43.64,0.2250591016548451,-0.0354609929078013,1.8599999999999999,0.0,0.0,-52.64227642276424,-0.42682926829267986,0.0957868262436853,106.99999999999932,86.53938570995815,2021-04-29 13:55:40
78.20652173913044,0.9689359797250701,43.5,0.2250591016548451,-0.0354609929078013,1.8599999999999999,0.0,0.0,-52.64227642276424,-0.42682926829267986,0.09635361298406384,106.99999999999932,86.53938570995815,2021-04-29 13:55:50
78.20652173913044,0.9689359797250701,43.36,0.2250591016548451,-0.0354609929078013,1.8599999999999999,0.0,0.0,-52.64227642276424,-0.42682926829267986,0.09635361298406384,106.99999999999932,86.53938570995815,2021-04-29 13:56:00
78.20652173913044,0.9689359797250701,43.22,0.2250591016548451,-0.0354609929078013,1.8599999999999999,0.0,0.0,-52.64227642276424,-0.42682926829267986,0.09635361298406384,106.99999999999932,86.53938570995815,2021-04-29 13:56:10
78.20652173913044,0.9689359797250701,44.37,0.2250591016548451,-0.0354609929078013,2.1599999999999997,0.0,0.0,-52.64227642276424,-0.42682926829267986,0.09635361298406384,106.99999999999932,86.53938570995815,2021-04-29 13:56:20
78.20652173913044,0.9689359797250701,44.739999999999995,0.2250591016548451,-0.0354609929078013,2.0100000000000002,0.0,0.0,-52.64227642276424,-0.42682926829267986,0.09635361298406384,106.99999999999932,86.53938570995815,2021-04-29 13:56:30
78.20652173913044,0.9689359797250701,45.11,0.2250591016548451,-0.0354609929078013,1.8599999999999999,0.0,0.0,-52.64227642276424,-0.42682926829267986,0.09635361298406384,106.99999999999932,86.53938570995815,2021-04-29 13:56:40
78.20652173913044,0.9689359797250701,44.26,0.2250591016548451,-0.0354609929078013,2.0100000000000002,0.0,0.0,-52.64227642276424,-0.42682926829267986,0.09635361298406384,106.99999999999932,86.53938570995815,2021-04-29 13:56:50
78.20652173913044,0.9689359797250701,43.41,0.2250591016548451,-0.0354609929078013,2.1599999999999997,0.0,0.0,-52.64227642276424,-0.42682926829267986,0.09635361298406384,106.99999999999932,86.53938570995815,2021-04-29 13:57:00
78.20652173913044,0.9689359797250701,42.76,0.2250591016548451,-0.0354609929078013,2.1599999999999997,0.0,0.0,-52.64227642276424,-0.42682926829267986,0.09635361298406384,106.99999999999932,86.53938570995815,2021-04-29 13:57:10
78.20652173913044,0.95753671718419,43.12,0.2250591016548451,-0.0354609929078013,2.0100000000000002,0.0,0.0,-52.64227642276424,-0.42682926829267986,0.09522003950330676,106.99999999999932,86.53938570995815,2021-04-29 13:57:20
78.20652173913044,0.96323634845463,43.48,0.2250591016548451,-0.0354609929078013,1.8599999999999999,0.0,0.0,-52.64227642276424,-0.42682926829267986,0.0957868262436853,106.99999999999932,86.53938570995815,2021-04-29 13:57:30
78.20652173913044,0.9689359797250701,43.205,0.2250591016548451,-0.0354609929078013,1.8599999999999999,0.0,0.0,-52.64227642276424,-0.42682926829267986,0.09635361298406384,106.99999999999932,86.53938570995815,2021-04-29 13:57:40
78.20652173913044,0.96323634845463,42.93,0.2250591016548451,-0.0354609929078013,1.8599999999999999,0.0,0.0,-52.64227642276424,-0.42682926829267986,0.0957868262436853,106.99999999999932,86.53938570995815,2021-04-29 13:57:50
78.20652173913044,0.95753671718419,42.915,0.2250591016548451,-0.0354609929078013,1.8599999999999999,0.0,0.0,-52.64227642276424,-0.42682926829267986,0.09522003950330676,106.99999999999932,86.53938570995815,2021-04-29 13:58:00
78.20652173913044,0.95753671718419,42.9,0.2250591016548451,-0.0354609929078013,1.8599999999999999,0.0,0.0,-52.64227642276424,-0.42682926829267986,0.09522003950330676,106.99999999999932,86.53938570995815,2021-04-29 13:58:10
78.20652173913044,0.95753671718419,43.239999999999995,0.2250591016548451,-0.0354609929078013,2.0100000000000002,0.0,0.0,-52.64227642276424,-0.42682926829267986,0.09522003950330676,106.99999999999932,86.53938570995815,2021-04-29 13:58:20
78.20652173913044,0.96323634845463,43.58,0.2250591016548451,-0.0354609929078013,2.1599999999999997,0.0,0.0,-52.64227642276424,-0.42682926829267986,0.0957868262436853,106.99999999999932,86.53938570995815,2021-04-29 13:58:30
78.20652173913044,0.9689359797250701,43.114999999999995,0.2250591016548451,-0.0354609929078013,2.1599999999999997,0.0,0.0,-52.64227642276424,-0.42682926829267986,0.09635361298406384,106.99999999999932,86.53938570995815,2021-04-29 13:58:40
78.20652173913044,0.9689359797250701,42.65,0.2250591016548451,-0.0354609929078013,2.1599999999999997,0.0,0.0,-52.64227642276424,-0.42682926829267986,0.09635361298406384,106.99999999999932,86.53938570995815,2021-04-29 13:58:50
78.20652173913044,0.9689359797250701,42.845,0.2250591016548451,-0.0354609929078013,2.0100000000000002,0.0,0.0,-52.64227642276424,-0.42682926829267986,0.09635361298406384,106.99999999999932,86.53938570995815,2021-04-29 13:59:00
78.20652173913044,0.9689359797250701,43.04,0.2250591016548451,-0.0354609929078013,1.8599999999999999,0.0,0.0,-52.64227642276424,-0.42682926829267986,0.09635361298406384,106.99999999999932,86.53938570995815,2021-04-29 13:59:10
78.20652173913044,0.9689359797250701,43.27,0.2250591016548451,-0.0354609929078013,1.8599999999999999,0.0,0.0,-52.64227642276424,-0.42682926829267986,0.09635361298406384,106.99999999999932,86.53938570995815,2021-04-29 13:59:20
78.20652173913044,0.9689359797250701,43.015,0.2250591016548451,-0.0354609929078013,1.8599999999999999,0.0,0.0,-52.64227642276424,-0.42682926829267986,0.09635361298406384,106.99999999999932,86.53938570995815,2021-04-29 13:59:30
78.20652173913044,0.9689359797250701,42.76,0.2250591016548451,-0.0354609929078013,1.8599999999999999,0.0,0.0,-52.64227642276424,-0.42682926829267986,0.09635361298406384,106.99999999999932,86.53938570995815,2021-04-29 13:59:40
78.20652173913044,0.9689359797250701,43.2,0.2250591016548451,-0.0354609929078013,2.0100000000000002,0.0,0.0,-52.64227642276424,-0.42682926829267986,0.09635361298406384,106.99999999999932,86.53938570995815,2021-04-29 13:59:50
78.20652173913044,0.9689359797250701,43.64,0.2250591016548451,-0.0354609929078013,2.1599999999999997,0.0,0.0,-52.64227642276424,-0.42682926829267986,0.09635361298406384,106.99999999999932,86.53938570995815,2021-04-29 14:00:00
78.20652173913044,0.9689359797250701,43.73,0.2250591016548451,-0.0354609929078013,2.1599999999999997,0.0,0.0,-52.64227642276424,-0.42682926829267986,0.09635361298406384,106.99999999999932,86.53938570995815,2021-04-29 14:00:10
78.20652173913044,0.9689359797250701,43.224999999999994,0.2250591016548451,-0.0354609929078013,2.0100000000000002,0.0,0.0,-52.64227642276424,-0.42682926829267986,0.09635361298406384,106.99999999999932,86.53938570995815,2021-04-29 14:00:20
78.20652173913044,0.96323634845463,42.72,0.2250591016548451,-0.0354609929078013,1.8599999999999999,0.0,0.0,-52.64227642276424,-0.42682926829267986,0.0957868262436853,106.99999999999932,86.53938570995815,2021-04-29 14:00:30
78.20652173913044,0.95753671718419,43.34,0.2250591016548451,-0.0354609929078013,2.0100000000000002,0.0,0.0,-52.64227642276424,-0.42682926829267986,0.09522003950330676,106.99999999999932,86.53938570995815,2021-04-29 14:00:40
78.20652173913044,0.95753671718419,43.96,0.2250591016548451,-0.0354609929078013,2.1599999999999997,0.0,0.0,-52.64227642276424,-0.42682926829267986,0.09522003950330676,106.99999999999932,86.53938570995815,2021-04-29 14:00:50
78.20652173913044,0.95753671718419,43.545,0.2250591016548451,-0.0354609929078013,2.1599999999999997,0.0,0.0,-52.64227642276424,-0.42682926829267986,0.09522003950330676,106.99999999999932,86.53938570995815,2021-04-29 14:01:00
78.20652173913044,0.96323634845463,43.13,0.2250591016548451,-0.0354609929078013,2.1599999999999997,0.0,0.0,-52.64227642276424,-0.42682926829267986,0.0957868262436853,106.99999999999932,86.53938570995815,2021-04-29 14:01:10
78.20652173913044,0.9689359797250701,43.82,0.2250591016548451,-0.0354609929078013,2.0100000000000002,0.0,0.0,-52.64227642276424,-0.42682926829267986,0.09635361298406384,106.99999999999932,86.53938570995815,2021-04-29 14:01:20
78.20652173913044,0.9689359797250701,44.51,0.2250591016548451,-0.0354609929078013,1.8599999999999999,0.0,0.0,-52.64227642276424,-0.42682926829267986,0.09635361298406384,106.99999999999932,86.53938570995815,2021-04-29 14:01:30
78.20652173913044,0.96323634845463,44.49,0.2250591016548451,-0.0354609929078013,1.8599999999999999,0.0,0.0,-52.64227642276424,-0.42682926829267986,0.0957868262436853,106.99999999999932,86.53938570995815,2021-04-29 14:01:40
78.20652173913044,0.95753671718419,44.085,0.2250591016548451,-0.0354609929078013,1.8599999999999999,0.0,0.0,-52.64227642276424,-0.42682926829267986,0.09522003950330676,106.99999999999932,86.53938570995815,2021-04-29 14:01:50
78.20652173913044,0.96323634845463,43.68,0.2250591016548451,-0.0354609929078013,1.8599999999999999,0.0,0.0,-52.64227642276424,-0.42682926829267986,0.0957868262436853,106.99999999999932,86.53938570995815,2021-04-29 14:02:00
78.20652173913044,0.9689359797250701,42.9,0.2250591016548451,-0.0354609929078013,2.1599999999999997,0.0,0.0,-52.64227642276424,-0.42682926829267986,0.09635361298406384,106.99999999999932,86.53938570995815,2021-04-29 14:02:10
78.20652173913044,0.9689359797250701,43.16,0.2250591016548451,-0.0354609929078013,2.0100000000000002,0.0,0.0,-52.64227642276424,-0.42682926829267986,0.09635361298406384,106.99999999999932,86.53938570995815,2021-04-29 14:02:20
78.20652173913044,0.9689359797250701,43.42,0.2250591016548451,-0.0354609929078013,1.8599999999999999,0.0,0.0,-52.64227642276424,-0.42682926829267986,0.09635361298406384,106.99999999999932,86.53938570995815,2021-04-29 14:02:30
78.20652173913044,0.9689359797250701,43.705,0.2250591016548451,-0.0354609929078013,1.8599999999999999,0.0,0.0,-52.64227642276424,-0.42682926829267986,0.09635361298406384,106.99999999999932,86.53938570995815,2021-04-29 14:02:40
78.20652173913044,0.96323634845463,43.99,0.2250591016548451,-0.0354609929078013,1.8599999999999999,0.0,0.0,-52.64227642276424,-0.42682926829267986,0.0957868262436853,106.99999999999932,86.53938570995815,2021-04-29 14:02:50
78.20652173913044,0.95753671718419,43.6,0.2250591016548451,-0.0354609929078013,2.16,0.0,0.0,-52.64227642276424,-0.42682926829267986,0.09522003950330676,106.99999999999932,86.53938570995815,2021-04-29 14:03:00
78.20652173913044,0.95753671718419,43.21,0.2250591016548451,-0.0354609929078013,2.46,0.0,0.0,-52.64227642276424,-0.42682926829267986,0.09522003950330676,106.99999999999932,86.53938570995815,2021-04-29 14:03:10
78.20652173913044,0.95753671718419,43.67,0.2250591016548451,-0.0354609929078013,2.46,0.0,0.0,-52.64227642276424,-0.42682926829267986,0.09522003950330676,106.99999999999932,86.53938570995815,2021-04-29 14:03:20
78.20652173913044,0.95753671718419,44.505,0.2250591016548451,-0.0354609929078013,2.76,0.0,0.0,-52.64227642276424,-0.42682926829267986,0.09522003950330676,106.99999999999932,86.53938570995815,2021-04-29 14:03:30
78.20652173913044,0.96323634845463,45.34,0.2250591016548451,-0.0354609929078013,3.0599999999999996,0.0,0.0,-52.64227642276424,-0.42682926829267986,0.0957868262436853,106.99999999999932,86.53938570995815,2021-04-29 14:03:40
78.20652173913044,0.9689359797250701,43.925,0.2250591016548451,-0.0354609929078013,3.0599999999999996,0.0,0.0,-52.64227642276424,-0.42682926829267986,0.09635361298406384,106.99999999999932,86.53938570995815,2021-04-29 14:03:50
78.20652173913044,0.9689359797250701,42.51,0.2250591016548451,-0.0354609929078013,3.0599999999999996,0.0,0.0,-52.64227642276424,-0.42682926829267986,0.09635361298406384,106.99999999999932,86.53938570995815,2021-04-29 14:04:00
78.20652173913044,0.9689359797250701,43.209999999999994,0.2250591016548451,-0.0354609929078013,3.0599999999999996,0.0,0.0,-52.64227642276424,-0.42682926829267986,0.09635361298406384,106.99999999999932,86.53938570995815,2021-04-29 14:04:10
78.20652173913044,0.9689359797250701,43.91,0.2250591016548451,-0.0354609929078013,3.0599999999999996,0.0,0.0,-52.64227642276424,-0.42682926829267986,0.09635361298406384,106.99999999999932,86.53938570995815,2021-04-29 14:04:20
78.20652173913044,0.9689359797250701,44.72,0.2250591016548451,-0.0354609929078013,3.0599999999999996,0.0,0.0,-52.64227642276424,-0.42682926829267986,0.09635361298406384,106.99999999999932,86.53938570995815,2021-04-29 14:04:30
78.20652173913044,0.95753671718419,44.72,0.2250591016548451,-0.0354609929078013,3.0599999999999996,0.0,0.0,-52.64227642276424,-0.42682926829267986,0.09522003950330676,106.99999999999932,86.53938570995815,2021-04-29 14:04:40
78.20652173913044,0.96323634845463,44.72,0.2250591016548451,-0.0354609929078013,3.0599999999999996,0.0,0.0,-52.64227642276424,-0.42682926829267986,0.0957868262436853,106.99999999999932,86.53938570995815,2021-04-29 14:04:50
78.20652173913044,0.9689359797250701,46.655,0.2250591016548451,-0.0354609929078013,3.0599999999999996,0.0,0.0,-52.64227642276424,-0.42682926829267986,0.09635361298406384,106.99999999999932,86.53938570995815,2021-04-29 14:05:00
78.20652173913044,0.96323634845463,48.59,0.2250591016548451,-0.0354609929078013,3.0599999999999996,0.0,0.0,-52.64227642276424,-0.42682926829267986,0.0957868262436853,106.99999999999932,86.53938570995815,2021-04-29 14:05:10
78.20652173913044,0.95753671718419,47.945,0.2250591016548451,-0.0354609929078013,2.91,0.0,0.0,-52.64227642276424,-0.42682926829267986,0.09522003950330676,106.99999999999932,86.53938570995815,2021-04-29 14:05:20
78.20652173913044,0.9689359797250701,47.3,0.2250591016548451,-0.0354609929078013,2.76,0.0,0.0,-52.64227642276424,-0.42682926829267986,0.09635361298406384,106.99999999999932,86.53938570995815,2021-04-29 14:05:30
78.20652173913044,0.780848391959495,44.56,0.2250591016548451,-0.0354609929078013,0.0,0.0,0.0,-52.64227642276424,-0.42682926829267986,0.07764967483139802,106.99999999999932,86.53938570995815,2021-04-29 14:05:40
78.20652173913044,0.5927608041939201,44.33,0.2250591016548451,-0.0354609929078013,0.0,0.0,0.0,-52.64227642276424,-0.42682926829267986,0.05894573667873223,106.99999999999932,86.53938570995815,2021-04-29 14:05:50
78.20652173913044,0.58706117292348,44.1,0.2250591016548451,-0.0354609929078013,0.0,0.0,0.0,-52.64227642276424,-0.42682926829267986,0.0583789499383537,106.99999999999932,86.53938570995815,2021-04-29 14:06:00
78.20652173913044,0.58136154165304,44.055,0.2250591016548451,-0.0354609929078013,0.0,0.0,0.0,-52.64227642276424,-0.42682926829267986,0.057812163197975164,106.99999999999932,86.53938570995815,2021-04-29 14:06:10
78.20652173913044,0.58706117292348,44.01,0.2250591016548451,-0.0354609929078013,0.0,0.0,0.0,-52.64227642276424,-0.42682926829267986,0.0583789499383537,106.99999999999932,86.53938570995815,2021-04-29 14:06:20
78.20652173913044,0.5927608041939201,43.36,0.2250591016548451,-0.0354609929078013,0.0,0.0,0.0,-52.64227642276424,-0.42682926829267986,0.05894573667873223,106.99999999999932,86.53938570995815,2021-04-29 14:06:30
78.20652173913044,0.5927608041939201,43.06,0.2250591016548451,-0.0354609929078013,0.0,0.0,0.0,-52.64227642276424,-0.42682926829267986,0.05894573667873223,106.99999999999932,86.53938570995815,2021-04-29 14:06:40
78.20652173913044,0.58706117292348,42.76,0.2250591016548451,-0.0354609929078013,0.0,0.0,0.0,-52.64227642276424,-0.42682926829267986,0.0583789499383537,106.99999999999932,86.53938570995815,2021-04-29 14:06:50
78.20652173913044,0.58136154165304,42.275,0.2250591016548451,-0.0354609929078013,0.0,0.0,0.0,-52.64227642276424,-0.42682926829267986,0.057812163197975164,106.99999999999932,86.53938570995815,2021-04-29 14:07:00
78.20652173913044,0.58136154165304,41.79,0.2250591016548451,-0.0354609929078013,0.0,0.0,0.0,-52.64227642276424,-0.42682926829267986,0.057812163197975164,106.99999999999932,86.53938570995815,2021-04-29 14:07:10
78.20652173913044,0.58136154165304,41.31,0.2250591016548451,-0.0354609929078013,0.0,0.0,0.0,-52.64227642276424,-0.42682926829267986,0.057812163197975164,106.99999999999932,86.53938570995815,2021-04-29 14:07:20
78.20652173913044,0.58706117292348,40.83,0.2250591016548451,-0.0354609929078013,0.0,0.0,0.0,-52.64227642276424,-0.42682926829267986,0.0583789499383537,106.99999999999932,86.53938570995815,2021-04-29 14:07:30
78.20652173913044,0.5927608041939201,40.16,0.2250591016548451,-0.0354609929078013,0.0,0.0,0.0,-52.64227642276424,-0.42682926829267986,0.05894573667873223,106.99999999999932,86.53938570995815,2021-04-29 14:07:40
78.20652173913044,0.5927608041939201,39.49,0.2250591016548451,-0.0354609929078013,0.0,0.0,0.0,-52.64227642276424,-0.42682926829267986,0.05894573667873223,106.99999999999932,86.53938570995815,2021-04-29 14:07:50
78.20652173913044,0.5927608041939201,38.53,0.2250591016548451,-0.0354609929078013,0.0,0.0,0.0,-52.64227642276424,-0.42682926829267986,0.05894573667873223,106.99999999999932,86.53938570995815,2021-04-29 14:08:00
78.20652173913044,0.5927608041939201,38.415,0.2250591016548451,-0.0354609929078013,0.0,0.0,0.0,-52.64227642276424,-0.42682926829267986,0.05894573667873223,106.99999999999932,86.53938570995815,2021-04-29 14:08:10
78.20652173913044,0.5927608041939201,38.3,0.2250591016548451,-0.0354609929078013,0.0,0.0,0.0,-52.64227642276424,-0.42682926829267986,0.05894573667873223,106.99999999999932,86.53938570995815,2021-04-29 14:08:20
78.20652173913044,0.5927608041939201,38.0,0.2250591016548451,-0.0354609929078013,0.0,0.0,0.0,-52.64227642276424,-0.42682926829267986,0.05894573667873223,106.99999999999932,86.53938570995815,2021-04-29 14:08:30
78.20652173913044,0.5927608041939201,37.7,0.2250591016548451,-0.0354609929078013,0.0,0.0,0.0,-52.64227642276424,-0.42682926829267986,0.05894573667873223,106.99999999999932,86.53938570995815,2021-04-29 14:08:40
78.20652173913044,0.5927608041939201,37.56,0.2250591016548451,-0.0354609929078013,0.0,0.0,0.0,-52.64227642276424,-0.42682926829267986,0.05894573667873223,106.99999999999932,86.53938570995815,2021-04-29 14:08:50
78.20652173913044,0.5927608041939201,36.845,0.2250591016548451,-0.0354609929078013,0.0,0.0,0.0,-52.64227642276424,-0.42682926829267986,0.05894573667873223,106.99999999999932,86.53938570995815,2021-04-29 14:09:00
78.20652173913044,0.58706117292348,36.13,0.2250591016548451,-0.0354609929078013,0.0,0.0,0.0,-52.64227642276424,-0.42682926829267986,0.0583789499383537,106.99999999999932,86.53938570995815,2021-04-29 14:09:10
78.20652173913044,0.58136154165304,36.13,0.2250591016548451,-0.0354609929078013,0.0,0.0,0.0,-52.64227642276424,-0.42682926829267986,0.057812163197975164,106.99999999999932,86.53938570995815,2021-04-29 14:09:20
78.20652173913044,0.5927608041939201,36.13,0.2250591016548451,-0.0354609929078013,0.0,0.0,0.0,-52.64227642276424,-0.42682926829267986,0.05894573667873223,106.99999999999932,86.53938570995815,2021-04-29 14:09:30
78.20652173913044,0.5927608041939201,34.89,0.2250591016548451,-0.0354609929078013,0.0,0.0,0.0,-52.64227642276424,-0.42682926829267986,0.05894573667873223,106.99999999999932,86.53938570995815,2021-04-29 14:09:40
78.20652173913044,0.5927608041939201,34.8,0.2250591016548451,-0.0354609929078013,0.0,0.0,0.0,-52.64227642276424,-0.42682926829267986,0.05894573667873223,106.99999999999932,86.53938570995815,2021-04-29 14:09:50
78.20652173913044,0.58706117292348,34.71,0.2250591016548451,-0.0354609929078013,0.0,0.0,0.0,-52.64227642276424,-0.42682926829267986,0.0583789499383537,106.99999999999932,86.53938570995815,2021-04-29 14:10:00
78.20652173913044,0.58136154165304,34.71,0.2250591016548451,-0.0354609929078013,0.0,0.0,0.0,-52.64227642276424,-0.42682926829267986,0.057812163197975164,106.99999999999932,86.53938570995815,2021-04-29 14:10:10
78.20652173913044,0.5927608041939201,34.665,0.2250591016548451,-0.0354609929078013,0.0,0.0,0.0,-52.64227642276424,-0.42682926829267986,0.05894573667873223,106.99999999999932,86.53938570995815,2021-04-29 14:10:20
78.20652173913044,0.5927608041939201,34.62,0.2250591016548451,-0.0354609929078013,0.0,0.0,0.0,-52.64227642276424,-0.42682926829267986,0.05894573667873223,106.99999999999932,86.53938570995815,2021-04-29 14:10:30
78.20652173913044,0.5927608041939201,33.95,0.2250591016548451,-0.0354609929078013,0.0,0.0,0.0,-52.64227642276424,-0.42682926829267986,0.05894573667873223,106.99999999999932,86.53938570995815,2021-04-29 14:10:40
78.20652173913044,0.5927608041939201,33.28,0.2250591016548451,-0.0354609929078013,0.0,0.0,0.0,-52.64227642276424,-0.42682926829267986,0.05894573667873223,106.99999999999932,86.53938570995815,2021-04-29 14:10:50
78.20652173913044,0.5927608041939201,33.254999999999995,0.2250591016548451,-0.0354609929078013,0.0,0.0,0.0,-52.64227642276424,-0.42682926829267986,0.05894573667873223,106.99999999999932,86.53938570995815,2021-04-29 14:11:00
78.20652173913044,0.5927608041939201,33.23,0.2250591016548451,-0.0354609929078013,0.0,0.0,0.0,-52.64227642276424,-0.42682926829267986,0.11789147335746446,106.99999999999932,86.53938570995815,2021-04-29 14:11:10
78.20652173913044,0.5927608041939201,33.19,0.2250591016548451,-0.0354609929078013,0.0,0.0,0.0,-52.64227642276424,-0.42682926829267986,0.05894573667873223,106.99999999999932,86.53938570995815,2021-04-29 14:11:20
78.20652173913044,0.5927608041939201,33.19,0.2250591016548451,-0.0354609929078013,0.0,0.0,0.0,-52.64227642276424,-0.42682926829267986,0.05894573667873223,106.99999999999932,86.53938570995815,2021-04-29 14:11:30
78.20652173913044,0.5927608041939201,33.19,0.2250591016548451,-0.0354609929078013,0.0,0.0,0.0,-52.64227642276424,-0.42682926829267986,0.05894573667873223,106.99999999999932,86.53938570995815,2021-04-29 14:11:40
78.20652173913044,0.5927608041939201,33.12,0.2250591016548451,-0.0354609929078013,0.0,0.0,0.0,-52.64227642276424,-0.42682926829267986,0.11789147335746446,106.99999999999932,86.53938570995815,2021-04-29 14:11:50
