Inclination,In Flow Rate,Thruster Force,Weight on Bit,Torque on Bit,Drilling Speed,diff_Distance,diff_Depth,Internal Pressure,Annular Pressure,Fluid Loss,Distance,Depth,time_dt
88.79,0.14819020104848002,-1.66,-2.333333333333331,-0.123529411764706,0.0,0.0,0.0,1.0,62.78,0.1326279075271475,16.99999999999946,0.0,2021-05-01 07:57:00
88.79,0.29638040209696004,-1.535,-2.333333333333331,-0.123529411764706,0.0,0.0,0.0,1.0,62.78,0.265255815054295,16.99999999999946,0.0,2021-05-01 07:57:10
88.79,0.44457060314544006,-1.41,-2.333333333333331,-0.123529411764706,0.0,0.0,0.0,1.0,62.78,0.3978837225814425,16.99999999999946,0.0,2021-05-01 07:57:20
88.79,0.5927608041939201,-1.56,-2.333333333333331,-0.123529411764706,0.0,0.0,0.0,1.0,62.78,0.53051163010859,16.99999999999946,0.0,2021-05-01 07:57:30
81.5,0.58136154165304,37.58,0.7058823529411775,-1.2073675392798576e-16,0.0,0.0,0.0,55.0,42.0,0.5203094687817765,16.99999999999946,0.0,2021-05-01 09:25:10
81.49,0.5927608041939201,37.205,0.7098930481283433,-1.609823385706477e-16,0.0,0.0,0.0,106.0,41.0,0.53051163010859,16.99999999999946,0.0,2021-05-01 09:25:20
81.49,0.5927608041939201,36.83,0.7152406417112311,-1.609823385706477e-16,0.0,0.0,0.0,106.0,41.0,0.53051163010859,16.99999999999946,0.0,2021-05-01 09:25:30
81.49,0.5927608041939201,37.03,0.7205882352941189,-1.609823385706477e-16,0.0,0.0,0.0,106.0,41.0,0.53051163010859,16.99999999999946,0.0,2021-05-01 09:25:40
81.49,0.5927608041939201,36.89,0.7259358288770066,-1.609823385706477e-16,0.0,0.0,0.0,106.0,41.0,0.53051163010859,16.99999999999946,0.0,2021-05-01 09:25:50
81.49,0.58136154165304,36.78,0.7312834224598944,-0.017647058823529592,0.0,0.0,0.0,106.0,41.0,0.5203094687817765,16.99999999999946,0.0,2021-05-01 09:26:00
81.49,0.58136154165304,36.835,0.7366310160427821,-0.01764705882352959,0.0,0.0,0.0,106.0,41.0,0.5203094687817765,16.99999999999946,0.0,2021-05-01 09:26:10
81.5,0.58136154165304,36.89,0.74197860962567,-0.011764705882353113,0.0,0.0,0.0,113.0,39.0,0.5203094687817765,16.99999999999946,0.0,2021-05-01 09:26:20
81.5,0.5927608041939201,36.78,0.7473262032085577,-0.005882352941176689,0.0,0.0,0.0,113.0,39.0,0.53051163010859,16.99999999999946,0.0,2021-05-01 09:26:30
81.495,0.5927608041939201,36.83,0.7526737967914454,0.01764705882352919,0.0,0.0,0.0,85.25,42.5,0.53051163010859,16.99999999999946,0.0,2021-05-01 09:26:40
81.49,0.58136154165304,36.78,0.7580213903743332,0.029411764705882144,0.0,0.0,0.0,57.5,46.0,0.5203094687817765,16.99999999999946,0.0,2021-05-01 09:26:50
81.49,0.58136154165304,36.78,0.763368983957221,0.0470588235294116,0.0,0.0,0.0,29.75,46.0,0.5203094687817765,16.99999999999946,0.0,2021-05-01 09:27:00
81.49,0.58136154165304,36.78,0.7687165775401087,0.0470588235294116,0.0,0.0,0.0,2.0,45.5,0.5203094687817765,16.99999999999946,0.0,2021-05-01 09:27:10
81.49,0.58136154165304,36.78,0.7740641711229965,0.0470588235294116,0.0,0.0,0.0,6.0,45.0,0.5203094687817765,16.99999999999946,0.0,2021-05-01 09:27:20
81.49,0.5927608041939201,36.78,0.7794117647058842,0.0470588235294116,0.0,0.0,0.0,3.5,44.57142857142857,0.53051163010859,16.99999999999946,0.0,2021-05-01 09:27:30
81.49,0.58136154165304,36.83,0.784759358288772,0.0470588235294116,0.0,0.0,0.0,1.0,44.142857142857146,0.5203094687817765,16.99999999999946,0.0,2021-05-01 09:27:40
81.49,0.5927608041939201,36.78,0.7901069518716598,0.0470588235294116,0.0,0.0,0.0,1.0,43.714285714285715,0.53051163010859,16.99999999999946,0.0,2021-05-01 09:27:50
81.49,0.5927608041939201,36.49,0.7954545454545475,0.02352941176470572,0.0,0.0,0.0,1.0,43.285714285714285,0.53051163010859,16.99999999999946,0.0,2021-05-01 09:28:00
81.49,0.58136154165304,36.37,0.8008021390374354,-1.609823385706477e-16,0.0,0.0,0.0,1.0,42.857142857142854,0.5203094687817765,16.99999999999946,0.0,2021-05-01 09:28:10
81.49,0.5927608041939201,36.41,0.8061497326203231,-1.609823385706477e-16,0.0,0.0,0.0,1.0,42.42857142857143,0.53051163010859,16.99999999999946,0.0,2021-05-01 09:28:20
81.49,0.58136154165304,37.825,0.8114973262032108,0.005882352941176294,0.7799999999999999,0.0,0.0,117.0,42.0,0.5203094687817765,16.99999999999946,0.0,2021-05-01 09:28:30
81.51,0.5927608041939201,39.24,0.8168449197860986,0.023529411764705663,1.5599999999999998,0.0,0.0,114.0,43.0,0.53051163010859,16.99999999999946,0.0,2021-05-01 09:28:40
81.51,0.5927608041939201,38.64,0.8221925133689864,0.005882352941176295,2.1599999999999997,0.0,0.0,114.0,43.0,0.53051163010859,16.99999999999946,0.0,2021-05-01 09:28:50
81.51,0.5927608041939201,39.04,0.8235294117647083,-1.609823385706477e-16,1.8599999999999999,6.000000000002004,0.8858207582854135,114.0,43.0,0.53051163010859,17.999999999999794,0.8858207582854135,2021-05-01 09:29:00
81.51,0.5927608041939201,39.24,0.8235294117647083,-1.609823385706477e-16,1.8599999999999999,0.0,0.0,114.0,43.0,0.53051163010859,17.999999999999794,0.8858207582854135,2021-05-01 09:29:10
81.51,0.58136154165304,39.95,0.7941176470588256,-1.609823385706477e-16,2.1599999999999997,0.0,0.0,114.0,43.0,0.5203094687817765,17.999999999999794,0.8858207582854135,2021-05-01 09:29:20
81.51,0.58706117292348,39.975,0.6470588235294128,-1.609823385706477e-16,2.0100000000000002,3.0000000000036664,0.44291037914310016,114.0,43.0,0.5254105494451833,18.500000000000405,1.3287311374285138,2021-05-01 09:29:30
81.51,0.5927608041939201,40.0,0.41176470588235414,0.017647058823529207,1.8599999999999999,2.9999999999983373,0.44291037914231335,114.0,43.0,0.53051163010859,19.000000000000128,1.7716415165708272,2021-05-01 09:29:40
81.67,0.5927608041939201,40.0,0.17647058823529543,0.005882352941176295,1.8599999999999999,0.0,0.0,117.5,45.0,0.53051163010859,19.000000000000128,1.7716415165708272,2021-05-01 09:29:50
81.83,0.5927608041939201,39.9,-0.05882352941176333,-1.609823385706477e-16,1.8599999999999999,2.9999999999983373,0.4263320056656833,121.0,47.0,0.53051163010859,19.49999999999985,2.1979735222365107,2021-05-01 09:30:00
81.83,0.5927608041939201,39.8,-0.29411764705882204,0.01176470588235278,1.8599999999999999,2.9999999999983373,0.4263320056656833,121.0,47.0,0.11789147335746446,19.999999999999574,2.624305527902194,2021-05-01 09:30:10
81.94,0.5927608041939201,39.6,-0.5294117647058805,0.0470588235294116,2.1599999999999997,0.0,0.0,115.0,41.0,0.53051163010859,19.999999999999574,2.624305527902194,2021-05-01 09:30:20
81.97666666666666,0.5927608041939201,38.94,-0.4999999999999982,0.0470588235294116,1.8599999999999999,6.000000000002004,0.8374582178081248,119.33333333333333,39.666666666666664,0.23578294671492891,20.999999999999908,3.4617637457103188,2021-05-01 09:30:30
82.01333333333334,0.58136154165304,39.24,-0.38235294117646923,0.06470588235294095,2.1599999999999997,0.0,0.0,123.66666666666667,38.333333333333336,0.5203094687817765,20.999999999999908,3.4617637457103188,2021-05-01 09:30:40
82.05,0.5927608041939201,38.54,-0.470588235294116,0.0705882352941174,2.1599999999999997,0.0,0.0,128.0,37.0,0.41262015675112557,20.999999999999908,3.4617637457103188,2021-05-01 09:30:50
82.15,0.5927608041939201,39.04,-0.4999999999999982,0.0705882352941174,0.0,6.000000000002004,0.8194806674497146,107.0,40.0,0.05894573667873223,22.00000000000024,4.281244413160033,2021-05-01 09:31:00
82.18,0.58136154165304,38.79,-0.588235294117645,0.0705882352941174,0.0,0.0,0.0,113.0,44.0,0.057812163197975164,22.00000000000024,4.281244413160033,2021-05-01 09:31:10
82.18,0.58706117292348,38.54,-0.7647058823529385,0.0705882352941174,0.0,0.0,0.0,113.0,44.0,0.1751368498150611,22.00000000000024,4.281244413160033,2021-05-01 09:31:20
82.19,0.5927608041939201,38.59,-0.823529411764703,0.0705882352941174,0.0,0.0,0.0,116.0,43.666666666666664,0.05894573667873223,22.00000000000024,4.281244413160033,2021-05-01 09:31:30
82.2,0.5927608041939201,38.59,-0.823529411764703,0.0705882352941174,0.0,0.0,0.0,119.0,43.333333333333336,0.05894573667873223,22.00000000000024,4.281244413160033,2021-05-01 09:31:40
82.21,0.5927608041939201,38.39,-0.823529411764703,0.0705882352941174,0.0,0.0,0.0,122.0,43.0,0.05894573667873223,22.00000000000024,4.281244413160033,2021-05-01 09:31:50
82.21,0.5927608041939201,38.39,-0.6470588235294095,0.0705882352941174,0.0,0.0,0.0,122.0,43.0,0.05894573667873223,22.00000000000024,4.281244413160033,2021-05-01 09:32:00
82.21,0.5927608041939201,38.32,-0.588235294117645,0.0705882352941174,0.0,0.0,0.0,122.0,43.0,0.05894573667873223,22.00000000000024,4.281244413160033,2021-05-01 09:32:10
82.21,0.5927608041939201,38.25,-0.235294117647058,0.0705882352941174,0.0,0.0,0.0,122.0,43.0,0.05894573667873223,22.00000000000024,4.281244413160033,2021-05-01 09:32:20
82.21,0.5927608041939201,38.24,-0.235294117647058,0.0705882352941174,0.0,0.0,0.0,122.0,43.0,0.05894573667873223,22.00000000000024,4.281244413160033,2021-05-01 09:32:30
82.21,0.58136154165304,38.29,-0.235294117647058,0.0705882352941174,0.0,0.0,0.0,122.0,43.0,0.4046851423858262,22.00000000000024,4.281244413160033,2021-05-01 09:32:40
82.21,0.5927608041939201,38.265,-0.235294117647058,0.0705882352941174,0.0,0.0,0.0,110.0,39.0,0.3536744200723934,22.00000000000024,4.281244413160033,2021-05-01 09:32:50
82.21,0.29638040209696004,38.24,-0.12669683257918457,0.0705882352941174,0.0,0.0,0.0,88.5,40.0,0.029472868339366114,22.00000000000024,4.281244413160033,2021-05-01 09:33:00
82.21166666666666,0.58136154165304,38.24,0.16289592760181112,0.0470588235294116,0.0,0.0,0.0,70.5,41.166666666666664,0.057812163197975164,22.00000000000024,4.281244413160033,2021-05-01 09:33:20
82.21333333333332,0.58136154165304,38.14,0.307692307692309,0.0470588235294116,0.0,0.0,0.0,74.0,41.333333333333336,0.057812163197975164,22.00000000000024,4.281244413160033,2021-05-01 09:33:30
82.215,0.5927608041939201,38.25,0.4524886877828069,0.0470588235294116,0.0,0.0,0.0,77.5,41.5,0.05894573667873223,22.00000000000024,4.281244413160033,2021-05-01 09:33:40
82.21666666666667,0.5927608041939201,38.09,0.5972850678733047,0.0705882352941174,0.0,0.0,0.0,81.0,41.666666666666664,0.05894573667873223,22.00000000000024,4.281244413160033,2021-05-01 09:33:50
82.21833333333333,0.56996230939544,38.095,0.7420814479638025,0.0705882352941174,0.0,0.0,0.0,84.5,41.833333333333336,0.05667859272866935,22.00000000000024,4.281244413160033,2021-05-01 09:34:00
82.22,0.5471638145969601,38.1,0.8868778280543005,0.0705882352941174,0.0,0.0,0.0,88.0,42.0,0.054411448778606486,22.00000000000024,4.281244413160033,2021-05-01 09:34:10
82.22,0.5927608041939201,37.43,1.0316742081447983,0.05294117647058805,0.0,0.0,0.0,88.0,42.0,0.05894573667873223,22.00000000000024,4.281244413160033,2021-05-01 09:34:20
82.24,0.5927608041939201,40.0,1.1764705882352962,0.0470588235294116,1.8599999999999999,0.0,0.0,96.33333333333333,43.666666666666664,0.05894573667873223,22.00000000000024,4.281244413160033,2021-05-01 09:34:30
82.26,0.5927608041939201,39.7,1.321266968325794,0.0941176470588232,1.8599999999999999,0.0,0.0,104.66666666666667,45.333333333333336,0.05894573667873223,22.00000000000024,4.281244413160033,2021-05-01 09:34:40
82.28,0.5927608041939201,39.47,1.466063348416292,0.0941176470588232,2.0100000000000002,2.9999999999983373,0.4029962869248811,113.0,47.0,0.1768372100361967,22.499999999999964,4.684240700084914,2021-05-01 09:34:50
82.28,0.775148760689055,39.24,1.6108597285067896,0.09411764705882325,2.1599999999999997,2.9999999999983373,0.4029962869248811,113.0,47.0,0.6937459928191754,22.999999999999687,5.0872369870097955,2021-05-01 09:35:00
82.28,0.95753671718419,40.08,2.264705882352944,0.0941176470588233,1.8599999999999999,0.0,0.0,113.0,47.0,0.6665402765231473,22.999999999999687,5.0872369870097955,2021-05-01 09:35:10
82.4,0.95753671718419,40.76,2.4705882352941204,0.05882352941176444,1.8599999999999999,6.000000000002004,0.7935383415429991,151.0,47.0,0.4761001975165338,24.00000000000002,5.880775328552795,2021-05-01 09:35:20
82.52,0.95753671718419,40.845,2.137254901960787,0.06470588235294095,2.0100000000000002,0.0,0.0,189.0,47.0,0.38088015801322705,24.00000000000002,5.880775328552795,2021-05-01 09:35:30
82.52,0.95753671718419,40.93,1.6764705882352966,0.0470588235294116,2.1599999999999997,0.0,0.0,189.0,47.0,0.28566011850992035,24.00000000000002,5.880775328552795,2021-05-01 09:35:40
82.505,0.95753671718419,40.3,1.0588235294117674,0.02352941176470572,2.1599999999999997,5.999999999996675,0.7826380310230051,188.5,47.0,0.09522003950330676,24.999999999999467,6.6634133595758,2021-05-01 09:35:50
82.49,0.9689359797250701,39.14,0.9411764705882378,-0.01764705882352954,2.1599999999999997,0.0,0.0,188.0,47.0,0.09635361298406384,24.999999999999467,6.6634133595758,2021-05-01 09:36:00
82.49,0.9689359797250701,39.545,0.6764705882352962,-0.04117647058823544,2.0100000000000002,0.0,0.0,188.0,47.0,0.09635361298406384,24.999999999999467,6.6634133595758,2021-05-01 09:36:10
82.49,0.96323634845463,39.95,0.4823529411764721,-0.01764705882352954,1.8599999999999999,0.0,0.0,188.0,47.0,0.0957868262436853,24.999999999999467,6.6634133595758,2021-05-01 09:36:20
82.49,0.95753671718419,40.29,0.05882352941176622,0.023529411764705663,1.8599999999999999,6.000000000002004,0.7841953800181124,188.0,47.0,0.09522003950330676,25.9999999999998,7.447608739593912,2021-05-01 09:36:30
82.49,0.9689359797250701,40.13,-0.36470588235293955,0.08235294117647035,1.8599999999999999,0.0,0.0,188.0,47.0,0.2890608389521915,25.9999999999998,7.447608739593912,2021-05-01 09:36:40
82.49,0.9689359797250701,38.51,-0.470588235294116,0.0941176470588233,2.1599999999999997,0.0,0.0,188.0,47.0,0.2890608389521915,25.9999999999998,7.447608739593912,2021-05-01 09:36:50
82.49,0.9689359797250701,39.57,0.3529411764705905,0.05294117647058799,2.1599999999999997,6.000000000002004,0.7841953800181124,188.0,47.0,0.09635361298406384,27.000000000000135,8.231804119612024,2021-05-01 09:37:00
82.49,0.95753671718419,40.81,1.2058823529411793,-2.299747693866396e-16,1.8599999999999999,0.0,0.0,188.0,47.0,0.09522003950330676,27.000000000000135,8.231804119612024,2021-05-01 09:37:10
82.49,0.96323634845463,41.260000000000005,1.294117647058826,0.011764705882352717,1.8599999999999999,2.9999999999983373,0.392097690008708,188.0,47.0,0.0957868262436853,27.499999999999858,8.623901809620731,2021-05-01 09:37:20
82.49,0.9689359797250701,41.71,1.3823529411764728,0.04117647058823503,1.8599999999999999,2.9999999999983373,0.392097690008708,188.0,47.0,0.09635361298406384,27.99999999999958,9.015999499629439,2021-05-01 09:37:30
82.49,0.95753671718419,39.44,0.17647058823529527,0.0999999999999997,1.8599999999999999,0.0,0.0,188.0,47.0,0.09522003950330676,27.99999999999958,9.015999499629439,2021-05-01 09:37:40
82.49,0.9689359797250701,40.0,0.647058823529413,0.10588235294117618,2.1599999999999997,0.0,0.0,188.0,47.0,0.09635361298406384,27.99999999999958,9.015999499629439,2021-05-01 09:37:50
82.49,0.95753671718419,40.57,1.5000000000000018,0.07860962566844894,2.1599999999999997,6.000000000002004,0.7841953800181124,188.0,47.0,0.09522003950330676,28.999999999999915,9.80019487964755,2021-05-01 09:38:00
82.49,0.95753671718419,40.71,1.8529411764705903,0.21604278074866284,1.8599999999999999,0.0,0.0,188.0,47.0,0.09522003950330676,28.999999999999915,9.80019487964755,2021-05-01 09:38:10
82.49,0.95753671718419,41.615,3.617647058823531,0.6497737556561083,1.8599999999999999,2.9999999999983373,0.392097690008708,188.0,47.0,0.09522003950330676,29.499999999999638,10.192292569656258,2021-05-01 09:38:20
82.49,0.95753671718419,42.52,5.382352941176473,1.038364671381749,1.8599999999999999,3.0000000000036664,0.3920976900094045,188.0,47.0,0.09522003950330676,30.00000000000025,10.584390259665662,2021-05-01 09:38:30
82.42999999999999,0.95753671718419,44.02,7.147058823529413,1.1866310160427804,2.1599999999999997,0.0,0.0,258.6666666666667,48.0,0.09522003950330676,30.00000000000025,10.584390259665662,2021-05-01 09:38:40
82.37,0.9689359797250701,44.69,8.176470588235297,1.0117647058823527,1.8599999999999999,0.0,0.0,329.33333333333337,49.0,0.09635361298406384,30.00000000000025,10.584390259665662,2021-05-01 09:38:50
82.31,0.9689359797250701,44.084999999999994,7.705882352941179,0.8176470588235292,2.0100000000000002,2.9999999999983373,0.40143967254509977,400.0,50.0,0.09635361298406384,30.49999999999997,10.985829932210763,2021-05-01 09:39:00
82.274,0.9689359797250701,43.48,7.205882352941179,0.6941176470588234,2.1599999999999997,2.9999999999983373,0.4033075965564469,365.0,48.5,0.09635361298406384,30.999999999999694,11.38913752876721,2021-05-01 09:39:10
82.238,0.9689359797250701,43.73,6.823529411764708,0.6588235294117645,2.1599999999999997,0.0,0.0,330.0,47.0,0.09635361298406384,30.999999999999694,11.38913752876721,2021-05-01 09:39:20
82.202,0.9689359797250701,44.88,6.823529411764708,0.7294117647058823,1.8599999999999999,6.000000000002004,0.8140859323675655,330.0,47.0,0.09635361298406384,32.00000000000003,12.203223461134774,2021-05-01 09:39:30
82.166,0.95753671718419,45.09,6.588235294117649,0.7294117647058823,2.1599999999999997,0.0,0.0,348.0,47.0,0.09522003950330676,32.00000000000003,12.203223461134774,2021-05-01 09:39:40
82.13,0.95753671718419,43.17,6.529411764705884,0.7647058823529411,1.8599999999999999,0.0,0.0,366.0,47.0,0.09522003950330676,32.00000000000003,12.203223461134774,2021-05-01 09:39:50
82.11,0.95753671718419,44.58,6.941176470588237,0.8470588235294116,1.8599999999999999,5.999999999996675,0.8236300045829485,395.0,47.0,0.09522003950330676,32.999999999999474,13.026853465717723,2021-05-01 09:40:00
82.14,0.9689359797250701,45.54,7.4705882352941195,0.8588235294117645,1.8599999999999999,0.0,0.0,396.3333333333333,46.333333333333336,0.09635361298406384,32.999999999999474,13.026853465717723,2021-05-01 09:40:10
82.17,0.9689359797250701,47.15,7.5882352941176485,0.8117647058823527,2.1599999999999997,0.0,0.0,397.6666666666667,45.666666666666664,0.09635361298406384,32.999999999999474,13.026853465717723,2021-05-01 09:40:20
82.2,0.9689359797250701,46.2,7.3529411764705905,0.7764705882352939,2.1599999999999997,6.000000000002004,0.8142934346060978,399.0,45.0,0.09635361298406384,33.99999999999981,13.841146900323821,2021-05-01 09:40:30
82.2,0.9689359797250701,45.19,7.205882352941179,0.7588235294117645,1.8599999999999999,0.0,0.0,399.0,45.0,0.09635361298406384,33.99999999999981,13.841146900323821,2021-05-01 09:40:40
82.24,0.9689359797250701,46.35,6.742966751918161,0.6390588235294115,1.8599999999999999,0.0,0.0,393.0,48.0,0.09635361298406384,33.99999999999981,13.841146900323821,2021-05-01 09:40:50
82.24,0.9689359797250701,46.04,5.030370843989772,0.5599999999999998,2.1599999999999997,0.0,0.0,378.0,50.0,0.09635361298406384,33.99999999999981,13.841146900323821,2021-05-01 09:41:00
82.23,0.9689359797250701,44.7,4.955882352941179,0.480941176470588,0.0,6.000000000002004,0.8111807969895495,319.0,50.0,0.09635361298406384,35.00000000000014,14.652327697313371,2021-05-01 09:41:10
82.24,0.95753671718419,44.34,5.941176470588237,0.3623529411764703,0.0,0.0,0.0,297.0,45.0,0.09522003950330676,35.00000000000014,14.652327697313371,2021-05-01 09:41:20
82.24,0.9689359797250701,44.18,5.794117647058826,0.329411764705882,0.0,0.0,0.0,297.0,45.0,0.09635361298406384,35.00000000000014,14.652327697313371,2021-05-01 09:41:30
82.24,0.9689359797250701,43.83,2.505042016806726,0.2529411764705879,0.0,0.0,0.0,297.0,45.0,0.09635361298406384,35.00000000000014,14.652327697313371,2021-05-01 09:41:40
82.24,0.95753671718419,22.12,1.1018907563025235,0.22941176470588198,0.8999999999999999,0.0,0.0,297.0,45.0,0.09522003950330676,35.00000000000014,14.652327697313371,2021-05-01 09:41:50
82.24,0.95753671718419,10.58,0.044117647058826474,0.19999999999999968,0.8999999999999999,0.0,0.0,297.0,45.0,0.09522003950330676,35.00000000000014,14.652327697313371,2021-05-01 09:42:00
82.22,0.9689359797250701,-0.3,1.6176470588235319,0.18823529411764672,1.2,0.0,0.0,311.0,44.5,0.19270722596812767,35.00000000000014,14.652327697313371,2021-05-01 09:42:10
82.2,0.9689359797250701,-1.51,2.029411764705885,0.17058823529411726,0.0,0.0,0.0,325.0,44.0,0.09635361298406384,35.00000000000014,14.652327697313371,2021-05-01 09:42:20
82.2,0.9689359797250701,-1.435,1.8823529411764728,0.1588235294117643,0.0,0.0,0.0,325.0,44.0,0.09635361298406384,35.00000000000014,14.652327697313371,2021-05-01 09:42:30
82.2,0.9689359797250701,-1.36,1.5000000000000024,0.12352941176470544,0.0,0.0,0.0,325.0,44.0,0.09635361298406384,35.00000000000014,14.652327697313371,2021-05-01 09:42:40
82.19,0.9689359797250701,-1.31,1.911764705882355,0.0705882352941174,0.0,0.0,0.0,272.0,51.0,0.19270722596812767,35.00000000000014,14.652327697313371,2021-05-01 09:42:50
82.19,0.9689359797250701,3.08,3.029411764705885,0.017647058823529228,0.6,0.0,0.0,272.0,51.0,0.19270722596812767,35.00000000000014,14.652327697313371,2021-05-01 09:43:00
82.19,0.9689359797250701,10.98,4.0126050420168085,0.07647058823529393,1.5599999999999998,0.0,0.0,272.0,51.0,0.19270722596812767,35.00000000000014,14.652327697313371,2021-05-01 09:43:10
82.19,0.96323634845463,27.075,5.205882352941179,0.3235294117647056,1.8599999999999999,0.0,0.0,272.0,51.0,0.2873604787310559,35.00000000000014,14.652327697313371,2021-05-01 09:43:20
82.19,0.95753671718419,43.17,5.647058823529414,0.4470588235294115,2.1599999999999997,0.0,0.0,272.0,51.0,0.28566011850992035,35.00000000000014,14.652327697313371,2021-05-01 09:43:30
82.19,0.95753671718419,42.52,5.4705882352941195,0.4823529411764703,2.1599999999999997,0.0,0.0,272.0,51.0,0.19044007900661353,35.00000000000014,14.652327697313371,2021-05-01 09:43:40
82.23,0.9689359797250701,39.8,4.453781512605044,0.4380090497737554,0.0,0.0,0.0,274.0,46.0,0.2890608389521915,35.00000000000014,14.652327697313371,2021-05-01 09:43:50
82.23,0.7267019847938025,39.35,0.2352941176470615,0.229411764705882,0.0,0.0,0.0,274.0,46.0,0.07226520973804786,35.00000000000014,14.652327697313371,2021-05-01 09:44:00
82.26,0.48446798986253503,39.24,0.26470588235294373,0.2117647058823526,0.0,0.0,0.0,91.0,46.0,0.04817680649203192,35.00000000000014,14.652327697313371,2021-05-01 09:44:10
82.26,0.2422339949312675,39.24,0.3529411764705905,0.2117647058823526,0.0,0.0,0.0,91.0,46.0,0.024088403246015955,35.00000000000014,14.652327697313371,2021-05-01 09:44:20
82.26,0.58136154165304,38.24,1.8823529411764734,0.18823529411764664,0.0,0.0,0.0,147.0,48.0,0.5203094687817765,35.00000000000014,14.652327697313371,2021-05-01 10:04:10
82.26,0.5927608041939201,38.24,1.8823529411764734,0.18823529411764664,0.0,0.0,0.0,147.0,48.0,0.53051163010859,35.00000000000014,14.652327697313371,2021-05-01 10:04:20
82.26,0.5927608041939201,38.14,1.8823529411764734,0.18823529411764664,0.0,0.0,0.0,147.0,48.0,0.53051163010859,35.00000000000014,14.652327697313371,2021-05-01 10:04:30
82.26,0.58136154165304,38.09,1.8823529411764734,0.18823529411764664,0.0,0.0,0.0,147.0,48.0,0.5203094687817765,35.00000000000014,14.652327697313371,2021-05-01 10:04:40
82.26,0.5927608041939201,38.185,1.8823529411764734,0.18823529411764664,0.0,0.0,0.0,147.0,48.0,0.53051163010859,35.00000000000014,14.652327697313371,2021-05-01 10:04:50
82.26,0.58706117292348,38.28,1.8823529411764734,0.18823529411764664,0.0,0.0,0.0,127.0,44.0,0.5254105494451833,35.00000000000014,14.652327697313371,2021-05-01 10:05:00
82.26,0.58136154165304,38.28,1.911764705882356,0.18823529411764664,0.0,0.0,0.0,127.0,44.0,0.5203094687817765,35.00000000000014,14.652327697313371,2021-05-01 10:05:10
82.26,0.5927608041939201,38.35,2.0000000000000027,0.18823529411764664,0.0,0.0,0.0,127.0,44.0,0.53051163010859,35.00000000000014,14.652327697313371,2021-05-01 10:05:20
82.26,0.5927608041939201,38.24,2.0882352941176503,0.18823529411764664,0.0,0.0,0.0,127.0,44.0,0.53051163010859,35.00000000000014,14.652327697313371,2021-05-01 10:05:30
82.25,0.58136154165304,38.2,2.2058823529411793,0.18823529411764664,0.0,0.0,0.0,126.0,50.0,0.5203094687817765,35.00000000000014,14.652327697313371,2021-05-01 10:05:40
82.25,0.58136154165304,38.24,2.2352941176470615,0.18823529411764664,0.0,0.0,0.0,126.0,50.0,0.5203094687817765,35.00000000000014,14.652327697313371,2021-05-01 10:05:50
82.255,0.5927608041939201,38.29,2.264705882352944,0.18823529411764664,0.0,0.0,0.0,30.0,47.5,0.53051163010859,35.00000000000014,14.652327697313371,2021-05-01 10:06:00
82.26,0.5927608041939201,38.19,2.3529411764705905,0.18823529411764664,0.0,0.0,0.0,133.0,45.0,0.53051163010859,35.00000000000014,14.652327697313371,2021-05-01 10:06:10
82.26,0.58136154165304,38.19,2.441176470588238,0.18823529411764664,0.0,0.0,0.0,133.0,43.0,0.5203094687817765,35.00000000000014,14.652327697313371,2021-05-01 10:06:20
82.26,0.58136154165304,38.19,2.4705882352941204,0.18823529411764664,0.0,0.0,0.0,135.5,47.5,0.5203094687817765,35.00000000000014,14.652327697313371,2021-05-01 10:06:30
82.26,0.5927608041939201,38.29,3.0791855203619938,0.1588235294117643,0.0,0.0,0.0,138.0,52.0,0.53051163010859,35.00000000000014,14.652327697313371,2021-05-01 10:06:40
82.27333333333334,0.7751487020152,38.54,4.877828054298645,0.15294117647058791,0.0,0.0,0.0,148.0,49.0,0.6937459403069948,35.00000000000014,14.652327697313371,2021-05-01 10:06:50
82.28666666666666,1.00313365,43.64,4.927601809954753,0.2588235294117644,1.2,0.0,0.0,148.0,49.0,0.8977888958126533,35.00000000000014,14.652327697313371,2021-05-01 10:07:00
82.3,0.934738193995135,44.65,4.794117647058826,0.3823529411764703,1.5599999999999998,5.999999999996675,0.8039171125093071,286.0,47.0,0.8365760345700755,35.99999999999959,15.456244809822678,2021-05-01 10:07:10
82.3,0.9917344442402701,46.004999999999995,4.97058823529412,0.4823529411764703,2.0100000000000002,0.0,0.0,286.0,47.0,0.8875867853040793,35.99999999999959,15.456244809822678,2021-05-01 10:07:20
82.3,0.9917344442402701,46.9,5.2352941176470615,0.5176470588235291,2.1599999999999997,0.0,0.0,286.0,47.0,0.8875867853040793,35.99999999999959,15.456244809822678,2021-05-01 10:07:30
82.58,0.9917344442402701,45.15,5.823529411764708,0.529411764705882,2.1599999999999997,6.000000000002004,0.7748504835690787,188.0,49.0,0.8875867853040793,36.99999999999992,16.231095293391757,2021-05-01 10:07:40
82.58,0.9917344442402701,45.59,5.655462184873953,0.5235294117647056,1.8599999999999999,0.0,0.0,329.0,49.0,0.8875867853040793,36.99999999999992,16.231095293391757,2021-05-01 10:07:50
82.58,0.9917344442402701,46.06,5.365546218487397,0.4823529411764703,2.1599999999999997,0.0,0.0,329.0,49.0,0.8875867853040793,36.99999999999992,16.231095293391757,2021-05-01 10:08:00
82.58,0.9917344442402701,45.84,4.794117647058826,0.38235294117647034,1.8599999999999999,5.999999999996675,0.7748504835683905,329.0,49.0,0.8875867853040793,37.99999999999937,17.005945776960147,2021-05-01 10:08:10
83.04,0.9917344442402701,46.29,3.941176470588238,0.3117647058823526,1.8599999999999999,0.0,0.0,287.0,47.0,0.8875867853040793,37.99999999999937,17.005945776960147,2021-05-01 10:08:20
83.16,0.9917344442402701,44.89,3.529411764705885,0.2235294117647056,2.1599999999999997,0.0,0.0,282.0,51.0,0.8875867853040793,37.99999999999937,17.005945776960147,2021-05-01 10:08:30
83.275,0.9917344442402701,44.13,2.5882352941176494,0.09999999999999976,1.8599999999999999,6.000000000002004,0.702624470556637,250.0,52.0,0.8875867853040793,38.9999999999997,17.708570247516782,2021-05-01 10:08:40
83.39,0.71815251044392,41.71,1.294117647058826,0.017647058823529228,0.0,0.0,0.0,203.0,51.0,0.6427352420851716,38.9999999999997,17.708570247516782,2021-05-01 10:08:50
83.5,0.58136154165304,41.11,-0.941176470588232,0.21018289668808682,0.0,0.0,0.0,137.0,50.0,0.5203094687817765,38.9999999999997,17.708570247516782,2021-05-01 10:11:40
83.51,0.58136154165304,41.11,-0.941176470588232,0.34511245674740465,0.0,0.0,0.0,125.0,53.0,0.5203094687817765,38.9999999999997,17.708570247516782,2021-05-01 10:11:50
83.51,0.58136154165304,40.92,-1.0588235294117618,0.7117647058823529,0.0,0.0,0.0,125.0,53.0,0.5203094687817765,38.9999999999997,17.708570247516782,2021-05-01 10:12:00
83.51,0.58706117292348,40.865,-1.088235294117644,0.7411764705882351,0.0,0.0,0.0,125.0,53.0,0.5254105494451833,38.9999999999997,17.708570247516782,2021-05-01 10:12:10
83.51,0.5927608041939201,40.81,-1.176470588235291,0.7882352941176469,0.0,0.0,0.0,125.0,53.0,0.53051163010859,38.9999999999997,17.708570247516782,2021-05-01 10:12:20
83.55,0.5927608041939201,41.01,-1.088235294117644,0.8176470588235292,0.0,0.0,0.0,132.0,50.0,0.53051163010859,38.9999999999997,17.708570247516782,2021-05-01 10:12:30
83.55,1.10572683116824,41.01,-0.9705882352941149,0.8058823529411763,0.0,0.0,0.0,132.0,50.0,0.989608185135608,38.9999999999997,17.708570247516782,2021-05-01 10:12:40
83.55,1.33371183593419,40.5,-0.9705882352941149,0.7941176470588234,0.0,0.0,0.0,132.0,50.0,1.1936511914595058,38.9999999999997,17.708570247516782,2021-05-01 10:12:50
83.55,1.33371183593419,40.3,-1.088235294117644,0.776470588235294,0.0,0.0,0.0,132.0,50.0,1.1936511914595058,38.9999999999997,17.708570247516782,2021-05-01 10:13:00
83.555,1.33371183593419,40.3,-1.2352941176470558,0.776470588235294,0.0,0.0,0.0,307.0,50.0,1.1936511914595058,38.9999999999997,17.708570247516782,2021-05-01 10:13:10
83.56,1.3223125166121599,40.17,-1.2941176470588207,0.7941176470588234,0.0,0.0,0.0,301.0,48.0,1.1834489793144527,38.9999999999997,17.708570247516782,2021-05-01 10:13:20
83.57,1.3280121762731751,40.04,-1.2941176470588207,0.7999999999999998,0.0,0.0,0.0,303.0,52.0,1.1885500853869795,38.9999999999997,17.708570247516782,2021-05-01 10:13:30
83.57,1.33371183593419,40.0,-1.2941176470588207,0.8117647058823527,0.0,0.0,0.0,303.0,52.0,1.1936511914595058,38.9999999999997,17.708570247516782,2021-05-01 10:13:40
83.57,1.33371183593419,39.95,-1.2941176470588207,0.8470588235294116,0.0,0.0,0.0,303.0,52.0,1.1936511914595058,38.9999999999997,17.708570247516782,2021-05-01 10:13:50
83.57,1.33371183593419,39.84,-1.2941176470588207,0.8470588235294116,0.0,0.0,0.0,303.0,52.0,1.1936511914595058,38.9999999999997,17.708570247516782,2021-05-01 10:14:00
83.56,1.3223125166121599,39.79,-1.2941176470588207,0.864705882352941,0.0,0.0,0.0,313.0,53.0,1.1834489793144527,38.9999999999997,17.708570247516782,2021-05-01 10:14:10
83.56,1.33371183593419,39.745000000000005,-1.2941176470588207,0.8999999999999999,0.0,0.0,0.0,313.0,53.0,1.1936511914595058,38.9999999999997,17.708570247516782,2021-05-01 10:14:20
83.55,1.3280121762731751,39.7,-1.2941176470588207,0.9176470588235293,0.0,0.0,0.0,303.0,54.0,1.0564889647884264,38.9999999999997,17.708570247516782,2021-05-01 10:14:30
83.55,1.3223125166121599,39.8,-1.2941176470588207,0.9176470588235293,0.0,0.0,0.0,303.0,54.0,1.0519546482795137,38.9999999999997,17.708570247516782,2021-05-01 10:14:40
83.55,1.33371183593419,39.6,-1.2941176470588207,0.9176470588235293,0.0,0.0,0.0,303.0,54.0,1.1936511914595058,38.9999999999997,17.708570247516782,2021-05-01 10:14:50
83.55,1.33371183593419,39.8,-1.382352941176468,0.9176470588235293,0.0,0.0,0.0,303.0,54.0,1.0610232812973386,38.9999999999997,17.708570247516782,2021-05-01 10:15:00
83.55,1.33371183593419,38.19,-2.758823529411762,0.7066666666666666,0.0,0.0,0.0,303.0,54.0,1.1936511914595058,38.9999999999997,17.708570247516782,2021-05-01 10:15:10
83.55,1.33371183593419,16.31,-3.303921568627448,0.6294117647058821,0.8999999999999999,0.0,0.0,313.0,52.0,1.0610232812973386,38.9999999999997,17.708570247516782,2021-05-01 10:15:20
83.47666666666666,1.33371183593419,4.03,-4.137254901960782,0.4823529411764703,1.8599999999999999,0.0,0.0,315.6666666666667,49.666666666666664,1.0610232812973386,38.9999999999997,17.708570247516782,2021-05-01 10:15:30
83.40333333333334,1.3223125166121599,-8.05,-3.352941176470586,0.4823529411764703,1.8599999999999999,0.0,0.0,318.3333333333333,47.333333333333336,1.0519546482795137,38.9999999999997,17.708570247516782,2021-05-01 10:15:40
83.33,1.3280121762731751,-8.33,-2.866310160427805,0.529411764705882,0.9299999999999999,0.0,0.0,321.0,45.0,1.0564889647884264,38.9999999999997,17.708570247516782,2021-05-01 10:15:50
83.33,1.33371183593419,-8.61,-2.3088235294117623,0.6235294117647057,0.0,0.0,0.0,321.0,45.0,1.0610232812973386,38.9999999999997,17.708570247516782,2021-05-01 10:16:00
83.33,1.3223125166121599,-9.02,-1.970588235294115,0.6588235294117645,0.0,0.0,0.0,321.0,45.0,1.0519546482795137,38.9999999999997,17.708570247516782,2021-05-01 10:16:10
83.33,1.33371183593419,-1.26,-1.831932773109241,0.6823529411764704,0.0,0.0,0.0,321.0,45.0,1.0610232812973386,38.9999999999997,17.708570247516782,2021-05-01 10:16:20
83.18,1.33371183593419,-2.82,-1.5042016806722662,0.7058823529411763,0.0,0.0,0.0,308.0,51.0,1.0610232812973386,38.9999999999997,17.708570247516782,2021-05-01 10:16:30
83.18,1.33371183593419,-2.22,-1.4117647058823501,0.7411764705882351,0.0,0.0,0.0,308.0,51.0,1.0610232812973386,38.9999999999997,17.708570247516782,2021-05-01 10:16:40
83.18,1.33371183593419,-2.015,-1.4117647058823504,0.7588235294117645,0.0,0.0,0.0,308.0,51.0,1.0610232812973386,38.9999999999997,17.708570247516782,2021-05-01 10:16:50
83.18,1.33371183593419,-1.81,-1.4117647058823504,0.7764705882352939,0.0,0.0,0.0,308.0,51.0,1.0610232812973386,38.9999999999997,17.708570247516782,2021-05-01 10:17:00
83.18,1.33371183593419,-2.37,-1.4117647058823504,0.7941176470588234,0.0,0.0,0.0,308.0,51.0,1.0610232812973386,38.9999999999997,17.708570247516782,2021-05-01 10:17:10
83.03,1.33371183593419,-2.02,-1.4117647058823504,0.7999999999999998,0.0,0.0,0.0,313.0,48.0,1.0610232812973386,38.9999999999997,17.708570247516782,2021-05-01 10:17:20
83.03,1.33371183593419,-2.12,-1.382352941176468,0.7999999999999998,0.0,0.0,0.0,313.0,48.0,1.0610232812973386,38.9999999999997,17.708570247516782,2021-05-01 10:17:30
83.03,1.33371183593419,-2.12,-1.2941176470588207,0.7999999999999998,0.0,0.0,0.0,313.0,48.0,0.9283953711351713,38.9999999999997,17.708570247516782,2021-05-01 10:17:40
82.99,1.33371183593419,-2.12,-1.2941176470588207,0.7999999999999998,0.0,0.0,0.0,308.0,47.0,1.0610232812973386,38.9999999999997,17.708570247516782,2021-05-01 10:17:50
82.99,1.3223125166121599,-2.12,-1.2941176470588207,0.7999999999999998,0.0,0.0,0.0,308.0,47.0,1.0519546482795137,38.9999999999997,17.708570247516782,2021-05-01 10:18:00
82.99,1.33371183593419,-2.17,-1.2941176470588207,0.7999999999999998,0.0,0.0,0.0,308.0,47.0,1.0610232812973386,38.9999999999997,17.708570247516782,2021-05-01 10:18:10
82.97,1.33371183593419,-1.97,-1.2941176470588207,0.7941176470588234,0.0,0.0,0.0,309.0,45.0,0.9283953711351713,38.9999999999997,17.708570247516782,2021-05-01 10:18:20
82.96,1.33371183593419,-2.22,-1.2941176470588207,0.7705882352941174,0.0,0.0,0.0,311.0,52.0,0.9283953711351713,38.9999999999997,17.708570247516782,2021-05-01 10:18:30
82.94749999999999,1.33371183593419,-2.22,-1.2941176470588207,0.752941176470588,0.0,0.0,0.0,323.6666666666667,49.75,0.26525582032433465,38.9999999999997,17.708570247516782,2021-05-01 10:18:40
82.935,1.33371183593419,-2.02,-1.2941176470588207,0.752941176470588,0.0,0.0,0.0,336.3333333333333,47.5,1.0610232812973386,38.9999999999997,17.708570247516782,2021-05-01 10:18:50
82.9225,1.33371183593419,-2.02,-1.2941176470588207,0.752941176470588,0.0,0.0,0.0,349.0,45.25,0.13262791016216732,38.9999999999997,17.708570247516782,2021-05-01 10:19:00
82.91,1.33371183593419,-2.02,-1.2941176470588207,0.7470588235294116,0.0,0.0,0.0,311.0,43.0,0.13262791016216732,38.9999999999997,17.708570247516782,2021-05-01 10:19:10
82.895,1.3223125166121599,-2.07,-1.3529411764705856,0.7294117647058822,0.0,0.0,0.0,315.0,45.0,0.1314943310349392,38.9999999999997,17.708570247516782,2021-05-01 10:19:20
82.88,1.33371183593419,-2.12,2.4147350785597155e-15,0.4176470588235292,0.0,0.0,0.0,319.0,47.0,0.6631395508108365,38.9999999999997,17.708570247516782,2021-05-01 10:19:30
82.88,1.33371183593419,-2.02,1.3882352941176495,0.17549019607843114,0.0,0.0,0.0,319.0,47.0,0.5305116406486693,38.9999999999997,17.708570247516782,2021-05-01 10:19:40
82.88,1.33371183593419,7.71,2.3529411764705914,-0.08823529411764729,1.2,0.0,0.0,319.0,47.0,1.0610232812973386,38.9999999999997,17.708570247516782,2021-05-01 10:19:50
82.88,1.33371183593419,15.3,1.8235294117647085,-0.2235294117647061,1.8599999999999999,0.0,0.0,319.0,47.0,0.795767460973004,38.9999999999997,17.708570247516782,2021-05-01 10:20:00
82.92,1.33371183593419,28.634999999999998,1.0000000000000024,-0.24705882352941194,1.8599999999999999,0.0,0.0,303.0,49.0,0.795767460973004,38.9999999999997,17.708570247516782,2021-05-01 10:20:10
83.06,1.33371183593419,41.97,0.5294117647058847,-0.23529411764705901,1.8599999999999999,0.0,0.0,305.0,50.0,0.795767460973004,38.9999999999997,17.708570247516782,2021-05-01 10:20:20
83.2,1.33371183593419,39.44,0.11764705882353176,-0.21764705882352953,1.8599999999999999,0.0,0.0,307.0,51.0,1.0610232812973386,38.9999999999997,17.708570247516782,2021-05-01 10:20:30
83.56,1.33371183593419,39.625,-0.7058823529411746,-0.1647058823529414,1.8599999999999999,2.9999999999983373,0.3364880576196199,307.0,48.0,0.6631395508108365,39.499999999999424,18.0450583051364,2021-05-01 10:20:40
83.78,1.33371183593419,39.81,-1.4411764705882337,-0.15294117647058847,1.8599999999999999,3.0000000000036664,0.3250391198132245,302.0,55.0,0.795767460973004,40.000000000000036,18.370097424949623,2021-05-01 10:20:50
83.86,1.33371183593419,39.24,-1.5294117647058798,-0.1176470588235296,2.1599999999999997,0.0,0.0,305.0,52.5,0.6631395508108365,40.000000000000036,18.370097424949623,2021-05-01 10:21:00
83.94,1.3223125166121599,39.67,-1.6176470588235266,-0.1176470588235296,2.0100000000000002,2.9999999999983373,0.31670959996964887,308.0,50.0,0.6574716551746961,40.49999999999976,18.686807024919272,2021-05-01 10:21:10
83.94,1.3280121762731751,40.1,-1.8235294117647034,-0.1000000000000002,1.8599999999999999,2.9999999999983373,0.31670959996964887,308.0,50.0,0.5282444823942132,40.99999999999948,19.00351662488892,2021-05-01 10:21:20
83.94,1.33371183593419,39.99,-2.1764705882352917,-0.0705882352941178,2.1599999999999997,0.0,0.0,308.0,50.0,0.6631395508108365,40.99999999999948,19.00351662488892,2021-05-01 10:21:30
83.94,1.33371183593419,40.28,-2.470588235294115,-0.05882352941176483,2.1599999999999997,6.000000000002004,0.6334191999398604,308.0,50.0,0.397883730486502,41.999999999999815,19.636935824828782,2021-05-01 10:21:40
84.62,1.33371183593419,39.56,-2.7647058823529385,-0.04705882352941187,2.1599999999999997,0.0,0.0,307.0,50.0,0.5305116406486693,41.999999999999815,19.636935824828782,2021-05-01 10:21:50
84.71000000000001,1.33371183593419,39.66,-3.0882352941176445,-0.029411764705882467,2.1599999999999997,0.0,0.0,307.0,49.6,0.5305116406486693,41.999999999999815,19.636935824828782,2021-05-01 10:22:00
84.8,1.33371183593419,39.67,-3.352941176470585,-0.01764705882352954,1.8599999999999999,6.000000000002004,0.5437954811868628,307.0,49.2,0.397883730486502,43.00000000000015,20.180731306015645,2021-05-01 10:22:10
84.89,1.33371183593419,39.35,-3.0882352941176445,-1.609823385706477e-16,2.1599999999999997,0.0,0.0,307.0,48.8,0.397883730486502,43.00000000000015,20.180731306015645,2021-05-01 10:22:20
84.97999999999999,1.33371183593419,39.04,-2.5294117647058796,-0.011764705882353113,1.2,0.0,0.0,307.0,48.4,0.5305116406486693,43.00000000000015,20.180731306015645,2021-05-01 10:22:30
85.07,1.33371183593419,39.45,-2.1470588235294095,-0.058823529411764865,0.8999999999999999,5.999999999996675,0.515631579491247,307.0,48.0,0.397883730486502,43.999999999999595,20.696362885506893,2021-05-01 10:22:40
85.13666666666666,1.33371183593419,38.49,-2.0294117647058796,-0.0705882352941178,0.8999999999999999,0.0,0.0,308.0,49.0,0.397883730486502,43.999999999999595,20.696362885506893,2021-05-01 10:22:50
85.20333333333333,1.3223125166121599,39.04,-1.9117647058823504,-0.04705882352941192,0.8999999999999999,0.0,0.0,309.0,50.0,0.2629886620698784,43.999999999999595,20.696362885506893,2021-05-01 10:23:00
85.27,1.33371183593419,39.55,-1.970588235294115,-0.04705882352941192,0.8999999999999999,0.0,0.0,310.0,51.0,0.397883730486502,43.999999999999595,20.696362885506893,2021-05-01 10:23:10
85.31,1.33371183593419,38.09,-1.882352941176468,-0.03529411764705899,1.2,0.0,0.0,300.0,51.0,0.5305116406486693,43.999999999999595,20.696362885506893,2021-05-01 10:23:20
85.315,1.3223125166121599,40.1,-1.970588235294115,-0.041176470588235474,0.8999999999999999,0.0,0.0,300.0,58.0,0.5259773241397568,43.999999999999595,20.696362885506893,2021-05-01 10:23:30
85.32,1.3223125166121599,41.01,-1.9999999999999973,-0.047058823529411944,0.8999999999999999,6.000000000002004,0.4895436694091095,311.0,56.0,0.5259773241397568,44.99999999999993,21.185906554916002,2021-05-01 10:23:40
85.29,1.33371183593419,39.98,-1.970588235294115,-0.06470588235294134,1.8599999999999999,0.0,0.0,299.0,53.0,0.795767460973004,44.99999999999993,21.185906554916002,2021-05-01 10:23:50
85.26,1.33371183593419,41.11,-1.882352941176468,-0.05882352941176486,2.76,0.0,0.0,300.6666666666667,54.666666666666664,0.795767460973004,44.99999999999993,21.185906554916002,2021-05-01 10:24:00
85.23,1.33371183593419,41.11,-1.7941176470588207,-0.0705882352941178,3.36,5.999999999996675,0.49893641666842115,302.3333333333333,56.333333333333336,0.5305116406486693,45.999999999999375,21.684842971584423,2021-05-01 10:24:10
85.2,1.33371183593419,41.22,-1.8529411764705856,-0.0705882352941178,3.21,0.0,0.0,304.0,58.0,0.6631395508108365,45.999999999999375,21.684842971584423,2021-05-01 10:24:20
85.2,1.33371183593419,41.33,-1.693277310924367,-0.07647058823529426,3.0599999999999996,0.0,0.0,304.0,58.0,0.6631395508108365,45.999999999999375,21.684842971584423,2021-05-01 10:24:30
84.96,1.33371183593419,40.63,-1.3109243697478965,-0.10000000000000014,3.96,6.000000000002004,0.5271071793046357,300.0,57.0,0.5305116406486693,46.99999999999971,22.21195015088906,2021-05-01 10:24:40
84.96,1.33371183593419,40.33,-0.3249299719887931,-0.1411764705882354,3.66,6.000000000002004,0.5271071793046357,300.0,57.0,0.397883730486502,48.00000000000004,22.739057330193695,2021-05-01 10:24:50
84.96,1.33371183593419,40.81,1.098039215686277,-0.16470588235294129,4.62,5.999999999996675,0.5271071793041675,300.0,57.0,0.6631395508108365,48.99999999999949,23.266164509497862,2021-05-01 10:25:00
84.37,1.33371183593419,40.91,1.4117647058823555,-0.20000000000000018,4.62,6.000000000002004,0.5886239172419484,306.0,69.0,0.5305116406486693,49.99999999999982,23.854788426739812,2021-05-01 10:25:10
84.14,1.33371183593419,40.64,1.1470588235294141,-0.26470588235294135,4.26,0.0,0.0,301.0,63.0,0.5305116406486693,49.99999999999982,23.854788426739812,2021-05-01 10:25:20
84.055,1.33371183593419,40.62,0.8235294117647081,-0.2823529411764708,4.92,6.000000000002004,0.6214424566131176,301.0,62.0,0.5305116406486693,51.000000000000156,24.47623088335293,2021-05-01 10:25:30
83.97,1.3223125166121599,40.765,0.17647058823529607,-0.2823529411764708,4.7700000000000005,2.9999999999983373,0.3151475380859602,301.0,61.0,0.5259773241397568,51.49999999999988,24.79137842143889,2021-05-01 10:25:40
83.88499999999999,1.33371183593419,40.91,0.5000000000000024,-0.24705882352941194,4.62,2.9999999999983373,0.31957315426988375,301.0,60.0,0.6631395508108365,51.9999999999996,25.11095157570877,2021-05-01 10:25:50
83.8,1.33371183593419,39.99,0.5882352941176497,-0.2176470588235296,5.82,6.000000000002004,0.6479961342363538,301.0,59.0,0.6631395508108365,52.999999999999936,25.758947709945126,2021-05-01 10:26:00
83.8,1.33371183593419,39.69,0.6470588235294144,-0.14705882352941185,5.52,5.999999999996675,0.6479961342357783,301.0,59.0,0.397883730486502,53.99999999999938,26.406943844180905,2021-05-01 10:26:10
83.97,1.33371183593419,41.65,0.41176470588235536,-0.16470588235294129,5.52,6.000000000002004,0.6302950761724803,291.0,61.0,0.6631395508108365,54.999999999999716,27.037238920353385,2021-05-01 10:26:20
83.9,1.33371183593419,42.29,0.35294117647059053,-0.16470588235294129,4.92,6.000000000002004,0.6375844280176116,295.0,59.0,0.795767460973004,56.00000000000005,27.674823348370996,2021-05-01 10:26:30
84.06083333333333,1.33371183593419,41.31,0.44117647058823783,-0.18235294117647075,5.22,5.999999999996675,0.6208348735239639,295.25,79.34,1.0610232812973386,56.999999999999496,28.29565822189496,2021-05-01 10:26:40
84.22166666666666,1.3223125166121599,40.3,0.6176470588235321,-0.1588235294117648,5.22,0.0,0.0,295.5,79.34,0.9204603172445746,56.999999999999496,28.29565822189496,2021-05-01 10:26:50
84.38250000000001,1.3223125166121599,41.26,0.7058823529411791,-0.14117647058823543,5.52,6.000000000002004,0.5873212206847299,295.75,79.34,0.9204603172445746,57.99999999999983,28.88297944257969,2021-05-01 10:27:00
84.54333333333334,1.33371183593419,40.22,0.7058823529411791,-0.14117647058823543,5.22,6.000000000002004,0.570557386413683,296.0,76.9688888888889,0.9283953711351713,59.00000000000016,29.45353682899337,2021-05-01 10:27:10
84.70416666666667,1.33371183593419,40.73,0.794117647058826,-0.123529411764706,5.82,5.999999999996675,0.5537890563532722,296.25,74.59777777777778,0.795767460973004,59.99999999999961,30.007325885346642,2021-05-01 10:27:20
84.86500000000001,1.3223125166121599,41.02,0.8235294117647083,-0.08235294117647074,5.22,6.000000000002004,0.5370163626334364,296.5,72.22666666666667,0.6574716551746961,60.99999999999994,30.54434224798008,2021-05-01 10:27:30
85.02583333333334,1.33371183593419,40.82,0.7058823529411791,-0.01764705882352959,5.22,5.999999999996675,0.5202394374150904,296.75,69.85555555555555,0.397883730486502,61.99999999999939,31.06458168539517,2021-05-01 10:27:40
85.18666666666667,1.33371183593419,39.73,-0.20588235294117374,-1.609823385706477e-16,4.92,6.000000000002004,0.5034584128963023,297.0,67.48444444444445,0.397883730486502,62.99999999999972,31.568040098291473,2021-05-01 10:27:50
85.3475,1.33371183593419,41.91,-0.8823529411764675,-1.609823385706477e-16,5.52,6.000000000002004,0.48667342130417884,297.25,65.11333333333333,0.13262791016216732,64.00000000000006,32.05471351959565,2021-05-01 10:28:00
85.50833333333333,1.33371183593419,41.53,-0.941176470588232,0.035294117647058657,5.22,5.999999999996675,0.4698845948985168,297.5,62.742222222222225,0.26525582032433465,64.9999999999995,32.52459811449417,2021-05-01 10:28:10
85.66916666666667,1.3223125166121599,43.17,-0.8529411764705852,0.0470588235294116,5.82,0.0,0.0,297.75,60.37111111111111,0.2629886620698784,64.9999999999995,32.52459811449417,2021-05-01 10:28:20
85.83,1.33371183593419,39.9,-1.0588235294117618,-1.609823385706477e-16,5.52,6.000000000001961,0.4362959668381265,298.0,58.0,0.13262791016216732,65.99999999999983,32.96089408133229,2021-05-01 10:28:30
86.0,1.33371183593419,40.81,-1.0588235294117618,-0.01176470588235308,5.52,6.000000000002046,0.4185388424648946,300.0,62.0,0.13262791016216732,67.00000000000017,33.37943292379719,2021-05-01 10:28:40
86.13,1.33371183593419,41.99,-1.0588235294117618,-0.023529411764706,6.119999999999999,5.999999999996675,0.40495737059315523,301.0,60.0,0.26525582032433465,67.99999999999962,33.78439029439034,2021-05-01 10:28:50
86.29833333333333,1.3223125166121599,42.0,-0.9705882352941144,-0.023529411764706,5.82,6.000000000001961,0.38736801848599545,301.1666666666667,60.333333333333336,0.2629886620698784,68.99999999999994,34.171758312876335,2021-05-01 10:29:00
86.46666666666667,1.33371183593419,40.31,-0.823529411764703,-0.01764705882352954,5.82,11.999999999998721,0.7395506454932734,301.3333333333333,60.666666666666664,0.26525582032433465,70.99999999999973,34.91130895836961,2021-05-01 10:29:10
86.63499999999999,1.33371183593419,41.25,-0.7941176470588207,0.005882352941176328,6.119999999999999,6.000000000001961,0.35217943523020667,301.5,61.0,0.26525582032433465,72.00000000000006,35.263488393599815,2021-05-01 10:29:20
86.80333333333333,1.3223125166121599,42.81,-0.6470588235294095,0.0235294117647058,6.42,5.99999999999676,0.33458050781777054,301.6666666666667,61.333333333333336,0.2629886620698784,72.99999999999952,35.598068901417584,2021-05-01 10:29:30
86.97166666666666,1.3223125166121599,42.55,-0.6764705882352917,0.0235294117647058,6.42,6.000000000001961,0.3169786924184382,301.8333333333333,61.666666666666664,0.2629886620698784,73.99999999999984,35.91504759383602,2021-05-01 10:29:40
87.14,1.3280121762731751,41.985,-0.705882352941174,0.0235294117647058,6.72,6.000000000001961,0.299374140964346,302.0,62.0,0.2641222411971066,75.00000000000017,36.21442173480037,2021-05-01 10:29:50
87.245,1.33371183593419,41.42,-0.823529411764703,0.0235294117647058,7.0200000000000005,5.99999999999676,0.2883917658232925,303.5,64.0,0.13262791016216732,75.99999999999963,36.50281350062366,2021-05-01 10:30:00
87.35,1.33371183593419,42.17,-0.823529411764703,0.0235294117647058,6.72,6.000000000001961,0.2774084221460711,305.0,66.0,0.26525582032433465,76.99999999999996,36.780221922769734,2021-05-01 10:30:10
87.35,1.3280121762731751,42.07,-0.823529411764703,0.0235294117647058,6.72,6.000000000001961,0.2774084221460711,305.0,66.0,0.2641222411971066,78.00000000000028,37.05763034491581,2021-05-01 10:30:20
87.35,1.3223125166121599,41.97,-0.823529411764703,0.0235294117647058,6.72,5.99999999999676,0.2774084221458306,305.0,66.0,0.1314943310349392,78.99999999999974,37.33503876706164,2021-05-01 10:30:30
87.61,1.3223125166121599,40.65,-0.9117647058823497,0.005882352941176329,7.0200000000000005,11.999999999998636,0.5004152791452822,305.0,65.5,0.1314943310349392,80.99999999999952,37.83545404620692,2021-05-01 10:30:40
87.87,1.3223125166121599,41.235,-0.941176470588232,-1.7823044627464565e-16,7.0200000000000005,4.500000000005457,0.16725127852375007,305.0,65.0,0.2629886620698784,81.75000000000043,38.00270532473067,2021-05-01 10:30:50
87.87,1.33371183593419,41.82,-0.941176470588232,0.005882352941176226,7.0200000000000005,4.5000000000001705,0.1672512785235536,305.0,65.0,0.13262791016216732,82.50000000000045,38.16995660325422,2021-05-01 10:31:00
88.02,1.3280121762731751,41.69,-0.7941176470588203,0.05882352941176444,7.0200000000000005,7.4999999999985505,0.25912981030849247,302.0,60.0,0.2641222411971066,83.75000000000021,38.429086413562715,2021-05-01 10:31:10
88.02,1.3223125166121599,41.56,-0.20588235294117352,0.11176470588235268,7.0200000000000005,7.4999999999985505,0.25912981030849247,302.0,60.0,0.3944829931048177,84.99999999999997,38.68821622387121,2021-05-01 10:31:20
88.02,1.33371183593419,42.48,0.3823529411764732,0.3269896193771624,6.42,5.999999999996589,0.20730384824671622,302.0,60.0,0.397883730486502,85.9999999999994,38.895520072117925,2021-05-01 10:31:30
88.02,1.3223125166121599,41.86,0.7647058823529436,0.41626297577854654,7.0200000000000005,12.000000000004093,0.4146076964938095,302.0,60.0,0.2629886620698784,88.00000000000009,39.310127768611736,2021-05-01 10:31:40
88.02,1.33371183593419,41.83,0.6470588235294141,0.45882352941176446,6.72,5.999999999996589,0.20730384824671622,302.0,60.0,0.5305116406486693,88.99999999999952,39.51743161685845,2021-05-01 10:31:50
88.32,1.33371183593419,43.31,0.7058823529411787,0.40588235294117625,6.72,3.0000000000037517,0.08795199021679534,341.0,69.0,0.5305116406486693,89.50000000000014,39.60538360707525,2021-05-01 10:32:00
88.32,1.33371183593419,44.79,0.5294117647058849,0.39999999999999974,6.72,2.9999999999982947,0.08795199021663536,341.0,69.0,0.5305116406486693,89.99999999999986,39.693335597291885,2021-05-01 10:32:10
88.64,1.33371183593419,44.81,-0.029411764705880028,0.2882352941176467,6.72,11.999999999998636,0.28481098744823147,336.0,69.0,0.397883730486502,91.99999999999963,39.97814658474012,2021-05-01 10:32:20
88.64,1.33371183593419,43.73,-0.5294117647058798,0.21764705882352908,7.38,6.000000000002046,0.14240549372418052,336.0,69.0,0.5305116406486693,92.99999999999997,40.1205520784643,2021-05-01 10:32:30
88.64,1.3223125166121599,42.37,-0.6470588235294092,0.15294117647058791,6.42,11.999999999998636,0.28481098744823147,336.0,69.0,0.3944829931048177,94.99999999999974,40.40536306591253,2021-05-01 10:32:40
88.82,1.33371183593419,42.875,-0.49999999999999756,0.14117647058823496,6.57,3.0000000000037517,0.06178028796028612,312.0,67.0,0.397883730486502,95.50000000000037,40.46714335387282,2021-05-01 10:32:50
88.82,1.3280121762731751,43.38,-0.558823529411762,0.17647058823529377,6.72,2.9999999999982947,0.06178028796017374,312.0,67.0,0.3961833617956599,96.00000000000009,40.528923641832996,2021-05-01 10:33:00
89.14,1.3223125166121599,42.48,-0.470588235294115,0.23529411764705846,6.72,5.999999999996675,0.09005560780029212,306.0,66.0,0.5259773241397568,96.99999999999953,40.61897924963329,2021-05-01 10:33:10
89.14,1.33371183593419,42.32,-0.470588235294115,0.22941176470588198,6.72,12.000000000004007,0.1801112156007442,306.0,66.0,0.397883730486502,99.0000000000002,40.79909046523404,2021-05-01 10:33:20
89.14,1.33371183593419,42.745000000000005,-0.41176470588235037,0.2117647058823526,6.57,2.9999999999982947,0.04502780390014542,306.0,66.0,0.5305116406486693,99.49999999999991,40.844118269134185,2021-05-01 10:33:30
89.14,1.4021073487202051,43.17,-0.2647058823529389,0.21176470588235263,6.42,2.99999999999838,0.0450278039001467,306.0,66.0,0.5577173793423658,99.99999999999964,40.88914607303433,2021-05-01 10:33:40
89.14,1.47050286150622,43.73,0.11617647058823738,0.1588235294117644,7.0200000000000005,11.999999999998721,0.18011121560066487,306.0,66.0,0.7311538975450779,101.99999999999943,41.069257288635,2021-05-01 10:33:50
89.75,1.47050286150622,42.51,0.3235294117647083,0.14117647058823496,6.72,6.000000000001961,0.026179855708487982,360.0,71.0,0.8773846770540936,102.99999999999976,41.095437144343485,2021-05-01 10:34:00
89.89,1.47050286150622,42.62,0.132352941176473,0.14117647058823496,6.72,6.000000000001961,0.011519165986803685,354.0,67.0,0.7311538975450779,104.00000000000009,41.10695631033029,2021-05-01 10:34:10
89.99,1.47050286150622,42.92,-0.39285714285714046,0.12352941176470558,6.72,5.99999999999676,0.001047197545879991,363.0,73.0,0.8773846770540936,104.99999999999955,41.10800350787617,2021-05-01 10:34:20
90.17,1.47050286150622,42.67,-0.7436974789915942,0.11764705882352912,7.38,6.000000000001961,-0.017802332250017178,361.0,68.0,0.8773846770540936,105.99999999999987,41.090201175626156,2021-05-01 10:34:30
90.17,1.47050286150622,42.48,-0.8235294117647035,0.0941176470588232,7.0200000000000005,6.000000000001961,-0.017802332250017178,361.0,68.0,0.8773846770540936,107.0000000000002,41.07239884337614,2021-05-01 10:34:40
90.17,1.47050286150622,43.91,-0.7941176470588212,0.0941176470588232,7.0200000000000005,11.999999999998721,-0.03560466450001892,361.0,68.0,1.023615456563109,108.99999999999999,41.03679417887612,2021-05-01 10:34:50
90.17,1.47050286150622,43.22,-0.6470588235294095,0.0823529411764703,7.0200000000000005,5.999999999996675,-0.017802332250001492,361.0,68.0,0.8773846770540936,109.99999999999943,41.01899184662612,2021-05-01 10:35:00
90.31,1.47050286150622,41.31,-0.588235294117645,0.0705882352941174,7.38,6.000000000002046,-0.03246296570119422,364.5,68.0,0.7311538975450779,110.99999999999977,40.98652888092493,2021-05-01 10:35:10
90.45,1.47050286150622,43.22,0.2058823529411784,0.2921568627450978,7.0200000000000005,11.999999999998636,-0.09424681066452588,368.0,68.0,0.7311538975450779,112.99999999999955,40.8922820702604,2021-05-01 10:35:20
90.45,1.47050286150622,44.69,1.7843137254901982,0.5819636678200688,6.72,6.000000000002046,-0.04712340533228437,368.0,68.0,0.5849231180360623,113.99999999999989,40.845158664928114,2021-05-01 10:35:30
90.67,1.47050286150622,45.48,1.9882352941176493,0.5272058823529409,7.0200000000000005,6.000000000001961,-0.07016063691149944,370.0,70.0,0.7311538975450779,115.00000000000021,40.77499802801661,2021-05-01 10:35:40
90.78,1.6528907063317602,43.73,0.9176470588235321,0.27058823529411724,7.0200000000000005,5.999999999996675,-0.08167888602445131,400.0,72.0,0.8218395990828824,115.99999999999966,40.69331914199216,2021-05-01 10:35:50
90.84,1.66428990830608,44.53,0.2352941176470615,0.25882352941176434,7.0200000000000005,6.000000000002046,-0.08796144317799434,426.0,68.0,0.9930089236465864,117.0,40.60535769881417,2021-05-01 10:36:00
90.94,1.66428990830608,44.9,0.3193277310924396,0.2529411764705879,7.0200000000000005,5.999999999996589,-0.09843215400811597,428.0,76.0,0.8275074363721553,117.99999999999943,40.50692554480605,2021-05-01 10:36:10
90.94,1.66428990830608,45.79,0.6554621848739521,0.22941176470588198,6.72,12.000000000004093,-0.196864308016411,428.0,76.0,0.6620059490977243,120.00000000000011,40.31006123678964,2021-05-01 10:36:20
90.94,1.6528907063317602,45.04,0.9915966386554644,0.19999999999999968,7.0200000000000005,5.999999999996589,-0.09843215400811597,428.0,76.0,0.1643679198165765,120.99999999999955,40.21162908278153,2021-05-01 10:36:30
91.11,1.6528907063317602,44.7,1.327731092436977,0.09999999999999973,6.72,6.000000000002046,-0.11623165720388104,435.0,74.0,0.657471679266306,121.99999999999989,40.095397425577644,2021-05-01 10:36:40
91.17,1.66428990830608,44.47,1.2352941176470615,0.035294117647058545,6.72,6.000000000002046,-0.12251359856884471,435.0,70.0,1.4895133854698797,123.00000000000023,39.9728838270088,2021-05-01 10:36:50
91.26,1.6528907063317602,43.73,3.608224830031759e-15,-0.005882352941176727,6.54,5.999999999996589,-0.13193625655495617,439.0,73.0,1.4793112783491884,123.99999999999966,39.84094757045384,2021-05-01 10:37:00
91.202,1.66428990830608,43.08,-1.17647058823529,-0.0235294117647061,6.72,6.000000000002046,-0.12586391280028256,440.0,73.0,1.4895133854698797,125.0,39.71508365765356,2021-05-01 10:37:10
91.144,1.66428990830608,43.48,-0.8823529411764668,-0.04705882352941195,7.0200000000000005,5.999999999996675,-0.11979144006848923,440.0,73.0,1.4895133854698797,125.99999999999945,39.59529221758507,2021-05-01 10:37:20
91.086,1.66428990830608,43.98,0.2941176470588255,-0.08823529411764719,7.0200000000000005,6.000000000001961,-0.11371884458267596,440.0,73.0,1.4895133854698797,126.99999999999977,39.48157337300239,2021-05-01 10:37:30
91.028,1.6528907063317602,43.88,0.5000000000000018,-0.11176470588235307,7.0200000000000005,6.000000000002046,-0.10764613256531735,440.0,73.0,0.1643679198165765,128.0000000000001,39.37392724043708,2021-05-01 10:37:40
90.97,1.6528907063317602,44.38,0.35294117647059053,-0.14117647058823543,6.72,5.999999999996589,-0.10157331023932831,438.5,75.0,1.4793112783491884,128.99999999999955,39.272353930197745,2021-05-01 10:37:50
90.78,1.66428990830608,44.01,0.38235294117647295,-0.14117647058823543,7.0200000000000005,6.000000000002046,-0.08167888602452443,432.0,74.0,1.4895133854698797,129.9999999999999,39.19067504417322,2021-05-01 10:38:00
90.59,1.66428990830608,44.58,0.7058823529411788,-0.12941176470588248,7.0200000000000005,6.000000000002046,-0.06178356361315569,432.0,74.0,1.4895133854698797,131.00000000000023,39.128891480560064,2021-05-01 10:38:10
90.39999999999999,1.6528907063317602,44.23,0.9411764705882375,-0.1352941176470589,6.72,11.999999999998636,-0.08377512357552731,432.0,74.0,1.4793112783491884,133.0,39.045116356984536,2021-05-01 10:38:20
90.21,1.66428990830608,44.08,0.6764705882352964,-0.1352941176470589,6.72,5.99999999999676,-0.021991099338330104,432.0,74.0,1.4895133854698797,133.99999999999946,39.02312525764621,2021-05-01 10:38:30
90.02,1.6528907063317602,43.62,-0.49999999999999795,-0.11764705882352954,7.0200000000000005,6.000000000001876,-0.0020943950598608188,444.0,70.0,1.314943358532612,134.99999999999977,39.02103086258634,2021-05-01 10:38:40
90.02,1.66428990830608,43.38,-1.6470588235294097,-0.12941176470588248,6.72,6.000000000002046,-0.002094395059860878,444.0,70.0,1.3240118981954485,136.0000000000001,39.01893646752648,2021-05-01 10:38:50
90.02,1.6528907063317602,43.78,-1.176470588235292,-0.14117647058823543,6.72,11.999999999998636,-0.004188790119719852,444.0,70.0,1.314943358532612,137.9999999999999,39.01474767740676,2021-05-01 10:39:00
90.02,1.6528907063317602,42.69,-0.15686274509803683,-0.1411764705882354,7.0200000000000005,6.000000000002046,-0.002094395059860878,444.0,70.0,1.4793112783491884,139.00000000000023,39.012653282346896,2021-05-01 10:39:10
90.02,1.6528907063317602,42.87,0.6764705882352964,-0.10000000000000012,6.42,0.0,-0.0,444.0,70.0,1.4793112783491884,139.00000000000023,39.012653282346896,2021-05-01 10:39:20
90.02,1.6528907063317602,43.86,0.5588235294117669,-0.11764705882352954,6.72,11.999999999998636,-0.004188790119719852,444.0,70.0,1.1505754387160354,141.0,39.008464492227176,2021-05-01 10:39:30
88.55,1.66428990830608,43.68,0.41176470588235503,-0.11764705882352954,7.0200000000000005,5.99999999999676,0.15182743719309627,442.0,76.0,1.4895133854698797,141.99999999999946,39.160291929420275,2021-05-01 10:39:40
88.4,1.6528907063317602,42.98,0.35294117647059053,-0.13529411764705895,7.0200000000000005,6.000000000002046,0.16752983234146981,436.0,74.0,1.314943358532612,142.9999999999998,39.32782176176175,2021-05-01 10:39:50
88.27,1.66428990830608,43.504999999999995,0.35294117647059053,-0.14117647058823543,7.0200000000000005,9.000000000000341,0.2717064748215818,437.0,71.0,1.3240118981954485,144.49999999999986,39.59952823658333,2021-05-01 10:40:00
88.27,1.6528907063317602,44.0,0.3823529411764728,-0.13529411764705895,6.945,6.000000000001876,0.1811376498811043,437.0,71.0,1.4793112783491884,145.50000000000017,39.78066588646443,2021-05-01 10:40:10
88.27,1.66428990830608,44.495000000000005,0.5294117647058844,-0.11764705882352954,6.87,6.000000000002046,0.18113764988110945,437.0,71.0,1.3240118981954485,146.5000000000005,39.96180353634554,2021-05-01 10:40:20
88.27,1.66428990830608,42.77,0.7058823529411787,-0.1058823529411766,6.72,8.999999999995055,0.2717064748214222,437.0,71.0,1.3240118981954485,147.9999999999997,40.23351001116696,2021-05-01 10:40:30
88.12,1.6528907063317602,43.17,0.7941176470588259,-0.09411764705882365,6.72,6.000000000002046,0.1968378146168056,437.0,69.5,1.4793112783491884,149.00000000000003,40.43034782578377,2021-05-01 10:40:40
87.97,1.6528907063317602,42.57,0.8529411764705905,-0.09411764705882368,6.72,5.999999999996589,0.2125366302479684,437.0,68.0,1.4793112783491884,149.99999999999946,40.64288445603174,2021-05-01 10:40:50
87.97,1.6528907063317602,42.87,0.9117647058823553,-0.10000000000000014,6.42,12.000000000004093,0.4250732604963234,437.0,68.0,1.314943358532612,152.00000000000014,41.06795771652806,2021-05-01 10:41:00
87.88,1.65859030731892,43.04,0.5882352941176494,-0.1411764705882354,6.57,2.9999999999982947,0.11097761364777305,446.0,73.0,1.484412331909534,152.49999999999986,41.17893533017584,2021-05-01 10:41:10
87.88,1.66428990830608,43.21,0.35294117647059053,-0.16470588235294129,6.72,2.9999999999982947,0.11097761364777305,446.0,73.0,1.4895133854698797,152.99999999999957,41.289912943823616,2021-05-01 10:41:20
87.88,1.66428990830608,42.62,0.794117647058826,-0.16470588235294129,7.0200000000000005,12.000000000004093,0.4439104545914959,446.0,73.0,1.3240118981954485,155.00000000000026,41.73382339841511,2021-05-01 10:41:30
87.88,1.65859030731892,43.45,1.7647058823529438,-0.12352941176470603,6.87,2.9999999999982947,0.11097761364777305,446.0,73.0,1.484412331909534,155.49999999999997,41.84480101206289,2021-05-01 10:41:40
87.88,1.6528907063317602,44.28,2.647058823529414,-0.06470588235294134,6.72,2.9999999999982947,0.11097761364777305,446.0,73.0,1.4793112783491884,155.9999999999997,41.955778625710664,2021-05-01 10:41:50
87.88,1.6528907063317602,45.29,3.1176470588235325,-0.04705882352941193,7.0200000000000005,11.999999999998806,0.4439104545913004,446.0,73.0,1.314943358532612,157.9999999999995,42.39968908030197,2021-05-01 10:42:00
88.195,1.6528907063317602,46.76,2.529411764705885,-0.11764705882352956,6.72,12.000000000003922,0.3779757883235163,444.5,74.0,1.1505754387160354,160.00000000000014,42.777664868625486,2021-05-01 10:42:10
88.51,1.65859030731892,45.285,1.9117647058823555,-0.14117647058823543,6.57,2.9999999999982947,0.07800742437876398,443.0,75.0,1.484412331909534,160.49999999999986,42.85567229300425,2021-05-01 10:42:20
88.51,1.66428990830608,43.81,1.3529411764705905,-0.1470588235294119,6.42,2.9999999999984652,0.07800742437876843,443.0,75.0,1.3240118981954485,160.9999999999996,42.933679717383015,2021-05-01 10:42:30
88.51,1.6528907063317602,44.28,1.2058823529411788,-0.08823529411764719,6.72,11.999999999998636,0.3120296975151978,443.0,75.0,1.4793112783491884,162.99999999999937,43.245709414898215,2021-05-01 10:42:40
88.51,1.6528907063317602,44.01,1.4117647058823555,-0.04705882352941193,6.72,6.000000000002046,0.15601484875766988,443.0,75.0,1.314943358532612,163.99999999999972,43.401724263655886,2021-05-01 10:42:50
88.51,1.66428990830608,43.73,1.617647058823532,-0.005882352941176689,6.72,6.000000000001876,0.15601484875766544,443.0,75.0,1.4895133854698797,165.00000000000003,43.55773911241355,2021-05-01 10:43:00
88.51,1.6528907063317602,45.34,1.5588235294117672,0.0705882352941174,6.72,5.99999999999676,0.1560148487575324,443.0,75.0,1.4793112783491884,165.9999999999995,43.71375396117108,2021-05-01 10:43:10
88.51,1.66428990830608,44.98,1.294117647058826,0.06470588235294092,6.42,6.000000000002046,0.15601484875766988,443.0,75.0,1.4895133854698797,166.99999999999983,43.86976880992875,2021-05-01 10:43:20
88.51,1.66428990830608,45.29,1.294117647058826,0.02352941176470563,6.72,11.999999999998636,0.3120296975151978,443.0,75.0,1.1585104109210176,168.9999999999996,44.18179850744395,2021-05-01 10:43:30
88.51,1.66428990830608,44.53,1.2058823529411788,-0.03529411764705902,7.0200000000000005,6.000000000002046,0.15601484875766988,443.0,75.0,1.3240118981954485,169.99999999999994,44.33781335620162,2021-05-01 10:43:40
88.74000000000001,1.6528907063317602,45.29,0.382352941176473,-0.06470588235294134,6.42,5.999999999996589,0.1319362565549547,443.0,81.5,1.314943358532612,170.99999999999937,44.46974961275658,2021-05-01 10:43:50
88.97,1.6528907063317602,46.04,-0.08823529411764525,-0.0705882352941178,7.0200000000000005,0.0,0.0,443.0,88.0,1.314943358532612,170.99999999999937,44.46974961275658,2021-05-01 10:44:00
89.03,1.66428990830608,49.8,0.7058823529411775,-0.0705882352941178,6.72,12.000000000004093,0.20314662047884136,439.0,81.0,1.1585104109210176,173.00000000000006,44.67289623323542,2021-05-01 10:44:10
89.03,1.66428990830608,47.61,0.5882352941176483,-0.0705882352941178,6.72,5.999999999996589,0.10157331023932831,439.0,81.0,1.3240118981954485,173.9999999999995,44.77446954347475,2021-05-01 10:44:20
89.03,1.6528907063317602,46.55,0.11764705882353144,-0.0705882352941178,6.72,6.000000000002046,0.10157331023942068,439.0,81.0,1.314943358532612,174.99999999999983,44.876042853714175,2021-05-01 10:44:30
89.03,1.6528907063317602,46.29,-0.3529411764705854,-0.05294117647058841,6.72,6.000000000002046,0.10157331023942068,439.0,81.0,1.314943358532612,176.00000000000017,44.9776161639536,2021-05-01 10:44:40
89.03,1.6528907063317602,45.83,-0.8235294117647023,-0.06470588235294134,7.0200000000000005,5.999999999996589,0.10157331023932831,439.0,81.0,1.314943358532612,176.9999999999996,45.07918947419293,2021-05-01 10:44:50
89.03,1.66428990830608,44.69,-0.8823529411764668,-0.047058823529411944,6.72,6.000000000002046,0.10157331023942068,439.0,81.0,0.9930089236465864,177.99999999999994,45.18076278443235,2021-05-01 10:45:00
89.03,1.66428990830608,44.79,0.2941176470588255,-0.0705882352941178,6.42,11.999999999998636,0.20314662047874898,439.0,81.0,0.9930089236465864,179.99999999999972,45.3839094049111,2021-05-01 10:45:10
89.03,1.6528907063317602,45.65,0.8529411764705903,-0.11176470588235307,6.72,6.000000000002046,0.10157331023942068,439.0,81.0,0.986207518899459,181.00000000000006,45.485482715150525,2021-05-01 10:45:20
89.43,1.6528907063317602,45.59,1.0294117647058847,-0.11764705882352954,6.72,5.999999999996589,0.059689275830211504,459.0,82.0,1.314943358532612,181.9999999999995,45.545171990980734,2021-05-01 10:45:30
89.63,1.6528907063317602,46.04,1.5000000000000027,-0.11176470588235307,7.38,6.000000000002046,0.03874604009427788,454.0,84.0,1.314943358532612,182.99999999999983,45.583918031075015,2021-05-01 10:45:40
89.63,1.66428990830608,45.59,2.3529411764705905,-0.08235294117647074,7.0200000000000005,6.000000000002046,0.03874604009427788,454.0,84.0,1.3240118981954485,184.00000000000017,45.6226640711693,2021-05-01 10:45:50
89.63,1.66428990830608,47.86,2.852941176470591,-0.03529411764705895,7.0200000000000005,11.999999999998636,0.07749208018852052,454.0,84.0,1.3240118981954485,185.99999999999994,45.70015615135782,2021-05-01 10:46:00
90.01,1.66428990830608,47.67,3.647058823529415,-0.023529411764706,7.199999999999999,2.9999999999982947,-0.0005235987729399807,454.0,83.0,1.4895133854698797,186.49999999999966,45.69963255258487,2021-05-01 10:46:10
90.01,1.65859030731892,47.48,4.323529411764708,-0.0176470588235295,7.38,2.9999999999982947,-0.0005235987729399807,454.0,83.0,1.484412331909534,186.99999999999937,45.69910895381193,2021-05-01 10:46:20
90.01,1.6528907063317602,47.51,4.558823529411767,0.0,6.42,12.000000000004093,-0.0020943950917618275,454.0,83.0,1.1505754387160354,189.00000000000006,45.69701455872017,2021-05-01 10:46:30
90.01,1.65859030731892,47.555,4.529411764705885,0.0,6.57,2.9999999999982947,-0.0005235987729399807,454.0,83.0,1.3194776283640304,189.49999999999977,45.696490959947226,2021-05-01 10:46:40
90.01,1.66428990830608,47.6,4.676470588235296,-0.0176470588235295,6.72,2.9999999999982947,-0.0005235987729399807,454.0,83.0,1.4895133854698797,189.9999999999995,45.69596736117428,2021-05-01 10:46:50
90.18,1.66428990830608,49.16,4.617647058823532,-0.023529411764706,6.72,12.000000000004093,-0.03769904983056904,464.0,77.0,1.3240118981954485,192.00000000000017,45.65826831134371,2021-05-01 10:47:00
90.18,1.66428990830608,46.9,4.029411764705885,-0.01764705882352954,7.0200000000000005,5.999999999996589,-0.01884952491526738,464.0,77.0,1.3240118981954485,192.9999999999996,45.63941878642844,2021-05-01 10:47:10
90.18,1.6528907063317602,48.04,4.680147058823532,0.09607843137254883,6.87,6.000000000002046,-0.01884952491528452,464.0,77.0,1.314943358532612,193.99999999999994,45.62056926151316,2021-05-01 10:47:20
90.18,1.65859030731892,49.18,6.4779411764705905,0.40392156862745077,6.72,5.99999999999676,-0.018849524915267916,464.0,77.0,1.3194776283640304,194.9999999999994,45.60171973659789,2021-05-01 10:47:30
90.21,1.66428990830608,56.27,5.859335038363174,0.2117647058823527,6.72,6.000000000001876,-0.021991099338348856,469.0,81.0,1.3240118981954485,195.99999999999972,45.57972863725954,2021-05-01 10:47:40
90.21,1.6528907063317602,55.16,4.668797953964197,0.12352941176470567,6.72,11.999999999998806,-0.04398219867667959,469.0,81.0,1.1505754387160354,197.99999999999952,45.53574643858286,2021-05-01 10:47:50
90.12,1.6528907063317602,55.77,3.029411764705885,0.02352941176470565,6.72,6.000000000001876,-0.012566361427320647,468.0,81.0,1.1505754387160354,198.99999999999983,45.523180077155544,2021-05-01 10:48:00
90.03,1.6528907063317602,59.45,1.5882352941176494,-0.07058823529411781,6.42,6.000000000002046,-0.003141592510043408,467.0,81.0,1.314943358532612,200.00000000000017,45.520038484645504,2021-05-01 10:48:10
89.99,1.6528907063317602,57.86,0.6764705882352966,-0.11176470588235313,6.72,5.99999999999676,0.001047197545879991,447.0,85.0,1.314943358532612,200.99999999999963,45.521085682191384,2021-05-01 10:48:20
89.99,1.6528907063317602,56.27,0.23529411764706185,-0.13529411764705895,7.0200000000000005,6.000000000001876,0.001047197545880884,447.0,85.0,1.314943358532612,201.99999999999994,45.52213287973726,2021-05-01 10:48:30
89.85,1.66428990830608,57.45,0.26470588235294373,-0.11764705882352954,6.72,5.99999999999676,0.015707945324500074,445.0,83.0,1.3240118981954485,202.9999999999994,45.537840825061764,2021-05-01 10:48:40
89.87,1.66428990830608,56.98,0.3823529411764728,-0.11764705882352954,6.42,6.000000000002046,0.013613556485043421,438.0,85.0,1.1585104109210176,203.99999999999974,45.551454381546804,2021-05-01 10:48:50
89.86,1.6528907063317602,57.78,0.47058823529411953,-0.11764705882352954,7.0200000000000005,6.000000000001876,0.01466075112807426,436.0,84.0,1.314943358532612,205.00000000000006,45.56611513267488,2021-05-01 10:49:00
89.86,1.6528907063317602,57.73,0.11764705882353117,-0.11764705882352954,6.72,11.999999999998806,0.029321502256136434,426.0,86.0,1.314943358532612,206.99999999999986,45.59543663493102,2021-05-01 10:49:10
89.9,1.66428990830608,57.73,-0.3529411764705862,-0.10000000000000014,6.72,6.000000000001876,0.01047197019539253,411.0,81.0,1.3240118981954485,208.00000000000017,45.60590860512641,2021-05-01 10:49:20
89.9,1.6528907063317602,56.75,-1.014705882352939,-0.05294117647058841,6.72,5.99999999999676,0.010471970195383602,411.0,81.0,0.986207518899459,208.99999999999963,45.61638057532179,2021-05-01 10:49:30
89.9,1.66428990830608,54.46,-1.382352941176468,0.005882352941176226,6.72,6.000000000002046,0.01047197019539283,411.0,81.0,0.33100297454886213,209.99999999999997,45.62685254551718,2021-05-01 10:49:40
89.9,1.6528907063317602,52.33,-1.2941176470588207,0.011764705882352684,6.72,5.999999999996589,0.010471970195383304,411.0,81.0,1.4793112783491884,210.9999999999994,45.637324515712564,2021-05-01 10:49:50
90.25,1.6528907063317602,50.88,-1.2058823529411735,-0.035294117647058997,6.72,12.000000000004093,-0.05235971141697671,422.0,91.0,1.314943358532612,213.00000000000009,45.58496480429559,2021-05-01 10:50:00
90.25,1.6528907063317602,50.510000000000005,0.16470588235294398,-0.029411764705882526,6.72,2.9999999999982947,-0.013089927854232273,422.0,91.0,1.314943358532612,213.4999999999998,45.571874876441356,2021-05-01 10:50:10
90.25,1.6528907063317602,50.14,1.9529411764705906,0.1944741532976824,6.72,2.9999999999982947,-0.013089927854232273,422.0,91.0,1.314943358532612,213.99999999999952,45.558784948587125,2021-05-01 10:50:20
90.36,1.65859030731892,50.33,3.2352941176470615,0.5112299465240638,6.72,6.000000000002046,-0.037698863793366504,441.0,96.0,1.1545429248185264,214.99999999999986,45.52108608479376,2021-05-01 10:50:30
90.38499999999999,1.66428990830608,50.63,1.7647058823529433,0.31839572192513343,6.72,11.999999999998636,-0.08063360464529247,450.5,96.0,1.1585104109210176,216.99999999999963,45.440452480148465,2021-05-01 10:50:40
90.41,1.66428990830608,51.69,-0.11764705882352722,0.11647058823529387,7.0200000000000005,6.000000000002046,-0.04293473317621407,460.0,96.0,1.3240118981954485,217.99999999999997,45.39751774697225,2021-05-01 10:50:50
90.41,1.66428990830608,49.57,-0.588235294117645,0.0470588235294116,6.72,5.99999999999676,-0.04293473317617624,460.0,96.0,1.1585104109210176,218.99999999999943,45.35458301379607,2021-05-01 10:51:00
90.39,1.66428990830608,49.12,-0.6176470588235272,0.05294117647058805,6.72,12.000000000003922,-0.08168077824676832,427.0,98.0,0.9930089236465864,221.00000000000009,45.2729022355493,2021-05-01 10:51:10
90.4,1.66428990830608,49.17,0.8823529411764728,0.16470588235294092,6.72,5.99999999999676,-0.04188756178774729,426.0,97.0,1.3240118981954485,221.99999999999955,45.23101467376156,2021-05-01 10:51:20
90.4,1.69848763536216,50.38,3.3529411764705905,0.24117647058823505,6.72,6.000000000001876,-0.041887561787783,426.0,97.0,1.3512176135503982,222.99999999999986,45.189127111973775,2021-05-01 10:51:30
90.46,1.68708843338784,49.06,3.647058823529414,0.2705882352941174,6.42,6.000000000002046,-0.048170569862394604,453.0,93.0,1.3421490738875614,224.0000000000002,45.14095654211138,2021-05-01 10:51:40
90.46,1.68708843338784,50.13,3.3529411764705905,0.2470588235294115,6.72,5.99999999999676,-0.04817056986235216,453.0,93.0,1.3421490738875614,224.99999999999966,45.09278597224903,2021-05-01 10:51:50
90.48,1.68708843338784,49.62,3.0882352941176494,0.21764705882352914,8.280000000000001,6.000000000001876,-0.050264894488639814,471.0,95.5,1.3421490738875614,225.99999999999997,45.04252107776039,2021-05-01 10:52:00
90.53999999999999,1.6927880343750001,50.125,3.1176470588235317,0.24705882352941144,7.5,5.99999999999676,-0.056547830598832664,467.0,98.0,1.1783479257541074,226.99999999999943,44.98597324716156,2021-05-01 10:52:10
90.6,1.69848763536216,50.63,2.8823529411764737,0.2411764705882349,6.72,6.000000000002046,-0.06283070469749559,473.0,88.0,1.1823154118565986,227.99999999999977,44.92314254246406,2021-05-01 10:52:20
90.75,1.69848763536216,49.57,2.47058823529412,0.21764705882352908,6.72,6.000000000001876,-0.0785375734280912,461.0,84.0,1.1823154118565986,229.00000000000009,44.84460496903597,2021-05-01 10:52:30
90.9,1.69848763536216,50.73,2.5574229691876775,0.1999999999999997,6.72,5.99999999999676,-0.09424390387087374,464.0,81.0,1.1823154118565986,229.99999999999955,44.750361065165094,2021-05-01 10:52:40
90.9,1.69848763536216,49.905,2.8300653594771266,0.152941176470588,6.72,9.000000000000341,-0.1413658558063923,464.0,81.0,1.1823154118565986,231.4999999999996,44.6089952093587,2021-05-01 10:52:50
90.9,1.69848763536216,49.96,3.1027077497665756,0.14117647058823507,6.72,9.000000000000341,-0.1413658558063923,464.0,81.0,1.3512176135503982,232.99999999999966,44.46762935355231,2021-05-01 10:53:00
91.15,1.69848763536216,50.77,3.3753501400560246,0.14117647058823507,6.72,6.000000000002046,-0.1204196327015759,444.0,88.0,1.3512176135503982,234.0,44.347209720850735,2021-05-01 10:53:10
91.15,1.6927880343750001,49.655,3.6479925303454737,0.07647058823529386,6.72,8.999999999994884,-0.18062944905219955,444.0,88.0,1.3466833437189798,235.49999999999915,44.16658027179854,2021-05-01 10:53:20
91.15,1.69848763536216,50.01,3.920634920634923,0.02941176470588207,6.72,9.000000000005798,-0.1806294490524186,444.0,88.0,1.1823154118565986,237.0000000000001,43.98595082274612,2021-05-01 10:53:30
91.15,1.69848763536216,47.96,4.193277310924373,0.1882352941176468,6.119999999999999,0.0,-0.0,444.0,88.0,1.3512176135503982,237.0000000000001,43.98595082274612,2021-05-01 10:53:40
91.44,1.68708843338784,49.27,4.465919701213821,0.36470588235294094,7.0200000000000005,5.999999999996589,-0.1507805726599389,447.0,84.0,1.5099177081235065,237.99999999999955,43.83517025008618,2021-05-01 10:53:50
91.42,1.68708843338784,50.33,4.738562091503271,0.39411764705882335,6.72,6.000000000002046,-0.14868682984654238,470.0,84.0,1.5099177081235065,238.9999999999999,43.68648342023964,2021-05-01 10:54:00
91.4,1.69848763536216,49.32,5.011204481792719,0.42566844919786073,6.72,6.000000000002046,-0.1465930689159695,493.0,84.0,1.520119815244198,240.00000000000023,43.53989035132367,2021-05-01 10:54:10
91.38,1.50470059234771,50.31,5.161764705882356,0.5194890077243016,7.0200000000000005,5.999999999996589,-0.14449929012334292,385.0,88.0,1.3466834487433412,240.99999999999966,43.39539106120033,2021-05-01 10:54:20
91.38,1.50470059234771,53.155,5.500000000000003,0.649673202614379,6.72,9.000000000000341,-0.21674893518514582,385.0,88.0,1.3466834487433412,242.49999999999972,43.178642126015184,2021-05-01 10:54:30
91.39,1.51609968075973,54.46,6.000000000000003,0.7117647058823529,7.0200000000000005,9.000000000000341,-0.21831927260470937,540.0,94.0,1.356885454227554,243.99999999999977,42.960322853410474,2021-05-01 10:54:40
91.345,1.50470059234771,56.98,6.441176470588237,0.6882352941176468,6.72,6.000000000002046,-0.1408351350237193,498.0,89.5,1.3466834487433412,245.0000000000001,42.81948771838675,2021-05-01 10:54:50
91.33,1.51609968075973,55.35,6.7352941176470615,0.4999999999999997,5.82,5.999999999996589,-0.13926476667044355,511.0,85.0,1.356885454227554,245.99999999999955,42.68022295171631,2021-05-01 10:55:00
91.33,1.50470059234771,54.76,6.941176470588237,0.4352941176470586,6.119999999999999,6.000000000002046,-0.13926476667057022,511.0,85.0,1.3466834487433412,246.9999999999999,42.54095818504574,2021-05-01 10:55:10
91.33,1.50470059234771,55.44,7.147058823529414,0.42352941176470565,6.57,6.000000000002046,-0.13926476667057022,511.0,85.0,1.3466834487433412,248.00000000000023,42.40169341837517,2021-05-01 10:55:20
91.3,1.50470059234771,55.16,7.264705882352944,0.44117647058823506,6.119999999999999,11.999999999998636,-0.2722480028733448,502.0,90.0,1.1970519544385254,250.0,42.12944541550182,2021-05-01 10:55:30
91.28,1.51609968075973,55.77,7.617647058823531,0.47647058823529387,5.82,0.0,-0.0,537.0,83.0,1.356885454227554,250.0,42.12944541550182,2021-05-01 10:55:40
91.225,1.50470059234771,55.42,7.500000000000002,0.48823529411764677,6.72,5.999999999996589,-0.12827192696426287,547.0,84.0,1.3466834487433412,250.99999999999943,42.00117348853756,2021-05-01 10:55:50
91.17,1.50470059234771,54.76,6.764705882352944,0.4470588235294115,6.119999999999999,6.000000000002046,-0.12251359856884471,537.0,85.0,1.3466834487433412,251.99999999999977,41.878659889968716,2021-05-01 10:56:00
91.15,1.50470059234771,56.61,6.029411764705885,0.42352941176470565,5.52,6.000000000002046,-0.1204196327015759,515.0,77.0,1.3466834487433412,253.0000000000001,41.75824025726714,2021-05-01 10:56:10
91.15,1.50470059234771,55.77,5.117647058823532,0.44117647058823506,5.82,5.999999999996589,-0.12041963270146637,474.0,79.0,1.3466834487433412,253.99999999999955,41.63782062456568,2021-05-01 10:56:20
91.12,1.51609968075973,53.45,4.1862745098039245,0.5058823529411762,5.52,6.000000000002046,-0.11727865646896665,432.0,82.0,1.356885454227554,254.9999999999999,41.52054196809671,2021-05-01 10:56:30
91.12,1.50470059234771,51.99,2.0000000000000027,0.552941176470588,5.82,6.000000000002046,-0.11727865646896665,442.0,82.0,1.3466834487433412,256.0000000000002,41.40326331162774,2021-05-01 10:56:40
91.12,1.50470059234771,52.09,1.1764705882352964,0.5882352941176469,5.82,5.999999999996589,-0.11727865646885999,452.0,82.0,1.3466834487433412,256.99999999999966,41.28598465515888,2021-05-01 10:56:50
91.12,1.50470059234771,52.09,0.9117647058823553,0.5882352941176469,5.82,6.000000000002046,-0.11727865646896665,452.0,82.0,1.3466834487433412,258.0,41.16870599868991,2021-05-01 10:57:00
91.12,1.51609968075973,50.53,0.8235294117647083,0.552941176470588,6.119999999999999,5.999999999996589,-0.11727865646885999,452.0,82.0,1.356885454227554,258.99999999999943,41.05142734222105,2021-05-01 10:57:10
91.01375,1.50470059234771,53.8,1.7386554621848762,0.48823529411764677,5.82,6.000000000002046,-0.10615411292423951,409.0,77.0,1.3466834487433412,259.9999999999998,40.94527322929681,2021-05-01 10:57:20
90.9075,1.51609968075973,50.88,1.336134453781515,0.4470588235294115,5.82,6.000000000002046,-0.0950292043320669,409.0,77.0,1.356885454227554,261.0000000000001,40.850244024964745,2021-05-01 10:57:30
90.80125,1.50470059234771,49.32,0.5882352941176494,0.3882352941176468,5.82,5.999999999996589,-0.08390396894919885,409.0,77.0,1.3466834487433412,261.99999999999955,40.766340056015544,2021-05-01 10:57:40
90.695,1.50470059234771,50.19,0.5882352941176487,0.35882352941176443,6.119999999999999,6.000000000002046,-0.0727784450338144,409.0,77.0,1.3466834487433412,262.9999999999999,40.69356161098173,2021-05-01 10:57:50
90.58875,1.50470059234771,48.74,1.2352941176470607,0.31764705882352906,5.82,6.000000000002046,-0.06165267084462846,409.0,77.0,1.3466834487433412,264.0000000000002,40.6319089401371,2021-05-01 10:58:00
90.4825,1.50470059234771,48.93,2.098039215686277,0.28235294117647036,5.82,5.999999999996589,-0.05052668464147137,409.0,77.0,1.3466834487433412,264.99999999999966,40.58138225549563,2021-05-01 10:58:10
90.37625,1.51609968075973,49.48,2.960784313725493,0.27058823529411735,5.82,6.000000000002046,-0.03940052468501457,409.0,77.0,1.356885454227554,266.0,40.54198173081062,2021-05-01 10:58:20
90.27,1.50470059234771,50.88,3.176470588235297,0.241176470588235,5.82,5.999999999996589,-0.02827422923622405,381.0,80.0,1.3466834487433412,266.99999999999943,40.513707501574395,2021-05-01 10:58:30
90.21,1.50470059234771,51.67,3.0882352941176494,0.21764705882352905,6.119999999999999,6.000000000002046,-0.02199109933834948,441.0,82.0,1.3466834487433412,267.9999999999998,40.491716402236044,2021-05-01 10:58:40
90.12,1.50470059234771,49.92,2.794117647058826,0.10588235294117618,5.82,6.000000000002046,-0.012566361427321005,450.0,83.0,1.3466834487433412,269.0000000000001,40.479150040808726,2021-05-01 10:58:50
90.11,1.50470059234771,49.53,2.264705882352944,0.0705882352941174,6.119999999999999,5.999999999996589,-0.011519165986793372,414.0,78.0,1.1970519544385254,269.99999999999955,40.467630874821936,2021-05-01 10:59:00
90.18,1.50470059234771,49.92,1.9411764705882377,0.09411764705882325,6.72,6.000000000002046,-0.01884952491528452,391.5,81.0,1.3466834487433412,270.9999999999999,40.44878134990665,2021-05-01 10:59:10
90.25,1.50470059234771,50.49,1.794117647058826,0.13529411764705856,6.119999999999999,6.000000000002046,-0.026179855708488357,369.0,84.0,1.3466834487433412,272.0000000000002,40.42260149419816,2021-05-01 10:59:20
90.25,1.5104001365537199,49.644999999999996,1.544117647058826,0.15882352941176442,5.970000000000001,2.9999999999982947,-0.013089927854232273,369.0,84.0,1.3517844514854476,272.49999999999994,40.40951156634393,2021-05-01 10:59:30
90.25,1.51609968075973,47.71,1.2500000000000022,0.07647058823529387,6.119999999999999,9.000000000000341,-0.03926978356272063,369.0,84.0,1.356885454227554,274.0,40.37024178278121,2021-05-01 10:59:40
90.66,1.50470059234771,47.85,0.9558823529411783,0.011764705882352705,5.82,5.9999999999969305,-0.06911350989447833,362.0,98.0,1.3466834487433412,274.9999999999995,40.30112827288673,2021-05-01 10:59:50
90.66,1.50470059234771,47.71,0.6617647058823545,-0.05882352941176488,5.82,6.000000000001705,-0.06911350989453333,362.0,98.0,1.3466834487433412,275.9999999999998,40.23201476299219,2021-05-01 11:00:00
90.89,1.51609968075973,48.16,0.41176470588235503,-0.11176470588235307,5.52,6.000000000002046,-0.09319683407982159,204.5,85.0,1.356885454227554,277.0000000000001,40.138817928912374,2021-05-01 11:00:10
90.89,1.50470059234771,48.16,-0.4117647058823498,-0.11176470588235307,5.82,5.9999999999969305,-0.09319683407974212,347.0,85.0,1.3466834487433412,277.9999999999996,40.04562109483263,2021-05-01 11:00:20
90.9,1.5104001365537199,46.79,-1.1764705882352902,-0.08823529411764722,6.119999999999999,0.0,-0.0,348.0,82.0,1.3517844514854476,277.9999999999996,40.04562109483263,2021-05-01 11:00:30
90.9,1.50470059234771,45.09,-1.1764705882352904,-0.08235294117647074,5.82,6.000000000001705,-0.09424390387095143,348.0,82.0,1.3466834487433412,278.9999999999999,39.95137719096168,2021-05-01 11:00:40
90.9,1.51609968075973,46.5,-1.17647058823529,-0.09411764705882368,5.37,9.000000000000682,-0.14136585580639766,348.0,82.0,1.356885454227554,280.5,39.81001133515528,2021-05-01 11:00:50
90.765,1.50470059234771,46.35,-0.41176470588234965,-0.09411764705882368,3.0599999999999996,2.9999999999982947,-0.040054116235750954,350.0,86.5,1.3466834487433412,280.9999999999997,39.76995721891953,2021-05-01 11:01:00
90.63,1.50470059234771,44.67,0.32352941176470823,-0.10000000000000017,3.0599999999999996,6.000000000001705,-0.0659721163393276,352.0,91.0,1.3466834487433412,282.0,39.703985102580205,2021-05-01 11:01:10
90.68,1.50470059234771,43.43,0.2352941176470615,-0.12352941176470605,3.0599999999999996,0.0,-0.0,353.0,88.0,1.3466834487433412,282.0,39.703985102580205,2021-05-01 11:01:20
90.68,1.50470059234771,43.98,0.2352941176470615,-0.14117647058823543,2.76,5.9999999999969305,-0.0712077617911877,353.0,88.0,1.3466834487433412,282.9999999999995,39.63277734078902,2021-05-01 11:01:30
90.68,1.50470059234771,43.6,0.3235294117647083,-0.12352941176470605,2.76,0.0,-0.0,353.0,88.0,1.3466834487433412,282.9999999999995,39.63277734078902,2021-05-01 11:01:40
90.68,1.50470059234771,44.23,0.35294117647059053,-0.1176470588235296,3.0599999999999996,6.000000000002046,-0.07120776179124842,353.0,88.0,1.3466834487433412,283.99999999999983,39.56156957899777,2021-05-01 11:01:50
90.745,1.50470059234771,41.21,0.3235294117647083,-0.1176470588235296,2.76,0.0,-0.0,349.5,88.5,1.3466834487433412,283.99999999999983,39.56156957899777,2021-05-01 11:02:00
90.74,1.50470059234771,41.81,0.2352941176470615,-0.12352941176470605,2.76,6.000000000001705,-0.07749046440196672,353.0,91.0,1.3466834487433412,285.0000000000001,39.4840791145958,2021-05-01 11:02:10
90.68,1.50470059234771,44.17,-0.5294117647058796,-0.11764705882352955,3.0599999999999996,0.0,-0.0,357.0,89.0,1.3466834487433412,285.0000000000001,39.4840791145958,2021-05-01 11:02:20
90.68,1.50470059234771,44.67,-1.382352941176468,-0.11176470588235313,2.76,0.0,-0.0,357.0,89.0,1.3466834487433412,285.0000000000001,39.4840791145958,2021-05-01 11:02:30
90.62,1.50470059234771,45.0,-1.6470588235294097,-0.11764705882352959,3.0599999999999996,5.9999999999969305,-0.06492498109242721,352.0,87.0,1.3466834487433412,285.9999999999996,39.419154133503376,2021-05-01 11:02:40
90.62,1.50470059234771,43.955,-1.6176470588235274,-0.123529411764706,2.91,2.9999999999982947,-0.03246249054621176,352.0,87.0,1.3466834487433412,286.4999999999993,39.38669164295717,2021-05-01 11:02:50
90.595,1.50470059234771,43.08,-1.5882352941176452,-0.15294117647058836,3.0599999999999996,3.0000000000037517,-0.031153567196315148,349.0,86.0,1.3466834487433412,286.99999999999994,39.355538075760855,2021-05-01 11:03:00
90.57,1.51609968075973,42.77,-1.0294117647058798,-0.16470588235294129,3.36,5.999999999996589,-0.059689275830211504,346.0,85.0,1.356885454227554,287.9999999999994,39.295848799930646,2021-05-01 11:03:10
90.61,1.5104001365537199,44.58,-0.20588235294117307,-0.16470588235294129,3.66,0.0,-0.0,342.0,85.0,1.3517844514854476,287.9999999999994,39.295848799930646,2021-05-01 11:03:20
90.61,1.50470059234771,44.870000000000005,0.0882352941176503,-0.14117647058823543,4.11,3.0000000000037517,-0.031938921933981186,342.0,85.0,1.3466834487433412,288.5,39.26390987799667,2021-05-01 11:03:30
90.67,1.50470059234771,44.24,0.41176470588235525,-0.1294117647058825,4.62,9.000000000000341,-0.10524095536721877,342.0,82.0,1.3466834487433412,290.00000000000006,39.158668922629445,2021-05-01 11:03:40
90.78999999999999,1.51609968075973,46.81,0.5882352941176494,-0.09411764705882368,4.62,0.0,-0.0,345.5,81.5,1.356885454227554,290.00000000000006,39.158668922629445,2021-05-01 11:03:50
90.91,1.50470059234771,47.98,0.5882352941176494,-0.09411764705882368,5.52,5.999999999996589,-0.09529097079117038,349.0,81.0,1.3466834487433412,290.9999999999995,39.06337795183828,2021-05-01 11:04:00
91.18,1.50470059234771,47.43,0.5882352941176487,-0.07647058823529426,5.82,6.000000000002046,-0.12356057592045987,363.0,84.0,1.3466834487433412,291.99999999999983,38.93981737591782,2021-05-01 11:04:10
91.3,1.50470059234771,44.38,0.846153846153848,-0.017647058823529606,6.119999999999999,6.000000000002046,-0.13612400143673428,375.0,81.0,1.3466834487433412,293.00000000000017,38.803693374481085,2021-05-01 11:04:20
91.39,1.50470059234771,44.38,1.1900452488687805,-2.299747693866396e-16,6.119999999999999,5.999999999996589,-0.14554618173638467,378.0,84.0,1.3466834487433412,293.9999999999996,38.6581471927447,2021-05-01 11:04:30
91.39,1.50470059234771,46.01,1.533936651583713,-2.299747693866396e-16,5.82,6.000000000002046,-0.14554618173651704,378.0,84.0,1.3466834487433412,294.99999999999994,38.51260101100818,2021-05-01 11:04:40
91.39,1.50470059234771,45.29,1.8778280542986456,0.03529411764705858,6.119999999999999,5.999999999996589,-0.14554618173638467,378.0,84.0,1.3466834487433412,295.9999999999994,38.367054829271794,2021-05-01 11:04:50
91.39,1.50470059234771,45.4,2.2217194570135783,0.19411764705882323,6.119999999999999,6.000000000002046,-0.14554618173651704,378.0,84.0,1.3466834487433412,296.9999999999997,38.22150864753527,2021-05-01 11:05:00
91.39,1.50470059234771,45.805,2.5656108597285106,0.2882352941176467,5.970000000000001,5.999999999996589,-0.14554618173638467,378.0,84.0,1.3466834487433412,297.99999999999915,38.07596246579889,2021-05-01 11:05:10
91.39,1.50470059234771,46.21,2.82352941176471,0.30588235294117616,5.82,6.000000000002046,-0.14554618173651704,378.0,84.0,1.3466834487433412,298.9999999999995,37.93041628406237,2021-05-01 11:05:20
91.39,1.50470059234771,45.44,0.6176470588235321,0.2705882352941173,5.745,6.000000000002046,-0.14554618173651704,378.0,84.0,1.3466834487433412,299.99999999999983,37.78487010232585,2021-05-01 11:05:30
91.39,1.51609968075973,44.67,-0.38235294117646823,0.22352941176470553,5.67,6.000000000002046,-0.14554618173651704,378.0,84.0,1.356885454227554,301.00000000000017,37.63932392058933,2021-05-01 11:05:40
91.39,1.50470059234771,45.14,-0.7352941176470562,0.08823529411764675,5.82,5.999999999996589,-0.14554618173638467,378.0,84.0,1.3466834487433412,301.9999999999996,37.49377773885294,2021-05-01 11:05:50
91.67,1.50470059234771,44.7,-0.8823529411764677,0.06470588235294095,5.82,6.000000000002046,-0.17485723034132725,372.0,82.0,1.3466834487433412,302.99999999999994,37.31892050851162,2021-05-01 11:06:00
91.61,1.50470059234771,45.29,-1.1176470588235266,0.02352941176470572,6.119999999999999,5.999999999996589,-0.16857661904899923,357.0,79.0,1.3466834487433412,303.9999999999994,37.15034388946262,2021-05-01 11:06:10
91.61,1.50470059234771,44.63,-1.2647058823529385,-0.01764705882352954,6.42,6.000000000002046,-0.16857661904915255,357.0,79.0,1.3466834487433412,304.9999999999997,36.981767270413464,2021-05-01 11:06:20
91.61,1.50470059234771,44.18,-1.294117647058821,-0.0058823529411766206,6.119999999999999,6.000000000002046,-0.16857661904915255,357.0,79.0,1.3466834487433412,306.00000000000006,36.81319065136431,2021-05-01 11:06:30
91.61,1.50470059234771,45.14,-1.2647058823529385,0.035294117647058594,6.119999999999999,5.999999999996589,-0.16857661904899923,357.0,79.0,1.3466834487433412,306.9999999999995,36.64461403231531,2021-05-01 11:06:40
91.405,1.50470059234771,45.34,-1.147058823529409,0.08235294117647032,6.119999999999999,6.000000000002046,-0.147116510833133,375.5,79.5,1.3466834487433412,307.99999999999983,36.497497521482174,2021-05-01 11:06:50
91.36,1.51609968075973,43.82,-0.9411764705882328,0.17647058823529382,6.119999999999999,6.000000000002046,-0.14240549372418052,378.0,77.0,1.356885454227554,309.00000000000017,36.35509202775799,2021-05-01 11:07:00
91.36,1.50470059234771,45.525,1.6250000000000024,0.27058823529411735,6.119999999999999,5.999999999996589,-0.14240549372405098,378.0,77.0,1.3466834487433412,309.9999999999996,36.21268653403394,2021-05-01 11:07:10
91.36,1.50470059234771,47.4975,4.205882352941179,0.35882352941176443,6.119999999999999,5.999999999996589,-0.14240549372405098,378.0,77.0,1.3466834487433412,310.99999999999903,36.070281040309894,2021-05-01 11:07:20
90.96,1.50470059234771,49.47,5.029411764705885,0.3764705882352938,6.119999999999999,6.000000000002046,-0.1005262612139218,493.0,76.0,1.3466834487433412,311.9999999999994,35.96975477909597,2021-05-01 11:07:30
90.96,1.507550364450715,50.42,6.176470588235297,0.3882352941176467,6.42,6.000000000002046,-0.1005262612139218,493.0,76.0,1.3492339501143944,312.9999999999997,35.86922851788205,2021-05-01 11:07:40
90.96,1.5104001365537199,50.1,7.058823529411766,0.4176470588235291,5.970000000000001,6.000000000002046,-0.1005262612139218,493.0,76.0,1.3517844514854476,314.00000000000006,35.76870225666813,2021-05-01 11:07:50
90.96,1.50470059234771,51.99,7.617647058823531,0.4235294117647056,6.119999999999999,5.999999999996589,-0.10052626121383038,493.0,76.0,1.3466834487433412,314.9999999999995,35.6681759954543,2021-05-01 11:08:00
90.96,1.50470059234771,52.69,7.558823529411768,0.39999999999999963,6.119999999999999,6.000000000002046,-0.1005262612139218,493.0,76.0,1.3466834487433412,315.99999999999983,35.567649734240376,2021-05-01 11:08:10
90.96,1.50470059234771,52.49,7.2352941176470615,0.39999999999999963,6.119999999999999,6.000000000002046,-0.1005262612139218,493.0,76.0,1.3466834487433412,317.00000000000017,35.467123473026454,2021-05-01 11:08:20
91.22,1.50470059234771,50.57,7.058823529411767,0.3882352941176467,6.119999999999999,5.999999999996589,-0.12774844736917176,522.0,66.0,1.3466834487433412,317.9999999999996,35.33937502565728,2021-05-01 11:08:30
91.22,1.50470059234771,50.99,6.882352941176473,0.35882352941176443,6.119999999999999,6.000000000002046,-0.12774844736928795,522.0,66.0,1.3466834487433412,318.99999999999994,35.211626578288,2021-05-01 11:08:40
91.22,1.50470059234771,50.08,6.672268907563028,0.3352941176470585,5.52,5.999999999996589,-0.12774844736917176,522.0,66.0,1.3466834487433412,319.9999999999994,35.083878130918826,2021-05-01 11:08:50
91.22,1.5104001365537199,50.655,5.97058823529412,0.2764705882352938,6.119999999999999,6.000000000002046,-0.12774844736928795,522.0,66.0,1.3517844514854476,320.9999999999997,34.95612968354954,2021-05-01 11:09:00
91.22,1.50470059234771,50.28,5.8529411764705905,0.25882352941176445,6.119999999999999,11.999999999998636,-0.2554968947384597,522.0,66.0,1.3466834487433412,322.9999999999995,34.700632788811085,2021-05-01 11:09:10
91.22,1.50470059234771,48.99,5.941176470588238,0.25882352941176445,6.119999999999999,0.0,-0.0,522.0,66.0,1.3466834487433412,322.9999999999995,34.700632788811085,2021-05-01 11:09:20
91.22,1.50470059234771,48.72,6.294117647058826,0.25882352941176445,6.119999999999999,6.000000000002046,-0.12774844736928795,522.0,66.0,1.3466834487433412,323.99999999999983,34.5728843414418,2021-05-01 11:09:30
91.22,1.50470059234771,49.07,6.2352941176470615,0.34117647058823497,5.82,6.000000000002046,-0.12774844736928795,522.0,66.0,1.3466834487433412,325.00000000000017,34.445135894072514,2021-05-01 11:09:40
91.22,1.50470059234771,49.81,5.705882352941179,0.39411764705882324,5.82,5.999999999996589,-0.12774844736917176,522.0,66.0,1.3466834487433412,325.9999999999996,34.31738744670334,2021-05-01 11:09:50
91.22,1.50470059234771,50.04,5.1176470588235325,0.4705882352941174,6.119999999999999,6.000000000002046,-0.12774844736928795,522.0,66.0,1.3466834487433412,326.99999999999994,34.18963899933406,2021-05-01 11:10:00
91.53,1.50470059234771,48.93,4.794117647058826,0.5117647058823527,6.119999999999999,5.9999999999969305,-0.16020218428223262,507.0,73.0,1.3466834487433412,327.99999999999943,34.029436815051824,2021-05-01 11:10:10
91.53,1.50470059234771,49.72,4.441176470588237,0.5176470588235291,5.82,6.000000000001705,-0.1602021842823601,507.0,73.0,1.3466834487433412,328.9999999999997,33.86923463076946,2021-05-01 11:10:20
91.41666666666667,1.50470059234771,48.93,4.147058823529415,0.5176470588235291,5.82,6.000000000002046,-0.14833787094268513,520.0,75.0,1.3466834487433412,330.00000000000006,33.72089675982678,2021-05-01 11:10:30
91.30333333333333,1.50470059234771,49.82,3.8529411764705905,0.5176470588235291,5.82,5.9999999999969305,-0.13647297721015883,520.0,75.0,1.3466834487433412,330.99999999999955,33.58442378261662,2021-05-01 11:10:40
91.19,1.50470059234771,49.42,3.8235294117647083,0.541176470588235,6.119999999999999,6.000000000001705,-0.12460754950819605,489.0,78.0,1.3466834487433412,331.99999999999983,33.45981623310842,2021-05-01 11:10:50
91.19,1.50470059234771,49.17,3.882352941176473,0.5823529411764703,5.82,6.000000000002046,-0.12460754950820313,489.0,78.0,1.3466834487433412,333.00000000000017,33.335208683600214,2021-05-01 11:11:00
90.945,1.50470059234771,50.48,3.9705882352941204,0.6058823529411763,6.119999999999999,5.9999999999969305,-0.09895568194392262,505.5,78.0,1.3466834487433412,333.99999999999966,33.236253001656294,2021-05-01 11:11:10
90.78999999999999,1.50470059234771,51.84,4.029411764705886,0.6117647058823528,5.82,6.000000000001705,-0.08272598528969552,518.0,78.0,1.3466834487433412,334.99999999999994,33.153527016366596,2021-05-01 11:11:20
90.63499999999999,1.51609968075973,51.97,4.1176470588235325,0.6176470588235292,6.42,5.9999999999969305,-0.06649568321108305,518.0,78.0,1.356885454227554,335.99999999999943,33.087031333155515,2021-05-01 11:11:30
90.48,1.50470059234771,51.33,4.1176470588235325,0.6470588235294115,5.82,6.000000000002046,-0.05026489448864124,518.0,78.0,1.3466834487433412,336.9999999999998,33.036766438666874,2021-05-01 11:11:40
90.325,1.50470059234771,51.47,4.205882352941179,0.6588235294117645,6.119999999999999,6.000000000001705,-0.03403373790607544,518.0,78.0,1.3466834487433412,338.00000000000006,33.002732700760795,2021-05-01 11:11:50
90.17,1.50470059234771,49.42,5.205882352941179,0.6941176470588233,5.82,5.9999999999969305,-0.01780233225000225,516.0,80.0,1.3466834487433412,338.99999999999955,32.984930368510796,2021-05-01 11:12:00
90.17,1.50470059234771,51.69,5.823529411764708,0.7411764705882351,6.119999999999999,6.000000000002046,-0.01780233225001743,516.0,80.0,1.3466834487433412,339.9999999999999,32.967128036260775,2021-05-01 11:12:10
90.17,1.50470059234771,50.88,6.647058823529414,0.7764705882352939,5.52,6.000000000001705,-0.017802332250016418,516.0,80.0,1.3466834487433412,341.00000000000017,32.94932570401076,2021-05-01 11:12:20
90.17,1.51609968075973,49.69,7.205882352941179,0.8823529411764705,6.119999999999999,5.9999999999969305,-0.01780233225000225,516.0,80.0,1.356885454227554,341.99999999999966,32.93152337176076,2021-05-01 11:12:30
90.17,1.51609968075973,53.45,8.10588235294118,1.187394957983193,6.42,6.000000000002046,-0.01780233225001743,516.0,80.0,1.356885454227554,343.0,32.91372103951074,2021-05-01 11:12:40
90.05000000000001,1.50470059234771,58.34,9.22058823529412,1.1241176470588232,5.82,5.999999999996589,-0.005235987091409111,546.5,74.5,1.3466834487433412,343.99999999999943,32.90848505241933,2021-05-01 11:12:50
89.93,1.50470059234771,60.81,9.36764705882353,0.9931372549019606,6.119999999999999,6.000000000002046,0.007330381034792218,577.0,69.0,1.3466834487433412,344.9999999999998,32.91581543345412,2021-05-01 11:13:00
90.21,1.50470059234771,54.86,8.72058823529412,0.7803921568627449,5.82,6.000000000002046,-0.02199109933834948,448.0,85.0,1.3466834487433412,346.0000000000001,32.89382433411577,2021-05-01 11:13:10
90.21,1.50470059234771,55.57,8.073529411764708,0.7117647058823526,6.42,5.999999999996589,-0.02199109933832948,448.0,85.0,1.3466834487433412,346.99999999999955,32.87183323477744,2021-05-01 11:13:20
90.62,1.51609968075973,53.68,7.426470588235297,0.5823529411764703,6.119999999999999,6.000000000002046,-0.06492498109248257,377.0,76.0,1.356885454227554,347.9999999999999,32.80690825368496,2021-05-01 11:13:30
90.62,1.51609968075973,53.74,6.779411764705885,0.5588235294117645,5.82,6.000000000002046,-0.06492498109248257,377.0,76.0,1.356885454227554,349.0000000000002,32.74198327259248,2021-05-01 11:13:40
91.03,1.50470059234771,54.06,6.132352941176473,0.525152129817444,6.119999999999999,5.999999999996589,-0.10785553829989755,495.0,77.0,1.3466834487433412,349.99999999999966,32.63412773429258,2021-05-01 11:13:50
91.23,1.51609968075973,53.5,5.4852941176470615,0.3914807302231235,6.42,6.000000000002046,-0.128795405582626,415.0,76.0,1.356885454227554,351.0,32.505332328709954,2021-05-01 11:14:00
91.42,1.51609968075973,55.37,4.83823529411765,0.3458823529411763,5.82,5.999999999996589,-0.14868682984640716,427.0,79.0,1.356885454227554,351.99999999999943,32.35664549886355,2021-05-01 11:14:10
91.58,1.51609968075973,54.96,4.191176470588239,0.5200560224089633,5.52,6.000000000002046,-0.1654362436482414,398.0,78.0,1.356885454227554,352.9999999999998,32.191209255215306,2021-05-01 11:14:20
91.58,1.50470059234771,57.38,3.544117647058827,0.6703529411764704,5.82,6.000000000002046,-0.1654362436482414,398.0,78.0,1.3466834487433412,354.0000000000001,32.02577301156706,2021-05-01 11:14:30
91.74,1.50470059234771,59.28,3.058823529411768,0.643254901960784,5.52,5.999999999996589,-0.1821843673447141,444.0,74.0,1.3466834487433412,354.99999999999955,31.843588644222347,2021-05-01 11:14:40
91.75,1.50470059234771,58.94,3.0336134453781547,0.4995098039215684,5.82,6.000000000002046,-0.18323107925899845,436.0,84.0,1.3466834487433412,355.9999999999999,31.66035756496335,2021-05-01 11:14:50
91.71000000000001,1.50470059234771,57.49,3.0000000000000036,0.5803921568627449,6.119999999999999,6.000000000002046,-0.17904419843214722,20.66,82.5,1.3466834487433412,357.0000000000002,31.4813133665312,2021-05-01 11:15:00
91.67,1.50470059234771,57.38,2.9663865546218524,0.8287581699346402,5.52,5.999999999996589,-0.1748572303411682,458.0,81.0,1.3466834487433412,357.99999999999966,31.306456136190032,2021-05-01 11:15:10
91.57,1.51609968075973,56.72,2.9117647058823564,1.003921568627451,5.82,6.000000000002046,-0.16438944172646858,489.0,81.0,1.356885454227554,359.0,31.142066694463566,2021-05-01 11:15:20
91.57,1.50470059234771,57.95,2.7058823529411793,0.9462184873949577,5.82,5.999999999996589,-0.16438944172631906,489.0,81.0,1.3466834487433412,359.99999999999943,30.977677252737248,2021-05-01 11:15:30
91.57,1.5104001365537199,56.72,2.2352941176470615,0.980319869883437,6.119999999999999,6.000000000002046,-0.16438944172646858,489.0,81.0,1.3517844514854476,360.9999999999998,30.81328781101078,2021-05-01 11:15:40
91.35,1.51609968075973,57.06,1.7647058823529433,1.049217267552182,6.119999999999999,6.000000000002046,-0.14135858900170853,476.0,81.0,1.356885454227554,362.0000000000001,30.671929222009073,2021-05-01 11:15:50
91.35,1.50470059234771,57.33,1.5294117647058845,0.9769230769230768,6.119999999999999,5.999999999996589,-0.14135858900157997,476.0,81.0,1.3466834487433412,362.99999999999955,30.530570633007493,2021-05-01 11:16:00
91.21,1.50470059234771,53.59,1.941176470588238,0.7588235294117646,5.82,6.000000000002046,-0.12670148526450964,458.0,94.0,1.3466834487433412,363.9999999999999,30.403869147742984,2021-05-01 11:16:10
91.21,1.50470059234771,54.56,2.294117647058826,0.8117647058823527,6.119999999999999,6.000000000002046,-0.12670148526450964,458.0,94.0,1.3466834487433412,365.0000000000002,30.277167662478476,2021-05-01 11:16:20
91.11,1.50470059234771,52.8,2.7352941176470615,0.864705882352941,6.119999999999999,5.999999999996589,-0.11623165720377533,488.0,94.0,1.3466834487433412,365.99999999999966,30.1609360052747,2021-05-01 11:16:30
91.11,1.51609968075973,51.45,2.911764705882356,1.0999999999999999,5.82,11.999999999998636,-0.23246331440765636,488.0,94.0,1.356885454227554,367.99999999999943,29.928472690867043,2021-05-01 11:16:40
91.08,1.50470059234771,52.29,2.6029411764705914,1.0925996204933583,6.119999999999999,0.0,-0.0,469.0,84.0,1.3466834487433412,367.99999999999943,29.928472690867043,2021-05-01 11:16:50
91.03999999999999,1.50470059234771,50.53,1.9705882352941204,0.6483008452647919,6.119999999999999,12.000000000004093,-0.21780512999400992,462.0,72.5,1.3466834487433412,370.0000000000001,29.710667560873034,2021-05-01 11:17:00
91.0,1.51609968075973,49.3825,2.0882352941176503,0.18449197860962546,6.045,2.9999999999982947,-0.052357219311820774,455.0,61.0,1.356885454227554,370.49999999999983,29.658310341561215,2021-05-01 11:17:10
90.97,1.50470059234771,48.235,2.1176470588235325,0.1294117647058821,5.970000000000001,2.9999999999982947,-0.050786655119664154,387.0,70.0,1.3466834487433412,370.99999999999955,29.60752368644155,2021-05-01 11:17:20
90.97,1.49330126924027,44.99,2.1176470588235325,0.2411764705882349,6.119999999999999,6.000000000002046,-0.10157331023942068,387.0,70.0,1.336481233210406,371.9999999999999,29.50595037620213,2021-05-01 11:17:30
90.97,1.50470059234771,44.48,2.117647058823532,0.2647058823529408,5.82,6.000000000002046,-0.10157331023942068,387.0,70.0,1.3466834487433412,373.0000000000002,29.40437706596271,2021-05-01 11:17:40
90.97,1.50470059234771,43.88,2.117647058823532,0.2941176470588232,6.119999999999999,5.999999999996589,-0.10157331023932831,387.0,70.0,1.3466834487433412,373.99999999999966,29.30280375572338,2021-05-01 11:17:50
90.97,1.50470059234771,44.38,2.1176470588235317,0.2882352941176468,6.119999999999999,6.000000000002046,-0.10157331023942068,387.0,70.0,1.3466834487433412,375.0,29.20123044548396,2021-05-01 11:18:00
90.97,1.51609968075973,43.58,2.1176470588235317,0.2117647058823527,5.82,5.999999999996589,-0.10157331023932831,387.0,70.0,1.356885454227554,375.99999999999943,29.099657135244634,2021-05-01 11:18:10
90.97,1.50470059234771,44.13,1.9411764705882375,-0.04117647058823546,5.82,6.000000000002046,-0.10157331023942068,387.0,70.0,1.3466834487433412,376.9999999999998,28.998083825005214,2021-05-01 11:18:20
90.43,1.51609968075973,43.68,1.2058823529411788,-0.1705882352941178,5.82,6.000000000002046,-0.045029071997577885,380.0,74.0,1.356885454227554,378.0000000000001,28.953054753007635,2021-05-01 11:18:30
90.43,1.50470059234771,44.735,0.5294117647058849,-0.20000000000000018,5.970000000000001,5.999999999996589,-0.045029071997536925,380.0,74.0,1.3466834487433412,378.99999999999955,28.9080256810101,2021-05-01 11:18:40
90.32,1.50470059234771,44.7025,0.6470588235294144,-0.1941176470588237,6.045,6.000000000002046,-0.03351014742498057,385.0,68.0,1.3466834487433412,379.9999999999999,28.874515533585118,2021-05-01 11:18:50
90.32,1.50470059234771,44.67,0.5294117647058845,-0.0438502673796793,6.119999999999999,6.000000000002046,-0.03351014742498057,385.0,68.0,1.3466834487433412,381.0000000000002,28.841005386160138,2021-05-01 11:19:00
90.14999999999999,1.50470059234771,44.8,0.47058823529411953,-0.004634581105169499,6.119999999999999,5.999999999996589,-0.015707945324498138,404.0,80.0,1.3466834487433412,381.99999999999966,28.82529744083564,2021-05-01 11:19:10
89.97999999999999,1.50470059234771,45.49,0.35294117647059053,-0.007130124777183784,6.119999999999999,6.000000000002046,0.002094395059862366,404.25,78.0,1.3466834487433412,383.0,28.827391835895504,2021-05-01 11:19:20
89.81,1.50470059234771,45.69,1.6470588235294148,0.03957219251336877,5.82,5.999999999996589,0.019896717006342667,404.5,76.0,1.3466834487433412,383.99999999999943,28.847288552901848,2021-05-01 11:19:30
89.64,1.50470059234771,45.760000000000005,2.029411764705886,0.04705882352941155,5.52,6.000000000002046,0.037698863793366504,404.75,74.0,1.3466834487433412,384.9999999999998,28.884987416695214,2021-05-01 11:19:40
89.47,1.51609968075973,44.67,1.2941176470588265,0.005882352941176276,6.119999999999999,6.000000000002046,0.055500678700800866,405.0,72.0,1.356885454227554,386.0000000000001,28.940488095396017,2021-05-01 11:19:50
89.3,1.50470059234771,43.68,0.5882352941176494,-0.12941176470588248,6.119999999999999,5.999999999996589,0.07330200501144164,369.0,71.0,1.3466834487433412,386.99999999999955,29.01379010040746,2021-05-01 11:20:00
89.16,1.50470059234771,44.28,0.5215686274509828,-0.03529411764705899,6.119999999999999,6.000000000002046,0.08796144317799434,367.0,73.0,1.3466834487433412,387.9999999999999,29.101751543585454,2021-05-01 11:20:10
88.9,1.51609968075973,45.19,0.25490196078431593,0.12941176470588212,6.42,6.000000000002046,0.1151846543981767,373.0,71.0,1.356885454227554,389.0000000000002,29.21693619798363,2021-05-01 11:20:20
88.9,1.50470059234771,45.085,-0.011764705882350845,0.14117647058823504,5.970000000000001,9.000000000000341,0.17277698159721266,373.0,71.0,1.3466834487433412,390.5000000000003,29.389713179580845,2021-05-01 11:20:30
88.59,1.51609968075973,46.6,-0.27843137254901756,0.08235294117647032,6.42,2.9999999999982947,0.07381997581490299,405.0,80.0,1.356885454227554,391.0,29.463533155395748,2021-05-01 11:20:40
88.42,1.50470059234771,45.94,-0.5450980392156843,0.029411764705882144,5.82,5.999999999996589,0.16543624364809092,375.0,74.0,1.3466834487433412,391.99999999999943,29.62896939904384,2021-05-01 11:20:50
88.42,1.50470059234771,45.25,-0.8117647058823512,-0.023529411764706076,5.82,6.000000000002046,0.1654362436482414,375.0,74.0,1.3466834487433412,392.9999999999998,29.79440564269208,2021-05-01 11:21:00
88.42,1.50470059234771,45.92,-1.078431372549018,-0.005882352941176657,5.82,6.000000000002046,0.1654362436482414,375.0,74.0,1.3466834487433412,394.0000000000001,29.95984188634032,2021-05-01 11:21:10
88.42,1.50470059234771,47.19,-1.3450980392156848,0.017647058823529207,6.42,5.999999999996589,0.16543624364809092,375.0,74.0,1.3466834487433412,394.99999999999955,30.125278129988413,2021-05-01 11:21:20
88.42,1.50470059234771,45.82,1.6764705882352957,0.03529411764705861,6.72,9.000000000005798,0.24815436547243733,375.0,74.0,1.3466834487433412,396.5000000000005,30.37343249546085,2021-05-01 11:21:30
88.28333333333333,1.50470059234771,46.9,1.8235294117647085,0.10769230769230745,7.0200000000000005,8.999999999994884,0.2696130270273497,381.6666666666667,75.66666666666667,1.3466834487433412,397.99999999999966,30.6430455224882,2021-05-01 11:21:40
88.14666666666668,1.50470059234771,43.78,2.0588235294117676,0.1773755656108595,7.0200000000000005,6.000000000002046,0.19404676973307805,388.3333333333333,77.33333333333333,1.3466834487433412,399.0,30.83709229222128,2021-05-01 11:21:50
88.01,1.50470059234771,42.72,2.294117647058827,0.2470588235294115,7.38,5.9999999999969305,0.20835041740417093,395.0,79.0,1.3466834487433412,399.9999999999995,31.045442709625448,2021-05-01 11:22:00
88.01,1.51609968075973,39.75,2.529411764705886,0.20196078431372524,6.72,0.0,0.0,395.0,79.0,1.356885454227554,399.9999999999995,31.045442709625448,2021-05-01 11:22:10
88.01,1.50470059234771,42.58,2.7647058823529447,0.14705882352941152,7.0200000000000005,12.000000000003752,0.4167008348086853,395.0,79.0,1.3466834487433412,402.0000000000001,31.462143544434134,2021-05-01 11:22:20
88.01,1.5104001365537199,42.35,2.9411764705882386,0.17647058823529388,7.199999999999999,9.000000000000341,0.3125256261064281,395.0,79.0,1.3517844514854476,403.50000000000017,31.774669170540562,2021-05-01 11:22:30
88.09,1.50470059234771,44.89,2.941176470588238,0.2564705882352939,8.280000000000001,9.000000000000341,0.2999665336719523,447.8333333333333,79.16666666666667,1.3466834487433412,405.0000000000002,32.07463570421251,2021-05-01 11:22:40
88.17,1.50470059234771,42.41,7.768907563025214,1.117674104124408,7.68,5.9999999999969305,0.19160457095814135,500.6666666666667,79.33333333333333,1.3466834487433412,405.9999999999997,32.26624027517065,2021-05-01 11:22:50
88.25,1.49330126924027,52.89,11.058823529411768,1.613725490196078,7.68,6.000000000001705,0.18323107925898804,553.5,79.5,1.336481233210406,407.0,32.44947135442964,2021-05-01 11:23:00
88.35,1.50470059234771,44.69,10.627450980392158,0.961176470588235,7.68,5.9999999999969305,0.17276371420949302,444.0,77.0,1.3466834487433412,407.9999999999995,32.622235068639135,2021-05-01 11:23:10
88.5,1.50470059234771,44.23,5.372549019607845,0.31764705882352917,7.98,6.000000000002046,0.1570616898472925,439.0,84.0,1.3466834487433412,408.99999999999983,32.779296758486424,2021-05-01 11:23:20
88.71,1.50470059234771,45.9,5.47058823529412,0.38235294117647034,7.68,11.999999999998636,0.2701541427127838,485.0,77.0,1.3466834487433412,410.9999999999996,33.04945090119921,2021-05-01 11:23:30
88.71,1.50470059234771,47.85,5.323529411764708,0.38235294117647034,7.83,9.000000000000341,0.2026156070346186,485.0,77.0,1.3466834487433412,412.49999999999966,33.252066508233824,2021-05-01 11:23:40
88.71,1.51609968075973,43.73,5.911764705882355,0.2647058823529409,7.68,9.000000000000341,0.2026156070346186,485.0,77.0,1.356885454227554,413.9999999999997,33.45468211526844,2021-05-01 11:23:50
89.31,1.50470059234771,49.02,5.932126696832581,0.2588235294117644,6.42,6.000000000002046,0.07225488450188244,394.0,66.0,1.3466834487433412,415.00000000000006,33.52693699977032,2021-05-01 11:24:00
89.54,1.50470059234771,48.11,5.0795087265675525,0.19999999999999968,3.36,5.999999999996589,0.04817056986235079,512.0,75.0,1.3466834487433412,415.9999999999995,33.57510756963267,2021-05-01 11:24:10
89.94,1.51609968075973,46.35,3.145658263305325,0.09999999999999973,2.76,0.0,0.0,390.0,68.0,1.356885454227554,415.9999999999995,33.57510756963267,2021-05-01 11:24:20
89.94,1.50470059234771,43.98,1.4411764705882377,-0.011764705882353099,2.46,6.000000000002046,0.006283184158801412,390.0,68.0,1.3466834487433412,416.99999999999983,33.581390753791474,2021-05-01 11:24:30
89.94,1.51609968075973,42.56,1.0882352941176494,-0.05294117647058839,2.76,0.0,0.0,390.0,68.0,1.356885454227554,416.99999999999983,33.581390753791474,2021-05-01 11:24:40
90.05,1.50470059234771,42.12,0.7058823529411791,-0.0941176470588237,2.46,6.000000000002046,-0.005235987091412386,372.0,71.0,1.3466834487433412,418.00000000000017,33.576154766700064,2021-05-01 11:24:50
90.16,1.50470059234771,42.38,0.41176470588235536,-0.1176470588235296,2.46,0.0,-0.0,372.0,71.0,1.3466834487433412,418.00000000000017,33.576154766700064,2021-05-01 11:25:00
90.27,1.50470059234771,43.165000000000006,0.35294117647059053,-0.13529411764705895,2.61,2.9999999999982947,-0.014137114618112024,402.0,70.0,1.3466834487433412,418.4999999999999,33.562017652081956,2021-05-01 11:25:10
90.4,1.50470059234771,43.95,0.11764705882353163,-0.1941176470588237,2.76,2.9999999999982947,-0.02094378089387305,403.0,67.5,1.3466834487433412,418.9999999999996,33.54107387118808,2021-05-01 11:25:20
90.53,1.50470059234771,44.135000000000005,0.08823529411764924,-0.21764705882352964,3.21,3.0000000000037517,-0.027750339350425673,404.0,65.0,1.3466834487433412,419.5000000000002,33.513323531837656,2021-05-01 11:25:30
90.53,1.50470059234771,44.32,2.1094237467877974e-15,-0.235294117647059,3.66,2.9999999999982947,-0.027750339350375193,404.0,65.0,1.3466834487433412,419.99999999999994,33.48557319248728,2021-05-01 11:25:40
90.53,1.50470059234771,42.67,0.08823529411764924,-0.23529411764705904,5.52,5.999999999996589,-0.055500678700750386,404.0,65.0,1.3466834487433412,420.9999999999994,33.43007251378653,2021-05-01 11:25:50
90.53,1.50470059234771,43.4,0.20588235294117904,-0.1788235294117649,5.82,6.000000000002046,-0.055500678700800866,404.0,65.0,1.3466834487433412,421.9999999999997,33.374571835085725,2021-05-01 11:26:00
90.53,1.50470059234771,42.205,0.4278074866310187,0.1634674922600617,6.2700000000000005,3.0000000000037517,-0.027750339350425673,404.0,65.0,1.3466834487433412,422.50000000000034,33.3468214957353,2021-05-01 11:26:10
90.53,1.50470059234771,41.01,0.6844919786096282,0.4588235294117645,6.72,2.9999999999982947,-0.027750339350375193,404.0,65.0,1.3466834487433412,423.00000000000006,33.31907115638492,2021-05-01 11:26:20
91.82,1.50470059234771,44.88,0.9411764705882377,0.5999999999999998,7.0200000000000005,5.999999999996589,-0.19055790458907185,482.0,79.0,1.3466834487433412,423.9999999999995,33.12851325179585,2021-05-01 11:26:30
91.82,1.50470059234771,43.28,1.1978609625668473,0.4588235294117644,7.98,12.000000000004093,-0.3811158091784903,482.0,79.0,1.3466834487433412,426.00000000000017,32.74739744261736,2021-05-01 11:26:40
91.82,1.50470059234771,39.8,1.4545454545454568,0.19999999999999973,7.38,11.999999999998636,-0.381115809178317,482.0,79.0,1.3466834487433412,427.99999999999994,32.366281633439044,2021-05-01 11:26:50
91.8,1.50470059234771,40.099999999999994,1.6176470588235317,0.011764705882352698,7.53,2.9999999999982947,-0.09423227723433118,415.0,76.0,1.3466834487433412,428.49999999999966,32.27204935620471,2021-05-01 11:27:00
91.97,1.50470059234771,40.4,1.4117647058823555,-0.011764705882353194,7.68,2.9999999999982947,-0.10312863638721774,409.0,89.0,1.3466834487433412,428.9999999999994,32.16892071981749,2021-05-01 11:27:10
91.97,1.50470059234771,41.56,1.8676470588235319,0.0705882352941174,7.98,12.000000000004093,-0.41251454554924616,409.0,89.0,1.3466834487433412,431.00000000000006,31.756406174268246,2021-05-01 11:27:20
92.31,1.50470059234771,44.89,2.6323529411764732,0.2242647058823527,7.98,5.999999999996589,-0.24183710544618914,448.0,93.0,1.3466834487433412,431.9999999999995,31.514569068822055,2021-05-01 11:27:30
92.31,1.50470059234771,45.84,3.397058823529415,0.44117647058823506,7.68,12.000000000004093,-0.4836742108928182,448.0,93.0,1.3466834487433412,434.00000000000017,31.030894857929237,2021-05-01 11:27:40
92.31,1.50470059234771,44.91,4.161764705882355,0.41764705882352915,7.83,5.999999999996589,-0.24183710544618914,448.0,93.0,1.3466834487433412,434.9999999999996,30.789057752483046,2021-05-01 11:27:50
92.77,1.50470059234771,43.98,4.926470588235297,0.32941176470588207,7.98,6.000000000002046,-0.28996073671639766,432.0,93.0,1.3466834487433412,435.99999999999994,30.499097015766647,2021-05-01 11:28:00
92.77,1.50470059234771,40.65,5.691176470588238,0.5941176470588233,7.38,5.999999999996589,-0.2899607367161339,432.0,93.0,1.3466834487433412,436.9999999999994,30.209136279050515,2021-05-01 11:28:10
92.77,1.50470059234771,42.12,6.529411764705885,1.2907563025210083,7.68,12.000000000004093,-0.5799214734327953,432.0,93.0,1.3466834487433412,439.00000000000006,29.62921480561772,2021-05-01 11:28:20
92.77,1.50470059234771,54.46,8.014705882352944,2.2754901960784313,7.98,5.999999999996589,-0.2899607367161339,432.0,93.0,1.3466834487433412,439.9999999999995,29.33925406890159,2021-05-01 11:28:30
92.77,1.50470059234771,59.92,10.493464052287585,2.255555555555555,7.38,6.000000000002046,-0.28996073671639766,432.0,93.0,1.3466834487433412,440.99999999999983,29.04929333218519,2021-05-01 11:28:40
92.77,1.50470059234771,60.3,9.28104575163399,1.605882352941176,3.36,11.999999999998636,-0.5799214734325315,432.0,93.0,1.3466834487433412,442.9999999999996,28.46937185875266,2021-05-01 11:28:50
92.77,1.51609968075973,46.2,7.732026143790852,0.4956427015250542,0.6,0.0,-0.0,432.0,93.0,1.356885454227554,442.9999999999996,28.46937185875266,2021-05-01 11:29:00
92.77,1.51609968075973,44.91,5.66666666666667,0.44389850057670105,2.28,2.9999999999982947,-0.14498036835806696,432.0,93.0,1.356885454227554,443.4999999999993,28.324391490394593,2021-05-01 11:29:10
93.17,1.51609968075973,43.62,4.6176470588235325,0.8658823529411762,3.96,3.0000000000037517,-0.1658961450107882,432.0,58.0,1.356885454227554,443.99999999999994,28.158495345383805,2021-05-01 11:29:20
93.16499999999999,1.49330126924027,46.79,6.470588235294119,1.0100534759358286,4.62,0.0,-0.0,508.5,57.0,1.336481233210406,443.99999999999994,28.158495345383805,2021-05-01 11:29:30
93.16,1.49900093079399,45.535,5.058823529411766,0.8379679144385026,4.919999999999999,5.999999999996589,-0.33074668978528965,585.0,56.0,1.3415823409768735,444.9999999999994,27.827748655598516,2021-05-01 11:29:40
93.16,1.50470059234771,44.28,2.7058823529411793,0.7705882352941176,5.22,6.000000000002046,-0.33074668978559046,585.0,56.0,1.3466834487433412,445.9999999999997,27.497001965812924,2021-05-01 11:29:50
93.225,1.51609968075973,38.29,8.97058823529412,1.1569142478755103,5.52,6.000000000002046,-0.33754290980144114,521.0,56.0,1.356885454227554,447.00000000000006,27.15945905601148,2021-05-01 11:30:00
93.29,1.5104001365537199,42.245000000000005,10.754901960784316,1.463550555010194,3.99,2.9999999999982947,-0.17216934769819972,457.0,56.0,1.3517844514854476,447.4999999999998,26.98728970831328,2021-05-01 11:30:10
93.62,1.50470059234771,46.2,7.509803921568629,1.063922782735385,2.46,2.9999999999982947,-0.18941667823639569,555.0,53.0,1.3466834487433412,447.9999999999995,26.797873030076886,2021-05-01 11:30:20
93.62,1.51609968075973,41.48,1.6470588235294132,0.42422145328719696,3.36,6.000000000002046,-0.37883335647313593,555.0,53.0,1.356885454227554,448.99999999999983,26.41903967360375,2021-05-01 11:30:30
93.62,1.51609968075973,40.5,0.7058823529411775,0.329411764705882,3.66,6.000000000002046,-0.37883335647313593,555.0,53.0,1.356885454227554,450.00000000000017,26.04020631713061,2021-05-01 11:30:40
93.62,1.5104001365537199,40.795,1.1666666666666679,0.2647058823529408,3.81,2.9999999999982947,-0.18941667823639569,555.0,53.0,1.3517844514854476,450.4999999999999,25.850789638894216,2021-05-01 11:30:50
93.68,1.50470059234771,41.09,1.7810457516339882,0.19999999999999968,3.96,2.9999999999982947,-0.19255189819363236,19.42,52.8,1.3466834487433412,450.9999999999996,25.658237740700585,2021-05-01 11:31:00
93.74000000000001,1.51609968075973,41.86,2.3954248366013084,0.14117647058823504,3.96,6.000000000002046,-0.39137381398856314,19.42,52.6,1.356885454227554,451.99999999999994,25.266863926712023,2021-05-01 11:31:10
93.8,1.50470059234771,40.3,3.009803921568629,0.06470588235294095,3.96,0.0,-0.0,150.61333333333334,52.4,1.3466834487433412,451.99999999999994,25.266863926712023,2021-05-01 11:31:20
93.86,1.51609968075973,39.925,3.6241830065359495,0.02352941176470567,4.74,2.9999999999982947,-0.20195627737329855,281.8066666666667,52.2,1.356885454227554,452.49999999999966,25.064907649338725,2021-05-01 11:31:30
93.92,1.5104001365537199,39.55,4.23856209150327,0.041176470588235065,5.52,2.9999999999986358,-0.20509063207691297,413.0,52.0,1.3517844514854476,452.99999999999943,24.85981701726181,2021-05-01 11:31:40
93.92,1.50470059234771,39.59,4.8529411764705905,0.11764705882352915,6.42,12.000000000003752,-0.8203625283082814,404.0,53.0,1.3466834487433412,455.00000000000006,24.03945448895353,2021-05-01 11:31:50
93.92,1.50470059234771,39.52,5.46732026143791,0.31764705882352917,6.72,6.000000000002046,-0.41018126415415235,395.0,54.0,1.3466834487433412,456.0000000000004,23.62927322479938,2021-05-01 11:32:00
93.78,1.50470059234771,39.45,6.081699346405231,0.7840607210626183,7.0200000000000005,5.999999999996589,-0.3955535877080424,422.0,53.0,1.3466834487433412,456.99999999999983,23.233719637091337,2021-05-01 11:32:10
93.53333333333333,1.50470059234771,43.43,5.248366013071898,1.2235294117647055,7.68,11.999999999998977,-0.7395506454932892,468.0,53.666666666666664,1.3466834487433412,458.99999999999966,22.49416899159805,2021-05-01 11:32:20
93.28666666666668,1.50470059234771,43.635000000000005,4.284313725490199,1.5058823529411762,7.53,2.9999999999982947,-0.1719951021384836,514.0,54.333333333333336,1.3466834487433412,459.4999999999994,22.322173889459563,2021-05-01 11:32:30
93.04,1.507550364450715,43.84,4.294117647058826,1.5058823529411762,7.38,3.0000000000034106,-0.15909935510394663,560.0,55.0,1.3492339501143944,459.99999999999994,22.163074534355616,2021-05-01 11:32:40
92.7,1.5104001365537199,46.4,4.147058823529415,1.4882352941176467,7.98,11.999999999998977,-0.5652774085156643,550.0,54.0,1.3517844514854476,461.9999999999998,21.59779712583995,2021-05-01 11:32:50
92.2,1.513249908656725,44.69,3.941176470588238,1.6700534759358283,7.98,6.000000000001705,-0.2303268545251854,568.0,54.0,1.3543349528565007,463.00000000000006,21.367470271314765,2021-05-01 11:33:00
92.035,1.51609968075973,42.12,4.058823529411768,1.8168067226890754,7.38,11.999999999998977,-0.42611979922374693,312.0,54.75,1.356885454227554,464.9999999999999,20.941350472091017,2021-05-01 11:33:10
91.87,1.5104001365537199,44.555,4.2352941176470615,1.7634271099744243,7.38,6.000000000001705,-0.1957911777496105,56.0,55.5,1.3517844514854476,466.00000000000017,20.745559294341405,2021-05-01 11:33:20
91.70500000000001,1.50470059234771,46.99,4.294117647058827,1.4680306905370841,7.38,5.9999999999969305,-0.17852083215104186,56.0,56.25,1.3466834487433412,466.99999999999966,20.567038462190364,2021-05-01 11:33:30
91.54,1.50470059234771,46.35,4.529411764705885,1.2999999999999998,7.98,6.000000000002046,-0.161249006043171,627.0,57.0,1.3466834487433412,468.0,20.405789456147193,2021-05-01 11:33:40
91.41,1.50470059234771,47.46,4.705882352941179,1.4647058823529409,7.68,11.999999999998636,-0.29527990325974623,622.0,55.0,1.3466834487433412,469.9999999999998,20.110509552887446,2021-05-01 11:33:50
91.28,1.50470059234771,46.230000000000004,4.676470588235297,1.541176470588235,7.83,5.999999999996589,-0.13403013716136616,617.0,53.0,1.3466834487433412,470.9999999999992,19.97647941572608,2021-05-01 11:34:00
91.28,1.50470059234771,45.0,4.310924369747902,1.4401960784313723,7.98,6.000000000002046,-0.13403013716148804,617.0,53.0,1.3466834487433412,471.99999999999955,19.84244927856459,2021-05-01 11:34:10
91.28,1.50470059234771,42.06,3.7436974789915984,1.0789215686274507,7.68,12.000000000004093,-0.2680602743229761,617.0,53.0,1.3466834487433412,474.0000000000002,19.574389004241613,2021-05-01 11:34:20
91.28,1.50470059234771,40.55,1.2647058823529438,0.8098039215686272,7.68,6.000000000001705,-0.13403013716148043,617.0,53.0,1.3466834487433412,475.0000000000005,19.440358867080132,2021-05-01 11:34:30
91.28,1.50470059234771,39.04,1.6890756302521033,0.949019607843137,7.68,5.9999999999969305,-0.13403013716137377,617.0,53.0,1.3466834487433412,476.0,19.306328729918757,2021-05-01 11:34:40
91.28,1.50470059234771,41.26,1.9907563025210109,0.9709447415329765,7.83,9.000000000000341,-0.20104520574217113,617.0,53.0,1.3466834487433412,477.50000000000006,19.105283524176585,2021-05-01 11:34:50
91.27000000000001,1.5104001365537199,43.48,2.244117647058826,0.9357270180799591,7.98,9.000000000000341,-0.19947479832553874,589.5,51.0,1.3517844514854476,479.0000000000001,18.905808725851045,2021-05-01 11:35:00
91.26,1.51609968075973,41.71,0.757352941176473,0.48711484593837506,7.98,5.999999999996589,-0.13193625655495617,562.0,49.0,1.356885454227554,479.99999999999955,18.77387246929609,2021-05-01 11:35:10
91.26,1.50470059234771,38.52,0.17647058823529638,0.31764705882352906,7.98,12.000000000004093,-0.26387251311015236,562.0,49.0,1.3466834487433412,482.0000000000002,18.50999995618594,2021-05-01 11:35:20
91.26,1.51609968075973,37.13,1.3403361344537827,0.46138107416879764,7.68,11.999999999998636,-0.26387251311003235,562.0,49.0,1.356885454227554,484.0,18.246127443075906,2021-05-01 11:35:30
91.26,1.5104001365537199,43.25,6.614145658263308,1.1891852393131164,7.83,6.000000000002046,-0.13193625655507618,562.0,49.0,1.3517844514854476,485.00000000000034,18.11419118652083,2021-05-01 11:35:40
91.26,1.50470059234771,49.37,7.8202614379085,1.6465546218487392,7.98,5.999999999996589,-0.13193625655495617,562.0,49.0,1.3466834487433412,485.9999999999998,17.982254929965876,2021-05-01 11:35:50
91.26,1.50470059234771,50.879999999999995,8.728758169934643,2.2711764705882356,7.68,3.0000000000037517,-0.06596812827759808,562.0,49.0,1.3466834487433412,486.5000000000004,17.91628680168828,2021-05-01 11:36:00
91.26,1.50470059234771,52.39,8.558823529411766,1.9442243833017077,7.38,2.9999999999982947,-0.06596812827747808,562.0,49.0,1.3466834487433412,487.0000000000001,17.8503186734108,2021-05-01 11:36:10
91.26,1.50470059234771,51.49,8.47058823529412,1.7357954545454541,5.82,11.999999999998636,-0.26387251311003235,562.0,49.0,1.3466834487433412,488.9999999999999,17.586446160300767,2021-05-01 11:36:20
91.26,1.50470059234771,44.58,5.705882352941179,1.27379679144385,4.26,6.000000000002046,-0.13193625655507618,562.0,49.0,1.3466834487433412,490.0000000000002,17.45450990374569,2021-05-01 11:36:30
91.26,1.5104001365537199,43.144999999999996,2.764705882352944,1.088235294117647,4.739999999999999,2.9999999999982947,-0.06596812827747808,562.0,49.0,1.3517844514854476,490.49999999999994,17.388541775468212,2021-05-01 11:36:40
91.26,1.51609968075973,41.71,2.1764705882352975,0.9058823529411764,5.22,2.9999999999982947,-0.06596812827747808,562.0,49.0,1.356885454227554,490.99999999999966,17.322573647190733,2021-05-01 11:36:50
91.26,1.060129873747265,39.8,1.2058823529411788,0.7647058823529409,5.22,6.000000000002046,-0.13193625655507618,562.0,49.0,0.9487996228314788,492.0,17.190637390635658,2021-05-01 11:37:00
91.26,0.6041600667348,36.01,0.882352941176473,0.6588235294117646,0.0,5.999999999996589,-0.13193625655495617,562.0,49.0,0.5407137914354034,492.99999999999943,17.058701134080703,2021-05-01 11:37:10
88.58,0.033627776042348005,34.05,2.3592239273284576e-15,0.4235294117647055,0.0,0.0,0.0,78.0,47.0,0.003344036949911333,492.99999999999943,17.058701134080703,2021-05-01 11:39:20
88.58,0.06725555208469601,34.04,2.3592239273284576e-15,0.4235294117647055,0.0,0.0,0.0,78.0,47.0,0.060192665098404,492.99999999999943,17.058701134080703,2021-05-01 11:39:30
88.58,0.100883328127044,33.9,2.3592239273284576e-15,0.4235294117647055,0.0,0.0,0.0,77.0,43.0,0.09028899764760598,492.99999999999943,17.058701134080703,2021-05-01 11:39:40
88.58,0.13451110416939202,32.85,0.08823529411764933,0.4235294117647055,0.0,0.0,0.0,77.0,43.0,0.120385330196808,492.99999999999943,17.058701134080703,2021-05-01 11:39:50
88.58,0.16813888021174,32.85,0.20588235294117851,0.4235294117647055,0.0,0.0,0.0,77.0,43.0,0.15048166274601,492.99999999999943,17.058701134080703,2021-05-01 11:40:00
88.58,0.201766656254088,34.85,0.8529411764705905,0.4235294117647055,0.0,0.0,0.0,77.0,43.0,0.18057799529521196,492.99999999999943,17.058701134080703,2021-05-01 11:40:10
88.58,0.235394432296436,56.27,0.9705882352941199,0.4235294117647055,0.6,0.0,0.0,77.0,43.0,0.210674327844414,492.99999999999943,17.058701134080703,2021-05-01 11:40:20
88.58,0.26902220833878404,54.26,1.1176470588235317,0.4235294117647055,0.0,0.0,0.0,77.0,43.0,0.240770660393616,492.99999999999943,17.058701134080703,2021-05-01 11:40:30
88.57,0.30264998438113194,56.57,1.0882352941176494,0.40588235294117614,1.5599999999999998,0.0,0.0,342.0,50.0,0.27086699294281796,492.99999999999943,17.058701134080703,2021-05-01 11:40:40
88.57,0.33627776042348,51.62,1.294117647058826,0.4470588235294115,2.76,0.0,0.0,342.0,50.0,0.30096332549202,492.99999999999943,17.058701134080703,2021-05-01 11:40:50
88.57,0.36990553646582797,43.905,1.2647058823529436,0.45294117647058796,3.3599999999999994,6.000000000002046,0.14973370353388468,342.0,50.0,0.33105965804122195,493.9999999999998,17.208434837614586,2021-05-01 11:41:00
88.57,0.403533312508176,40.81,1.0000000000000022,0.4705882352941174,3.96,6.000000000002046,0.14973370353388468,342.0,50.0,0.3611559905904239,495.0000000000001,17.35816854114847,2021-05-01 11:41:10
88.34,0.43716108855052405,39.24,0.7352941176470613,0.5058823529411762,4.62,0.0,0.0,359.0,51.0,0.39125232313962593,495.0000000000001,17.35816854114847,2021-05-01 11:41:20
88.34,0.470788864592872,39.7,0.6176470588235319,0.5882352941176467,4.92,5.999999999996589,0.17381047492260987,359.0,51.0,0.421348655688828,495.99999999999955,17.53197901607108,2021-05-01 11:41:30
88.08,0.50441664063522,40.91,0.558823529411767,0.6661764705882349,5.52,6.000000000002046,0.2010243018064977,386.0,50.0,0.4514449882380299,496.9999999999999,17.73300331787758,2021-05-01 11:41:40
88.08,0.5380444166775681,42.85,0.4705882352941199,0.724019607843137,5.82,6.000000000002046,0.2010243018064977,386.0,50.0,0.481541320787232,498.0000000000002,17.934027619684077,2021-05-01 11:41:50
88.13126984126984,0.571672192719916,42.35,0.5294117647058847,0.9106753812636164,6.42,0.0,0.0,386.6031746031746,50.23809523809524,0.511637653336434,498.0000000000002,17.934027619684077,2021-05-01 11:42:00
88.18253968253968,0.6052999687622639,48.81,0.6764705882352966,1.0063180827886709,6.42,17.999999999995225,0.5708762508999616,387.2063492063492,50.476190476190474,0.5417339858856359,500.99999999999943,18.504903870584037,2021-05-01 11:42:10
88.23380952380953,0.638927744804612,43.02,2.6470588235294144,0.9475294117647057,6.72,0.0,0.0,387.8095238095238,50.714285714285715,0.571830318434838,500.99999999999943,18.504903870584037,2021-05-01 11:42:20
88.28507936507937,0.67255552084696,43.3,2.610294117647061,0.4612745098039214,7.0200000000000005,9.000000000005798,0.2693388839710239,388.41269841269843,50.95238095238095,0.60192665098404,502.5000000000004,18.77424275455506,2021-05-01 11:42:30
88.33634920634921,0.7061832968893079,37.055,1.6985294117647078,0.25882352941176456,3.5100000000000002,1.4999999999965894,0.043548156085306454,389.015873015873,51.19047619047619,0.6320229835332418,502.74999999999983,18.81779091064037,2021-05-01 11:42:40
88.38761904761904,0.7398110729316559,30.810000000000002,0.7867647058823546,-0.08235294117647074,0.0,1.5000000000017053,0.04220646330600056,389.6190476190476,51.42857142857143,0.6621193160824439,503.0000000000001,18.85999737394637,2021-05-01 11:42:50
88.43888888888888,0.7734388489740041,30.48,-0.12499999999999867,-0.2000000000000001,0.0,0.0,0.0,390.22222222222223,51.666666666666664,0.692215648631646,503.0000000000001,18.85999737394637,2021-05-01 11:43:00
88.49015873015873,0.807066625016352,30.49,-0.352941176470587,-0.20588235294117657,0.0,0.0,0.0,390.8253968253968,51.904761904761905,0.7223119811808478,503.0000000000001,18.85999737394637,2021-05-01 11:43:10
88.54142857142857,0.8406944010587,30.455,-0.352941176470587,-0.1882352941176472,0.0,0.0,0.0,391.42857142857144,52.142857142857146,0.7524083137300498,503.0000000000001,18.85999737394637,2021-05-01 11:43:20
88.59269841269841,0.8743221771010481,30.38,-0.2941176470588219,-0.1882352941176472,0.0,0.0,0.0,392.031746031746,52.38095238095238,0.7825046462792519,503.0000000000001,18.85999737394637,2021-05-01 11:43:30
88.64396825396825,0.9079499531433961,30.53,-0.2352941176470568,-0.1882352941176472,0.0,0.0,0.0,392.63492063492066,52.61904761904762,0.8126009788284541,503.0000000000001,18.85999737394637,2021-05-01 11:43:40
88.6952380952381,0.941577729185744,30.6,-0.2352941176470568,-0.20588235294117657,0.0,0.0,0.0,393.23809523809524,52.857142857142854,0.842697311377656,503.0000000000001,18.85999737394637,2021-05-01 11:43:50
88.74650793650794,0.975205505228092,30.45,-0.2352941176470568,-0.24705882352941194,0.0,0.0,0.0,393.8412698412698,53.095238095238095,0.872793643926858,503.0000000000001,18.85999737394637,2021-05-01 11:44:00
88.79777777777778,1.00883328127044,30.58,-0.2352941176470568,-0.29411764705882376,0.0,0.0,0.0,394.44444444444446,53.333333333333336,0.9028899764760598,503.0000000000001,18.85999737394637,2021-05-01 11:44:10
88.84904761904762,1.0424610573127882,30.355,-0.2352941176470568,-0.3647058823529414,0.0,0.0,0.0,395.04761904761904,53.57142857142857,0.9329863090252619,503.0000000000001,18.85999737394637,2021-05-01 11:44:20
88.90031746031745,1.0760888333551362,30.38,-0.32352941176470373,-0.45294117647058835,0.0,0.0,0.0,395.6507936507937,53.80952380952381,0.963082641574464,503.0000000000001,18.85999737394637,2021-05-01 11:44:30
88.9515873015873,1.109716609397484,30.28,-0.3529411764705861,-0.5058823529411767,0.0,0.0,0.0,396.25396825396825,54.04761904761905,0.993178974123666,503.0000000000001,18.85999737394637,2021-05-01 11:44:40
89.00285714285714,1.143344385439832,30.34,-0.3529411764705861,-0.5647058823529413,0.0,0.0,0.0,396.85714285714283,54.285714285714285,1.023275306672868,503.0000000000001,18.85999737394637,2021-05-01 11:44:50
89.05412698412698,1.17697216148218,30.27,-0.23529411764705666,-0.5411764705882354,0.0,0.0,0.0,397.46031746031747,54.523809523809526,1.05337163922207,503.0000000000001,18.85999737394637,2021-05-01 11:45:00
89.10539682539682,1.2105999375245278,30.134999999999998,0.17647058823529635,-0.43529411764705905,0.0,0.0,0.0,398.06349206349205,54.76190476190476,1.0834679717712719,503.0000000000001,18.85999737394637,2021-05-01 11:45:10
89.15666666666667,1.244227713566876,49.17,0.3235294117647082,-0.3470588235294119,1.2,0.0,0.0,398.6666666666667,55.0,1.113564304320474,503.0000000000001,18.85999737394637,2021-05-01 11:45:20
89.20793650793651,1.277855489609224,46.04,0.44117647058823783,-0.22352941176470606,2.76,5.999999999996589,0.08294205307936584,399.26984126984127,55.23809523809524,1.143660636869676,503.99999999999955,18.942939427025735,2021-05-01 11:45:30
89.25920634920635,1.3114832656515718,42.57,0.2745098039215703,-0.0882352941176472,3.36,0.0,0.0,399.87301587301585,55.476190476190474,1.1737569694188779,503.99999999999955,18.942939427025735,2021-05-01 11:45:40
89.3104761904762,1.34511104169392,39.980000000000004,-0.9803921568627425,0.035294117647058594,4.59,2.9999999999982947,0.03610251078262641,400.4761904761905,55.714285714285715,1.20385330196808,504.49999999999926,18.97904193780836,2021-05-01 11:45:50
89.36174603174604,1.34511104169392,41.06,-1.1176470588235266,0.10588235294117626,5.82,9.000000000005798,0.10025462540299938,401.07936507936506,55.95238095238095,1.20385330196808,506.0000000000002,19.07929656321136,2021-05-01 11:46:00
89.41301587301588,1.34511104169392,40.64,-0.8823529411764681,0.152941176470588,6.72,5.999999999996589,0.061467758788244585,401.6825396825397,56.19047619047619,1.20385330196808,506.99999999999966,19.140764321999605,2021-05-01 11:46:10
89.46428571428571,1.34511104169392,39.93,-0.5882352941176445,0.24705882352941144,6.57,4.500000000000341,0.042074288567280405,402.2857142857143,56.42857142857143,1.20385330196808,507.7499999999997,19.182838610566886,2021-05-01 11:46:20
89.51555555555555,1.34511104169392,39.22,-0.5588235294117622,0.3647058823529409,6.42,4.5,0.03804772435377635,402.8888888888889,56.666666666666664,1.20385330196808,508.4999999999997,19.220886334920664,2021-05-01 11:46:30
89.5668253968254,1.34511104169392,39.495,-0.17647058823529177,0.3999999999999997,6.495,7.499999999998636,0.056701882791395763,403.4920634920635,56.904761904761905,1.20385330196808,509.7499999999995,19.277588217712058,2021-05-01 11:46:40
89.61809523809524,1.34511104169392,39.769999999999996,0.11764705882353163,0.3999999999999997,6.57,7.500000000003752,0.049990846257756606,404.0952380952381,57.14285714285714,1.20385330196808,511.0000000000001,19.327579063969814,2021-05-01 11:46:50
89.66936507936508,1.34511104169392,38.59,0.1176470588235323,0.3999999999999997,6.72,11.999999999998636,0.06924763151290937,404.6984126984127,57.38095238095238,1.20385330196808,512.9999999999999,19.396826695482723,2021-05-01 11:47:00
89.72063492063492,1.34511104169392,39.79,0.38235294117647367,0.43529411764705855,6.72,6.000000000002046,0.029254926782889424,405.3015873015873,57.61904761904762,1.20385330196808,514.0000000000002,19.426081622265613,2021-05-01 11:47:10
89.77190476190476,1.33371183593419,40.4,0.7352941176470618,0.4941176470588233,6.72,5.999999999996589,0.023886014384390905,405.9047619047619,57.857142857142854,1.1936511914595058,514.9999999999997,19.449967636650005,2021-05-01 11:47:20
89.8231746031746,1.34511104169392,40.11,1.0882352941176499,0.5999999999999999,7.0200000000000005,6.000000000002046,0.01851708286001554,406.5079365079365,58.095238095238095,1.20385330196808,516.0,19.46848471951002,2021-05-01 11:47:30
89.87444444444445,1.34511104169392,41.31,1.352941176470591,0.5712074303405571,7.0200000000000005,5.999999999996589,0.013148136508677015,407.1111111111111,58.33333333333333,1.20385330196808,516.9999999999994,19.481632856018695,2021-05-01 11:47:40
89.92571428571429,1.34511104169392,40.83,1.5000000000000027,0.5080495356037149,4.26,6.000000000002046,0.007779179629435614,407.7142857142857,58.57142857142857,1.20385330196808,517.9999999999998,19.48941203564813,2021-05-01 11:47:50
89.97698412698412,1.34511104169392,39.45,0.9803921568627476,0.16470588235294087,3.66,6.000000000002046,0.0024102165212680614,408.3174603174603,58.80952380952381,1.20385330196808,519.0000000000001,19.4918222521694,2021-05-01 11:48:00
90.02825396825396,1.34511104169392,38.1,-0.7450980392156824,-2.3071822230491534e-16,2.46,0.0,-0.0,408.92063492063494,59.04761904761905,1.20385330196808,519.0000000000001,19.4918222521694,2021-05-01 11:48:10
90.0795238095238,1.34511104169392,37.58,-1.17647058823529,-0.04117647058823548,0.3,0.0,-0.0,409.5238095238095,59.285714285714285,1.20385330196808,519.0000000000001,19.4918222521694,2021-05-01 11:48:20
90.13079365079365,1.34511104169392,39.24,-1.0882352941176432,-0.029411764705882533,2.46,5.999999999996589,-0.013696667186555373,410.1269841269841,59.523809523809526,1.20385330196808,519.9999999999995,19.478125584982845,2021-05-01 11:48:30
90.18206349206349,1.33371183593419,37.99,-1.0882352941176432,-0.023529411764706066,3.36,0.0,-0.0,410.73015873015873,59.76190476190476,1.1936511914595058,519.9999999999995,19.478125584982845,2021-05-01 11:48:40
90.23333333333333,1.34511104169392,38.435,-0.8823529411764666,-0.01176470588235315,3.81,2.9999999999986358,-0.01221727099387376,411.3333333333333,60.0,1.20385330196808,520.4999999999993,19.465908313988972,2021-05-01 11:48:50
90.28460317460318,1.34511104169392,38.8925,1.197385620915036,0.04941176470588207,4.365,4.5,-0.02235258914261113,411.93650793650795,60.23809523809524,1.20385330196808,521.2499999999993,19.443555724846362,2021-05-01 11:49:00
90.33587301587302,1.34511104169392,39.35,5.986928104575165,0.17764705882352916,4.92,4.500000000005457,-0.026379253896353518,412.53968253968253,60.476190476190474,1.20385330196808,522.0000000000002,19.417176470950007,2021-05-01 11:49:10
90.38714285714286,0.9689359797250701,39.144999999999996,10.776470588235295,1.069793322734499,6.12,5.999999999996589,-0.040541196703622565,413.14285714285717,60.714285714285715,0.8671825168565743,522.9999999999997,19.376635274246386,2021-05-01 11:49:20
90.4384126984127,0.9689359797250701,46.2,12.036199095022628,1.7873374613003095,6.72,6.000000000002046,-0.04591002241688245,413.74603174603175,60.95238095238095,0.8671825168565743,524.0,19.330725251829502,2021-05-01 11:49:30
90.48968253968255,0.92333893334696,62.99,9.432126696832581,1.8755462184873948,0.0,5.999999999996589,-0.05127881136915702,414.3492063492063,61.19047619047619,0.8263738749372033,524.9999999999994,19.279446440460344,2021-05-01 11:49:40
90.54095238095238,0.9347381958878401,44.48,-0.8823529411764675,0.35462184873949565,1.2,0.0,-0.0,414.95238095238096,61.42857142857143,0.8365760362640168,524.9999999999994,19.279446440460344,2021-05-01 11:49:50
90.59222222222222,1.0145329693220302,44.79,-0.941176470588232,-0.04117647058823545,0.8999999999999999,0.0,-0.0,415.55555555555554,61.666666666666664,0.9079911079577062,524.9999999999994,19.279446440460344,2021-05-01 11:50:00
90.64349206349206,1.0145329693220302,46.82,-0.941176470588232,-0.04705882352941192,1.38,0.0,-0.0,416.1587301587302,61.904761904761905,0.9079911079577062,524.9999999999994,19.279446440460344,2021-05-01 11:50:10
90.6947619047619,1.0145329693220302,45.39,-0.941176470588232,-0.011764705882353121,2.1599999999999997,6.000000000002046,-0.07275351359244973,416.76190476190476,62.14285714285714,0.9079911079577062,525.9999999999998,19.206692926867895,2021-05-01 11:50:20
90.74603174603175,1.0145329693220302,45.14,2.3294117647058856,0.34201680672268886,2.46,0.0,-0.0,417.36507936507934,62.38095238095238,0.9079911079577062,525.9999999999998,19.206692926867895,2021-05-01 11:50:30
90.79730158730159,1.0145329693220302,43.5,8.676018099547514,0.8974789915966385,3.36,0.0,-0.0,417.968253968254,62.61904761904762,0.9079911079577062,525.9999999999998,19.206692926867895,2021-05-01 11:50:40
90.84857142857143,1.0145329693220302,46.4,9.525685387277086,1.1650326797385617,4.62,6.000000000002046,-0.08885894362913759,418.57142857142856,62.857142857142854,0.9079911079577062,527.0000000000001,19.117833983238757,2021-05-01 11:50:50
90.89984126984127,1.03733149440379,44.58,6.823529411764708,0.7026693030153236,1.2,0.0,-0.0,419.1746031746032,63.095238095238095,0.9283954306113328,527.0000000000001,19.117833983238757,2021-05-01 11:51:00
90.95111111111112,1.020232572201895,45.79,4.7058823529411775,0.7496266618102347,1.5599999999999998,5.999999999996589,-0.09959554839721343,419.77777777777777,63.33333333333333,0.913092163211993,527.9999999999995,19.018238434841543,2021-05-01 11:51:10
91.00238095238096,1.0145329693220302,46.730000000000004,4.705882352941178,1.1103772503153304,3.69,0.0,-0.0,420.3809523809524,63.57142857142857,0.9079911079577062,527.9999999999995,19.018238434841543,2021-05-01 11:51:20
91.05365079365079,1.00313365,48.63,5.411764705882355,1.6176034858387796,5.22,6.000000000002046,-0.1103318341744296,420.984126984127,63.80952380952381,0.8977888958126533,528.9999999999999,18.90790660066711,2021-05-01 11:51:30
91.10492063492063,1.0145329693220302,50.33,10.411764705882355,2.0176876267748476,6.119999999999999,6.000000000002046,-0.11569984669541428,421.58730158730157,64.04761904761905,0.9079911079577062,530.0000000000002,18.792206753971698,2021-05-01 11:51:40
91.15619047619047,1.0145329693220302,56.55,16.057422969187677,1.7765998707175172,6.72,5.999999999996589,-0.12106776657353939,422.1904761904762,64.28571428571428,0.9079911079577062,530.9999999999997,18.67113898739816,2021-05-01 11:51:50
91.20746031746032,1.02593217508176,53.7,11.441176470588237,1.644289044289044,3.66,6.000000000002046,-0.12643558951095454,422.7936507936508,64.52380952380952,0.9181932184662801,532.0,18.544703397887204,2021-05-01 11:52:00
91.25873015873016,1.0145329693220302,56.93,10.447058823529414,1.6731147795086412,3.66,0.0,-0.0,423.3968253968254,64.76190476190476,0.9079911079577062,532.0,18.544703397887204,2021-05-01 11:52:10
91.31,1.02593217508176,57.61,13.297058823529413,1.856789118809579,3.99,5.999999999996589,-0.13717092737031772,424.0,65.0,0.9181932184662801,532.9999999999994,18.407532470516887,2021-05-01 11:52:20
91.31,1.02593217508176,47.96,10.404411764705884,1.8729182582123758,0.3,0.0,-0.0,424.0,65.0,0.9181932184662801,532.9999999999994,18.407532470516887,2021-05-01 11:52:30
91.31,1.2539170625000002,49.875,7.398692810457518,0.37647058823529383,1.2299999999999998,0.0,-0.0,424.0,65.0,1.1222361197658168,532.9999999999994,18.407532470516887,2021-05-01 11:52:40
91.6325,1.2539170625000002,51.79,14.09150326797386,0.37647058823529383,2.1599999999999997,0.0,-0.0,376.0,70.0,1.1222361197658168,532.9999999999994,18.407532470516887,2021-05-01 11:52:50
91.955,1.2539170625000002,49.39,15.676470588235295,0.37647058823529383,3.0599999999999996,6.000000000002046,-0.20468739779562198,376.0,70.0,1.1222361197658168,533.9999999999998,18.202845072721267,2021-05-01 11:53:00
92.2775,1.2539170625000002,49.27,15.647058823529413,0.35882352941176443,3.0599999999999996,6.000000000002046,-0.23843644036107045,376.0,70.0,1.1222361197658168,535.0000000000001,17.964408632360197,2021-05-01 11:53:10
92.6,1.2539170625000002,48.31,4.058823529411767,0.329411764705882,3.36,0.0,-0.0,442.0,80.0,1.1222361197658168,535.0000000000001,17.964408632360197,2021-05-01 11:53:20
92.6,1.2539170625000002,50.04,13.463235294117649,0.6462474645030423,3.0599999999999996,5.999999999996589,-0.2721779287753674,442.0,80.0,1.1222361197658168,535.9999999999995,17.69223070358483,2021-05-01 11:53:30
92.6,1.2539170625000002,48.27,8.426470588235297,1.6515082117385327,3.96,0.0,-0.0,442.0,80.0,1.1222361197658168,535.9999999999995,17.69223070358483,2021-05-01 11:53:40
92.6,1.2539170625000002,61.61,11.058823529411768,1.774159047783336,3.66,6.000000000002046,-0.2721779287756149,442.0,80.0,1.1222361197658168,536.9999999999999,17.420052774809214,2021-05-01 11:53:50
93.12,1.2653162682597299,46.15,10.075980392156865,0.5550802139037431,0.6,0.0,-0.0,450.0,85.0,1.1324382302743905,536.9999999999999,17.420052774809214,2021-05-01 11:54:00
93.28,1.2539170625000002,48.82,8.111928104575167,0.22352941176470562,1.8599999999999999,5.999999999996589,-0.3432932185464338,406.0,80.0,1.1222361197658168,537.9999999999993,17.07675955626278,2021-05-01 11:54:10
93.28,1.259616665379865,50.22,6.147875816993466,0.4882352941176468,2.46,0.0,-0.0,406.0,80.0,1.1273371750201036,537.9999999999993,17.07675955626278,2021-05-01 11:54:20
93.4,1.2567668639399323,49.17,4.183823529411766,0.5294117647058821,3.0599999999999996,0.0,-0.0,412.0,74.0,1.1247866473929597,537.9999999999993,17.07675955626278,2021-05-01 11:54:30
93.4,1.2539170625000002,49.12,2.219771241830067,0.3411764705882351,2.46,6.000000000002046,-0.35583824145589166,412.0,74.0,1.1222361197658168,538.9999999999997,16.720921314806887,2021-05-01 11:54:40
93.52,1.2539170625000002,48.72,0.2557189542483673,0.229411764705882,2.46,0.0,-0.0,447.0,84.0,1.1222361197658168,538.9999999999997,16.720921314806887,2021-05-01 11:54:50
93.63,1.2539170625000002,44.79,-0.1764705882352926,0.16470588235294087,0.0,0.0,-0.0,411.0,84.0,1.1222361197658168,538.9999999999997,16.720921314806887,2021-05-01 11:55:00
93.63,1.2539170625000002,48.035,-0.05882352941176183,0.17647058823529382,2.31,6.000000000002046,-0.37987845882773036,411.0,84.0,1.1222361197658168,540.0,16.341042855979158,2021-05-01 11:55:10
93.8,1.2539170625000002,47.66,-0.11764705882352722,0.18823529411764678,2.76,0.0,-0.0,421.0,79.0,1.1222361197658168,540.0,16.341042855979158,2021-05-01 11:55:20
93.88499999999999,1.2539170625000002,46.2,-0.02941176470587914,0.20588235294117613,2.46,5.999999999996589,-0.4065245712235794,415.0,78.0,1.1222361197658168,540.9999999999994,15.934518284755578,2021-05-01 11:55:30
93.97,1.2539170625000002,47.66,-0.028462998102463312,0.34117647058823497,3.0599999999999996,0.0,-0.0,409.0,77.0,1.1222361197658168,540.9999999999994,15.934518284755578,2021-05-01 11:55:40
93.97,1.2539170625000002,46.6,-0.06641366223908579,0.37058823529411733,2.91,3.0000000000040927,-0.207702422672168,409.0,77.0,1.1222361197658168,541.5000000000001,15.72681586208341,2021-05-01 11:55:50
93.97,1.2539170625000002,47.86,-0.10436432637570828,0.3647058823529409,2.76,2.9999999999979536,-0.207702422671743,409.0,77.0,1.1222361197658168,541.9999999999998,15.519113439411667,2021-05-01 11:56:00
94.32,1.2653162682597299,46.25,-0.14231499051233076,0.35882352941176443,2.76,6.000000000002046,-0.4519608331677497,447.0,82.0,1.1324382302743905,543.0000000000001,15.067152606243917,2021-05-01 11:56:10
94.475,1.2653162682597299,47.43,-0.18026565464895328,0.3529411764705879,3.0599999999999996,0.0,-0.0,418.0,80.0,1.1324382302743905,543.0000000000001,15.067152606243917,2021-05-01 11:56:20
94.63,1.2539170625000002,46.71,-0.21821631878557574,0.3117647058823527,2.76,0.0,-0.0,418.0,72.0,1.1222361197658168,543.0000000000001,15.067152606243917,2021-05-01 11:56:30
94.63,1.2539170625000002,45.99,-0.2561669829221982,0.3352941176470585,2.76,5.999999999996589,-0.4843249530706344,418.0,72.0,1.1222361197658168,543.9999999999995,14.582827653173283,2021-05-01 11:56:40
94.63,1.2539170625000002,46.53,-0.2941176470588207,0.34117647058823497,2.61,3.0000000000040927,-0.2421624765357852,418.0,72.0,1.1222361197658168,544.5000000000002,14.340665176637497,2021-05-01 11:56:50
94.84,1.2539170625000002,46.315,-0.3320683111954432,0.3470588235294114,2.685,1.4999999999965894,-0.12656025920773642,442.0,75.0,1.1222361197658168,544.7499999999997,14.214104917429761,2021-05-01 11:57:00
94.84,1.2539170625000002,46.1,-0.3700189753320657,0.37058823529411733,2.76,1.5000000000013642,-0.1265602592081393,442.0,75.0,1.1222361197658168,544.9999999999999,14.087544658221622,2021-05-01 11:57:10
95.04,1.2539170625000002,46.349999999999994,-0.40796963946868814,0.3529411764705879,2.61,5.999999999996589,-0.5271071793041601,427.0,79.0,1.1222361197658168,545.9999999999993,13.560437478917462,2021-05-01 11:57:20
95.15,1.2539170625000002,46.8,-0.44592030360531065,0.34117647058823497,2.46,0.0,-0.0,455.0,78.0,1.1222361197658168,545.9999999999993,13.560437478917462,2021-05-01 11:57:30
95.15,1.2539170625000002,47.42,-0.48387096774193317,0.3117647058823527,2.76,6.000000000002046,-0.5385808362692172,455.0,78.0,1.1222361197658168,546.9999999999997,13.021856642648245,2021-05-01 11:57:40
95.4,1.2539170625000002,48.47,-0.5218216318785556,0.21764705882352914,2.46,0.0,-0.0,447.0,78.0,1.1222361197658168,546.9999999999997,13.021856642648245,2021-05-01 11:57:50
95.4,0.5927608041939201,42.77,-0.5597722960151781,0.09411764705882336,0.0,0.0,-0.0,447.0,78.0,0.53051163010859,546.9999999999997,13.021856642648245,2021-05-01 11:58:00
95.63,1.0145329693220302,40.35,-0.42647058823529127,0.0470588235294116,0.0,0.0,-0.0,68.0,52.0,0.9079911079577062,546.9999999999997,13.021856642648245,2021-05-01 12:01:50
95.63,1.035051582843218,60.81,-0.45098039215686103,0.07647058823529387,1.2,0.0,-0.0,231.0,62.0,0.9263549454950013,546.9999999999997,13.021856642648245,2021-05-01 12:02:00
95.63,1.055570196364406,56.79,-0.37254901960784137,0.09999999999999976,2.1599999999999997,6.000000000002046,-0.5886239172419526,231.0,62.0,0.9447187830322964,548.0,12.433232725406294,2021-05-01 12:02:10
95.68333333333334,1.076088809885594,52.9,-0.2941176470588216,0.11764705882352912,1.8599999999999999,0.0,-0.0,256.0,63.333333333333336,0.9630826205695917,548.0,12.433232725406294,2021-05-01 12:02:20
95.73666666666666,1.0966074234067822,50.88,-0.2156862745098019,0.11764705882352912,2.1599999999999997,0.0,-0.0,281.0,64.66666666666667,0.981446458106887,548.0,12.433232725406294,2021-05-01 12:02:30
95.79,1.11712603692797,50.254999999999995,-0.13725490196078216,0.11764705882352912,2.31,2.9999999999986358,-0.302647968612811,306.0,66.0,0.9998102956441821,548.4999999999998,12.130584756793482,2021-05-01 12:02:40
95.79,1.11712603692797,48.36,-0.05882352941176247,0.13529411764705854,2.46,2.9999999999986358,-0.302647968612811,306.0,66.0,0.9998102956441821,548.9999999999995,11.82793678818067,2021-05-01 12:02:50
95.93,1.11712603692797,48.53,0.019607843137257275,0.19999999999999968,2.76,0.0,-0.0,300.0,68.0,0.9998102956441821,548.9999999999995,11.82793678818067,2021-05-01 12:03:00
96.07,1.11712603692797,49.32,0.09803921568627694,0.22941176470588198,2.46,6.000000000001364,-0.6344605359811096,294.0,70.0,0.9998102956441821,549.9999999999998,11.193476252199561,2021-05-01 12:03:10
96.07,1.11712603692797,49.72,0.1764705882352967,0.21764705882352908,2.46,0.0,-0.0,294.0,70.0,0.9998102956441821,549.9999999999998,11.193476252199561,2021-05-01 12:03:20
96.07,1.11712603692797,50.24,0.2352941176470615,0.24117647058823494,2.76,6.000000000002046,-0.6344605359811817,294.0,70.0,0.9998102956441821,551.0000000000001,10.55901571621838,2021-05-01 12:03:30
96.36,1.11712603692797,50.28,0.20588235294117926,0.2529411764705879,3.0599999999999996,0.0,-0.0,311.0,79.0,0.9998102956441821,551.0000000000001,10.55901571621838,2021-05-01 12:03:40
96.48,1.11712603692797,50.53,0.05882352941176804,0.22352941176470553,3.66,5.999999999996589,-0.6771383092405056,334.0,77.0,0.9998102956441821,551.9999999999995,9.881877406977873,2021-05-01 12:03:50
96.48,1.11712603692797,47.2,0.6617647058823561,0.17647058823529385,3.66,0.0,-0.0,334.0,77.0,0.9998102956441821,551.9999999999995,9.881877406977873,2021-05-01 12:04:00
96.86,1.11712603692797,48.31,1.5441176470588263,0.11176470588235271,3.66,6.000000000002046,-0.7166624054566122,287.0,71.0,0.9998102956441821,552.9999999999999,9.165215001521261,2021-05-01 12:04:10
96.955,1.11712603692797,47.46,1.352941176470591,0.005882352941176269,4.26,5.9999999999972715,-0.726538571838496,286.0,70.5,0.9998102956441821,553.9999999999994,8.438676429682765,2021-05-01 12:04:20
97.05,1.11712603692797,47.18,1.1470588235294141,-0.04705882352941192,4.4399999999999995,3.0000000000034106,-0.3682063704214629,285.0,70.0,0.9998102956441821,554.5,8.070470059261302,2021-05-01 12:04:30
97.05,1.11712603692797,46.9,1.058823529411767,-0.05882352941176486,4.62,2.9999999999986358,-0.3682063704208769,285.0,70.0,0.9998102956441821,554.9999999999998,7.702263688840425,2021-05-01 12:04:40
97.05,1.11712603692797,46.59,1.4117647058823548,-2.185751579730777e-16,5.22,6.000000000001364,-0.7364127408422562,285.0,70.0,0.9998102956441821,556.0,6.9658509479981685,2021-05-01 12:04:50
97.5,1.11712603692797,48.36,4.1176470588235325,0.29411764705882326,5.22,0.0,-0.0,282.0,70.0,0.9998102956441821,556.0,6.9658509479981685,2021-05-01 12:05:00
97.72,1.10572683116824,47.15,4.313725490196081,0.35356037151702757,5.52,5.9999999999972715,-0.8059925738498424,287.0,73.0,0.989608185135608,556.9999999999995,6.159858374148326,2021-05-01 12:05:10
97.95,1.11712603692797,46.39,5.098039215686278,0.5076322519854621,5.52,6.000000000001364,-0.8298532569765027,296.0,74.0,0.9998102956441821,557.9999999999998,5.330005117171824,2021-05-01 12:05:20
98.16,1.11712603692797,48.16,5.294117647058826,0.5892583120204601,5.22,6.000000000002046,-0.8516274290423564,295.0,76.0,0.9998102956441821,559.0000000000001,4.478377688129468,2021-05-01 12:05:30
98.41,1.11712603692797,49.82,5.4705882352941195,0.5660311555452218,5.52,5.9999999999972715,-0.8775341215835256,319.0,73.0,0.9998102956441821,559.9999999999997,3.6008435665459424,2021-05-01 12:05:40
98.41,1.11712603692797,47.6,4.982352941176472,0.5470588235294116,5.52,6.000000000002046,-0.877534121584224,319.0,73.0,0.9998102956441821,561.0,2.7233094449617186,2021-05-01 12:05:50
98.88,1.11712603692797,49.77,4.252941176470591,0.5823529411764703,5.82,5.999999999996589,-0.9261930829810998,330.0,71.0,0.9998102956441821,561.9999999999994,1.7971163619806187,2021-05-01 12:06:00
99.05,1.11712603692797,48.5,3.523529411764709,0.7176470588235291,5.67,9.000000000005457,-1.4156669343730495,359.0,71.0,0.9998102956441821,563.5000000000003,0.3814494276075693,2021-05-01 12:06:10
99.215,1.11712603692797,51.69,2.794117647058827,0.7823529411764703,5.52,8.999999999995225,-1.4412565249166378,364.0,65.5,0.9998102956441821,564.9999999999995,-1.0598070973090685,2021-05-01 12:06:20
99.38,1.10572683116824,51.13,2.064705882352945,0.702614379084967,5.52,0.0,-0.0,369.0,60.0,0.989608185135608,564.9999999999995,-1.0598070973090685,2021-05-01 12:06:30
99.38,1.11712603692797,48.51,1.7941176470588265,0.2941176470588234,4.92,6.000000000002046,-0.9778894418862817,369.0,60.0,0.9998102956441821,565.9999999999999,-2.03769653919535,2021-05-01 12:06:40
99.6,1.10572683116824,47.605000000000004,1.4705882352941204,0.035294117647058657,4.59,3.0000000000034106,-0.5003062401488753,296.0,52.0,0.989608185135608,566.5000000000005,-2.5380027793442252,2021-05-01 12:06:50
99.6,1.111426434048105,46.7,1.294117647058826,-0.01176470588235308,4.26,2.9999999999986358,-0.500306240148079,296.0,52.0,0.9947092403898949,567.0000000000002,-3.038309019492304,2021-05-01 12:07:00
99.83,1.11712603692797,47.1,1.294117647058826,-0.023529411764706,4.62,5.999999999996589,-1.0243526050771266,280.0,49.0,0.9998102956441821,567.9999999999997,-4.062661624569431,2021-05-01 12:07:10
99.94,1.0601299021378399,46.6,1.1764705882352966,-0.023529411764706,4.26,6.000000000002046,-1.0357007662491924,279.0,53.0,0.9487996482405983,569.0,-5.0983623908186235,2021-05-01 12:07:20
99.94,0.94613745842872,47.06,1.1764705882352966,-0.02941176470588248,4.26,5.999999999996589,-1.0357007662482502,279.0,53.0,0.8467781975908302,569.9999999999994,-6.1340631570668736,2021-05-01 12:07:30
99.94,0.95753671718419,46.29,1.1176470588235319,-0.05882352941176486,4.62,0.0,-0.0,279.0,53.0,0.8569803555297608,569.9999999999994,-6.1340631570668736,2021-05-01 12:07:40
100.34,0.95753671718419,46.91,0.794117647058826,-0.0705882352941178,4.62,6.000000000002046,-1.0769343169351369,212.0,50.0,0.8569803555297608,570.9999999999998,-7.21099747400201,2021-05-01 12:07:50
100.34,0.95753671718419,47.0,0.5294117647058844,-0.0705882352941178,4.62,6.000000000002046,-1.0769343169351369,212.0,50.0,0.8569803555297608,572.0000000000001,-8.287931790937147,2021-05-01 12:08:00
100.34,0.94613745842872,45.79,0.24509803921568862,-0.0705882352941178,4.26,5.999999999996589,-1.0769343169341574,212.0,50.0,0.8467781975908302,572.9999999999995,-9.364866107871304,2021-05-01 12:08:10
100.57,0.95753671718419,45.84,-0.26470588235293846,-0.06470588235294131,4.26,6.000000000002046,-1.1006199700520334,214.0,41.0,0.8569803555297608,573.9999999999999,-10.465486077923337,2021-05-01 12:08:20
100.68,0.94613745842872,41.71,-0.8823529411764675,-0.04705882352941187,0.0,0.0,-0.0,216.0,43.0,0.8467781975908302,573.9999999999999,-10.465486077923337,2021-05-01 12:08:30
100.78,0.5927608041939201,-10.58,-1.2941176470588207,-0.06470588235294131,1.5599999999999998,0.0,-0.0,60.0,46.0,0.53051163010859,573.9999999999999,-10.465486077923337,2021-05-01 12:36:40
90.53,0.021063825646197173,-21.71,-4.352941176470587,-0.0235294117647058,0.0,0.0,-0.0,42.0,46.61538461538461,0.018851793844708135,573.9999999999999,-10.465486077923337,2021-05-01 13:23:10
90.53,0.04212765129239435,-21.704444444444444,-4.352941176470587,-0.0235294117647058,0.0,0.0,-0.0,42.0,46.15384615384615,0.004189287521046253,573.9999999999999,-10.465486077923337,2021-05-01 13:23:20
90.53,0.06319147693859153,-21.698888888888888,-4.352941176470587,-0.0235294117647058,0.0,0.0,-0.0,42.0,45.69230769230769,0.05655538153412442,573.9999999999999,-10.465486077923337,2021-05-01 13:23:30
90.53,0.0842553025847887,-21.693333333333335,-4.352941176470587,-0.0235294117647058,0.0,0.0,-0.0,42.0,45.23076923076923,0.07540717537883254,573.9999999999999,-10.465486077923337,2021-05-01 13:23:40
90.53,0.10531912823098587,-21.68777777777778,-4.352941176470587,-0.0235294117647058,0.0,0.0,-0.0,42.0,44.76923076923077,0.0628393128156938,573.9999999999999,-10.465486077923337,2021-05-01 13:23:50
90.53,0.12638295387718307,-21.682222222222222,-4.352941176470587,-0.0235294117647058,0.0,0.0,-0.0,42.0,44.30769230769231,0.11311076306824884,573.9999999999999,-10.465486077923337,2021-05-01 13:24:00
90.53,0.14744677952338023,-21.676666666666666,-4.352941176470587,-0.0235294117647058,0.0,0.0,-0.0,42.0,43.84615384615385,0.13196255691295697,573.9999999999999,-10.465486077923337,2021-05-01 13:24:10
90.53,0.1685106051695774,-21.671111111111113,-4.352941176470587,-0.0235294117647058,0.0,0.0,-0.0,42.0,43.38461538461539,0.15081435075766508,573.9999999999999,-10.465486077923337,2021-05-01 13:24:20
90.53,0.18957443081577457,-21.665555555555557,-4.352941176470587,-0.0235294117647058,0.0,0.0,-0.0,42.0,42.92307692307692,0.16966614460237323,573.9999999999999,-10.465486077923337,2021-05-01 13:24:30
90.53,0.21063825646197173,-21.66,-4.352941176470587,-0.0235294117647058,0.0,0.0,-0.0,42.0,42.46153846153846,0.1675715008418501,573.9999999999999,-10.465486077923337,2021-05-01 13:24:40
90.53,0.23170208210816892,-21.46,-4.352941176470587,-0.0235294117647058,0.0,0.0,-0.0,42.0,42.0,0.2073697322917895,573.9999999999999,-10.465486077923337,2021-05-01 13:24:50
90.53,0.25276590775436614,-21.485,-4.352941176470587,-0.0235294117647058,0.0,0.0,-0.0,42.0,42.0,0.22622152613649768,573.9999999999999,-10.465486077923337,2021-05-01 13:25:00
90.53,0.27382973340056327,-21.497500000000002,-4.352941176470587,-0.0235294117647058,0.0,0.0,-0.0,42.0,42.0,0.24507331998120577,573.9999999999999,-10.465486077923337,2021-05-01 13:25:10
90.53,0.29489355904676046,-21.51,-4.352941176470587,-0.0235294117647058,0.0,0.0,-0.0,42.0,42.0,0.26392511382591394,573.9999999999999,-10.465486077923337,2021-05-01 13:25:20
90.53,0.3159573846929576,-21.535,-4.352941176470587,-0.0235294117647058,0.0,0.0,-0.0,42.0,42.0,0.28277690767062197,573.9999999999999,-10.465486077923337,2021-05-01 13:25:30
90.53,0.3370212103391548,-21.322499999999998,-4.352941176470587,-0.0235294117647058,0.0,0.0,-0.0,42.0,42.0,0.30162870151533017,573.9999999999999,-10.465486077923337,2021-05-01 13:25:40
90.53,0.358085035985352,-21.11,-4.352941176470587,-0.0235294117647058,0.0,0.0,-0.0,42.0,42.0,0.32048049536003836,573.9999999999999,-10.465486077923337,2021-05-01 13:25:50
90.53,0.37914886163154915,0.97,-4.352941176470587,-0.0235294117647058,14.7,0.0,-0.0,42.0,42.0,0.33933228920474645,573.9999999999999,-10.465486077923337,2021-05-01 13:26:00
90.62,0.40021268727774634,17.86,-4.352941176470587,-0.0235294117647058,0.0,0.0,-0.0,143.0,35.0,0.3581840830494546,573.9999999999999,-10.465486077923337,2021-05-01 13:26:10
90.48,0.42127651292394347,16.37,-4.352941176470587,-0.0235294117647058,0.0,0.0,-0.0,144.0,44.0,0.3770358768941627,573.9999999999999,-10.465486077923337,2021-05-01 13:26:20
90.48,0.44234033857014066,15.92,-4.352941176470587,-0.0235294117647058,0.0,0.0,-0.0,144.0,44.0,0.3958876707388708,573.9999999999999,-10.465486077923337,2021-05-01 13:26:30
90.49,0.46340416421633784,18.92,-4.352941176470587,-0.0235294117647058,0.6,0.0,-0.0,154.0,38.0,0.414739464583579,573.9999999999999,-10.465486077923337,2021-05-01 13:26:40
90.49,0.48446798986253503,26.915,-4.352941176470587,-0.0235294117647058,1.38,0.0,-0.0,154.0,38.0,0.43359125842828716,573.9999999999999,-10.465486077923337,2021-05-01 13:26:50
90.49,0.5055318155087323,34.91,-4.352941176470587,-0.0235294117647058,2.1599999999999997,0.0,-0.0,154.0,38.0,0.45244305227299536,573.9999999999999,-10.465486077923337,2021-05-01 13:27:00
90.49,0.5265956411549294,34.22,-4.352941176470587,-0.0235294117647058,1.8599999999999999,0.0,-0.0,189.0,43.0,0.4712948461177035,573.9999999999999,-10.465486077923337,2021-05-01 13:27:10
90.49,0.5476594668011265,34.435,-4.352941176470587,-0.0235294117647058,2.0100000000000002,0.0,-0.0,204.0,44.0,0.49014663996241153,573.9999999999999,-10.465486077923337,2021-05-01 13:27:20
90.46,0.5687232924473238,34.92,-4.352941176470587,-0.0235294117647058,2.1599999999999997,0.0,-0.0,196.0,38.0,0.5089984338071198,573.9999999999999,-10.465486077923337,2021-05-01 13:27:30
90.46,0.5897871180935209,34.42,-4.352941176470587,-0.0235294117647058,1.5599999999999998,0.0,-0.0,196.0,38.0,0.5278502276518279,573.9999999999999,-10.465486077923337,2021-05-01 13:27:40
90.46,0.6108509437397182,33.2,-4.352941176470587,-0.0235294117647058,2.1599999999999997,0.0,-0.0,196.0,38.0,0.5467020214965361,573.9999999999999,-10.465486077923337,2021-05-01 13:27:50
90.46,0.6319147693859152,35.26,-4.352941176470587,-0.0235294117647058,2.1599999999999997,0.0,-0.0,196.0,38.0,0.5655538153412439,573.9999999999999,-10.465486077923337,2021-05-01 13:28:00
90.46,0.6529785950321124,33.25,-4.352941176470587,-0.0235294117647058,2.0100000000000002,0.0,-0.0,196.0,38.0,0.5844056091859522,573.9999999999999,-10.465486077923337,2021-05-01 13:28:10
90.38,0.6740424206783096,33.99,-4.352941176470587,-0.0235294117647058,1.8599999999999999,0.0,-0.0,201.0,42.0,0.6032574030306603,573.9999999999999,-10.465486077923337,2021-05-01 13:28:20
90.38499999999999,0.6951062463245069,34.010000000000005,-4.352941176470587,-0.0235294117647058,1.8599999999999999,0.0,-0.0,192.0,43.0,0.6221091968753686,573.9999999999999,-10.465486077923337,2021-05-01 13:28:30
90.39,0.716170071970704,34.03,-4.352941176470587,-0.0235294117647058,1.8599999999999999,0.0,-0.0,192.0,46.0,0.6409609907200767,573.9999999999999,-10.465486077923337,2021-05-01 13:28:40
90.39,0.7372338976169012,35.72,-4.352941176470587,-0.0235294117647058,1.8599999999999999,0.0,-0.0,192.0,46.0,0.6598127845647848,573.9999999999999,-10.465486077923337,2021-05-01 13:28:50
90.39,0.7582977232630983,36.13,-4.352941176470587,-0.0235294117647058,2.0100000000000002,0.0,-0.0,192.0,46.0,0.6786645784094929,573.9999999999999,-10.465486077923337,2021-05-01 13:29:00
90.35,0.7793615489092955,36.22,-4.352941176470587,-0.0235294117647058,1.8599999999999999,0.0,-0.0,189.0,48.0,0.6975163722542012,573.9999999999999,-10.465486077923337,2021-05-01 13:29:10
90.35,0.8004253745554927,35.57,-4.352941176470587,-0.0235294117647058,2.1599999999999997,0.0,-0.0,189.0,48.0,0.7163681660989092,573.9999999999999,-10.465486077923337,2021-05-01 13:29:20
90.32,0.8214892002016899,35.97,-4.352941176470587,-0.0235294117647058,1.8599999999999999,0.0,-0.0,206.0,46.0,0.7352199599436174,573.9999999999999,-10.465486077923337,2021-05-01 13:29:30
90.27,0.8425530258478869,36.22,-4.352941176470587,-0.0235294117647058,2.1599999999999997,0.0,-0.0,208.5,49.0,0.7540717537883254,573.9999999999999,-10.465486077923337,2021-05-01 13:29:40
90.22,0.8636168514940842,35.77,-4.352941176470587,-0.0235294117647058,2.1599999999999997,0.0,-0.0,211.0,52.0,0.7729235476330336,573.9999999999999,-10.465486077923337,2021-05-01 13:29:50
90.22,0.8846806771402813,36.47,-4.352941176470587,-0.0235294117647058,1.8599999999999999,0.0,-0.0,211.0,52.0,0.7917753414777416,573.9999999999999,-10.465486077923337,2021-05-01 13:30:00
90.145,0.9057445027864786,37.58,-4.352941176470587,-0.0235294117647058,2.1599999999999997,0.0,-0.0,194.0,49.0,0.8106271353224499,573.9999999999999,-10.465486077923337,2021-05-01 13:30:10
90.07,0.9268083284326757,37.14,-4.352941176470587,-0.0235294117647058,2.1599999999999997,0.0,-0.0,203.0,50.0,0.829478929167158,573.9999999999999,-10.465486077923337,2021-05-01 13:30:20
90.0,0.9478721540788729,36.71,-4.352941176470587,-0.0235294117647058,2.1599999999999997,0.0,0.0,196.0,53.0,0.8483307230118662,573.9999999999999,-10.465486077923337,2021-05-01 13:30:30
89.99,0.9689359797250701,35.62,-4.352941176470587,-0.0235294117647058,2.1599999999999997,0.0,0.0,193.0,51.0,0.8671825168565743,573.9999999999999,-10.465486077923337,2021-05-01 13:30:40
89.99,0.9689359797250701,36.18,-4.352941176470587,-0.0235294117647058,1.8599999999999999,0.0,0.0,193.0,51.0,0.8671825168565743,573.9999999999999,-10.465486077923337,2021-05-01 13:30:50
89.99,0.9689359797250701,37.28,-4.352941176470587,-0.0235294117647058,2.1599999999999997,0.0,0.0,193.0,51.0,0.8671825168565743,573.9999999999999,-10.465486077923337,2021-05-01 13:31:00
89.99,0.9689359797250701,37.085,-4.352941176470587,-0.0235294117647058,2.0100000000000002,0.0,0.0,193.0,51.0,0.8671825168565743,573.9999999999999,-10.465486077923337,2021-05-01 13:31:10
89.99,0.9689359797250701,37.2875,-4.352941176470587,-0.0235294117647058,1.935,0.0,0.0,193.0,51.0,0.8671825168565743,573.9999999999999,-10.465486077923337,2021-05-01 13:31:20
89.99,0.9689359797250701,37.49,-4.352941176470587,-0.0235294117647058,1.8599999999999999,0.0,0.0,193.0,51.0,0.8671825168565743,573.9999999999999,-10.465486077923337,2021-05-01 13:31:30
89.99,0.9689359797250701,36.52,-4.352941176470587,-0.0235294117647058,2.1599999999999997,0.0,0.0,193.0,51.0,0.8671825168565743,573.9999999999999,-10.465486077923337,2021-05-01 13:31:40
89.99,0.9689359797250701,36.37,-4.352941176470587,-0.0235294117647058,2.46,0.0,0.0,193.0,51.0,0.8671825168565743,573.9999999999999,-10.465486077923337,2021-05-01 13:31:50
89.99,0.9689359797250701,35.16,-4.352941176470587,-0.0235294117647058,3.0599999999999996,0.0,0.0,193.0,51.0,0.8671825168565743,573.9999999999999,-10.465486077923337,2021-05-01 13:32:00
89.99,0.9689359797250701,36.26,-4.352941176470587,-0.0235294117647058,3.0599999999999996,0.0,0.0,193.0,51.0,0.8671825168565743,573.9999999999999,-10.465486077923337,2021-05-01 13:32:10
89.44,0.9689359797250701,36.49,-4.352941176470587,-0.0235294117647058,3.0599999999999996,0.0,0.0,207.0,54.0,0.8671825168565743,573.9999999999999,-10.465486077923337,2021-05-01 13:32:20
89.32,0.9689359797250701,36.525000000000006,-4.352941176470587,-0.0235294117647058,2.91,0.0,0.0,213.33333333333334,55.333333333333336,0.8671825168565743,573.9999999999999,-10.465486077923337,2021-05-01 13:32:30
89.2,0.9689359797250701,37.28,-4.352941176470587,-0.0235294117647058,3.0599999999999996,0.0,0.0,219.66666666666666,56.666666666666664,0.8671825168565743,573.9999999999999,-10.465486077923337,2021-05-01 13:32:40
89.08,0.9787067548281536,38.29,-4.352941176470587,-0.0235294117647058,2.76,0.0,0.0,226.0,58.0,0.8759272074479338,573.9999999999999,-10.465486077923337,2021-05-01 13:32:50
89.08,0.988477529931237,38.14,-4.352941176470587,-0.0235294117647058,3.0599999999999996,0.0,0.0,226.0,58.0,0.8846718980392932,573.9999999999999,-10.465486077923337,2021-05-01 13:33:00
88.88,0.9982483050343207,38.5,-4.352941176470587,-0.0235294117647058,3.0599999999999996,0.0,0.0,240.0,64.0,0.893416588630653,573.9999999999999,-10.465486077923337,2021-05-01 13:33:10
88.76,1.0080190801374043,37.78,-4.352941176470587,-0.0235294117647058,3.0599999999999996,0.0,0.0,233.0,60.0,0.9021612792220125,573.9999999999999,-10.465486077923337,2021-05-01 13:33:20
88.73,1.0177898552404878,37.99,-4.352941176470587,-0.0235294117647058,3.36,0.0,0.0,225.5,57.5,0.9109059698133719,573.9999999999999,-10.465486077923337,2021-05-01 13:33:30
88.7,1.0275606303435716,38.02,-4.352941176470587,-0.0235294117647058,3.0599999999999996,0.0,0.0,218.0,55.0,0.9196506604047318,573.9999999999999,-10.465486077923337,2021-05-01 13:33:40
88.7,1.037331405446655,37.61,-4.352941176470587,-0.0235294117647058,3.0599999999999996,0.0,0.0,218.0,55.0,0.9283953509960912,573.9999999999999,-10.465486077923337,2021-05-01 13:33:50
88.7,1.0471021805497387,36.57,-4.352941176470587,-0.0235294117647058,3.0599999999999996,0.0,0.0,218.0,55.0,0.9371400415874508,573.9999999999999,-10.465486077923337,2021-05-01 13:34:00
88.41,1.0568729556528222,37.03,-4.352941176470587,-0.0235294117647058,3.36,0.0,0.0,261.0,65.0,0.9458847321788104,573.9999999999999,-10.465486077923337,2021-05-01 13:34:10
88.41,1.0666437307559056,37.43,-4.352941176470587,-0.0235294117647058,3.0599999999999996,0.0,0.0,261.0,65.0,0.9546294227701696,573.9999999999999,-10.465486077923337,2021-05-01 13:34:20
88.41,1.0764145058589893,37.43,-4.352941176470587,-0.0235294117647058,3.0599999999999996,0.0,0.0,261.0,65.0,0.9633741133615293,573.9999999999999,-10.465486077923337,2021-05-01 13:34:30
88.28,1.0861852809620727,36.93,-4.352941176470587,-0.0235294117647058,2.76,0.0,0.0,256.0,64.0,0.9721188039528886,573.9999999999999,-10.465486077923337,2021-05-01 13:34:40
88.26,1.0959560560651564,36.83,-4.352941176470587,-0.0235294117647058,3.0599999999999996,0.0,0.0,259.0,71.0,0.9808634945442485,573.9999999999999,-10.465486077923337,2021-05-01 13:34:50
88.26,1.10572683116824,37.88,-4.352941176470587,-0.0235294117647058,3.0599999999999996,0.0,0.0,259.0,71.0,0.989608185135608,573.9999999999999,-10.465486077923337,2021-05-01 13:35:00
88.285,1.10002723018108,39.175,-4.352941176470587,-0.0235294117647058,2.91,0.0,0.0,314.0,70.0,0.9845071315752624,573.9999999999999,-10.465486077923337,2021-05-01 13:35:10
88.31,1.0943276291939201,39.9925,-4.352941176470587,-0.0235294117647058,2.9850000000000003,0.0,0.0,275.0,70.0,0.9794060780149167,573.9999999999999,-10.465486077923337,2021-05-01 13:35:20
88.31,1.095956086618823,40.81,-4.352941176470587,-0.0235294117647058,3.0599999999999996,0.0,0.0,275.0,70.0,0.980863521889301,573.9999999999999,-10.465486077923337,2021-05-01 13:35:30
88.31,1.0975845440437257,40.91,-4.352941176470587,-0.0235294117647058,2.76,0.0,0.0,275.0,70.0,0.9823209657636857,573.9999999999999,-10.465486077923337,2021-05-01 13:35:40
88.45,1.0992130014686285,40.3,-4.352941176470587,-0.0235294117647058,3.0599999999999996,0.0,0.0,272.0,70.0,0.98377840963807,573.9999999999999,-10.465486077923337,2021-05-01 13:35:50
88.53,1.1008414588935314,40.19,-4.352941176470587,-0.0235294117647058,3.0599999999999996,0.0,0.0,288.0,76.0,0.9852358535124544,573.9999999999999,-10.465486077923337,2021-05-01 13:36:00
88.57,1.1024699163184344,42.46,-4.352941176470587,-0.0235294117647058,3.0599999999999996,0.0,0.0,359.0,75.0,0.9866932973868392,573.9999999999999,-10.465486077923337,2021-05-01 13:36:10
88.57,1.1040983737433372,43.58,-4.352941176470587,-0.0235294117647058,3.0599999999999996,0.0,0.0,408.0,76.0,0.9881507412612235,573.9999999999999,-10.465486077923337,2021-05-01 13:36:20
88.68,1.10572683116824,43.17,-4.352941176470587,-0.0235294117647058,3.0599999999999996,0.0,0.0,342.0,79.0,0.989608185135608,573.9999999999999,-10.465486077923337,2021-05-01 13:36:30
88.68,1.10572683116824,42.47,-4.352941176470587,-0.0235294117647058,3.0599999999999996,0.0,0.0,342.0,79.0,0.989608185135608,573.9999999999999,-10.465486077923337,2021-05-01 13:36:40
88.68,1.10572683116824,44.23,-4.352941176470587,-0.0235294117647058,3.0599999999999996,0.0,0.0,342.0,79.0,0.989608185135608,573.9999999999999,-10.465486077923337,2021-05-01 13:36:50
88.68,1.10572683116824,43.38,-4.352941176470587,-0.0235294117647058,3.0599999999999996,0.0,0.0,342.0,79.0,0.989608185135608,573.9999999999999,-10.465486077923337,2021-05-01 13:37:00
88.915,1.10572683116824,43.88,-4.352941176470587,-0.0235294117647058,3.0599999999999996,0.0,0.0,334.5,78.0,0.989608185135608,573.9999999999999,-10.465486077923337,2021-05-01 13:37:10
89.15,1.0943276291939201,43.17,-4.352941176470587,-0.0235294117647058,3.0599999999999996,0.0,0.0,327.0,77.0,0.9794060780149167,573.9999999999999,-10.465486077923337,2021-05-01 13:37:20
89.385,1.0943276291939201,43.07,-4.352941176470587,-0.0235294117647058,3.0599999999999996,0.0,0.0,319.5,76.0,0.9794060780149167,573.9999999999999,-10.465486077923337,2021-05-01 13:37:30
89.62,1.10572683116824,42.27,-4.352941176470587,-0.0235294117647058,3.0599999999999996,0.0,0.0,312.0,75.0,0.989608185135608,573.9999999999999,-10.465486077923337,2021-05-01 13:37:40
89.62,1.10572683116824,41.86,-4.352941176470587,-0.0235294117647058,3.0599999999999996,0.0,0.0,312.0,75.0,0.989608185135608,573.9999999999999,-10.465486077923337,2021-05-01 13:37:50
89.62,1.10572683116824,41.93,-4.352941176470587,-0.0235294117647058,3.0599999999999996,0.0,0.0,312.0,75.0,0.989608185135608,573.9999999999999,-10.465486077923337,2021-05-01 13:38:00
89.62,1.10572683116824,42.76,-4.352941176470587,-0.0235294117647058,3.0599999999999996,0.0,0.0,312.0,75.0,0.989608185135608,573.9999999999999,-10.465486077923337,2021-05-01 13:38:10
89.62,1.10572683116824,42.52,-4.352941176470587,-0.0235294117647058,2.91,0.0,0.0,312.0,75.0,0.989608185135608,573.9999999999999,-10.465486077923337,2021-05-01 13:38:20
90.56,1.10572683116824,43.68,-4.352941176470587,-0.0235294117647058,3.0599999999999996,0.0,-0.0,301.0,80.0,0.989608185135608,573.9999999999999,-10.465486077923337,2021-05-01 13:38:30
90.56,1.0943276291939201,42.97,-4.352941176470587,-0.0235294117647058,3.0599999999999996,0.0,-0.0,301.0,80.0,0.9794060780149167,573.9999999999999,-10.465486077923337,2021-05-01 13:38:40
90.78,1.10572683116824,41.66,-4.352941176470587,-0.0235294117647058,3.0599999999999996,0.0,-0.0,298.0,82.0,0.989608185135608,573.9999999999999,-10.465486077923337,2021-05-01 13:38:50
91.08500000000001,1.10572683116824,41.01,-4.352941176470587,-0.0235294117647058,3.0599999999999996,0.0,-0.0,294.0,85.0,0.989608185135608,573.9999999999999,-10.465486077923337,2021-05-01 13:39:00
91.39,1.10572683116824,45.48,-4.352941176470587,-0.0235294117647058,2.76,0.0,-0.0,313.0,81.0,0.989608185135608,573.9999999999999,-10.465486077923337,2021-05-01 13:39:10
91.39,1.10572683116824,45.3,-4.352941176470587,-0.0235294117647058,3.0599999999999996,0.0,-0.0,313.0,81.0,0.989608185135608,573.9999999999999,-10.465486077923337,2021-05-01 13:39:20
91.7,1.10572683116824,45.69,-4.352941176470587,-0.0235294117647058,3.0599999999999996,0.0,-0.0,340.0,86.0,0.989608185135608,573.9999999999999,-10.465486077923337,2021-05-01 13:39:30
91.85,1.10572683116824,44.99,-4.352941176470587,-0.0235294117647058,3.0599999999999996,0.0,-0.0,323.0,89.0,0.989608185135608,573.9999999999999,-10.465486077923337,2021-05-01 13:39:40
91.97749999999999,1.10572683116824,44.99,-4.352941176470587,-0.0235294117647058,3.0599999999999996,0.0,-0.0,353.5,88.25,0.989608185135608,573.9999999999999,-10.465486077923337,2021-05-01 13:39:50
92.10499999999999,1.10572683116824,45.36,-4.352941176470587,-0.0235294117647058,3.66,0.0,-0.0,384.0,87.5,0.989608185135608,573.9999999999999,-10.465486077923337,2021-05-01 13:40:00
92.2325,1.10572683116824,47.6,-4.352941176470587,-0.0235294117647058,4.62,0.0,-0.0,414.5,86.75,0.989608185135608,573.9999999999999,-10.465486077923337,2021-05-01 13:40:10
92.36,1.0943276291939201,49.92,-4.352941176470587,-0.0235294117647058,4.62,0.0,-0.0,445.0,86.0,0.9794060780149167,573.9999999999999,-10.465486077923337,2021-05-01 13:40:20
92.36,1.10572683116824,45.84,-4.352941176470587,-0.0235294117647058,5.22,0.0,-0.0,445.0,86.0,0.989608185135608,573.9999999999999,-10.465486077923337,2021-05-01 13:40:30
92.36,1.10572683116824,45.7775,-4.352941176470587,-0.0235294117647058,5.52,0.0,-0.0,445.0,86.0,0.989608185135608,573.9999999999999,-10.465486077923337,2021-05-01 13:40:40
92.448,1.0943276291939201,45.715,-4.352941176470587,-0.0235294117647058,5.82,0.0,-0.0,92.62,87.8,0.9794060780149167,573.9999999999999,-10.465486077923337,2021-05-01 13:40:50
92.536,1.10572683116824,45.09,-4.352941176470587,-0.0235294117647058,6.119999999999999,0.0,-0.0,92.62,89.6,0.989608185135608,573.9999999999999,-10.465486077923337,2021-05-01 13:41:00
92.624,1.10572683116824,46.3,-4.352941176470587,-0.0235294117647058,6.119999999999999,0.0,-0.0,92.62,91.4,0.989608185135608,573.9999999999999,-10.465486077923337,2021-05-01 13:41:10
92.712,1.10572683116824,47.51,-4.352941176470587,-0.0235294117647058,6.119999999999999,0.0,-0.0,92.62,93.2,0.989608185135608,573.9999999999999,-10.465486077923337,2021-05-01 13:41:20
92.8,1.10572683116824,51.59,-4.352941176470587,-0.0235294117647058,6.42,0.0,-0.0,294.0,95.0,0.989608185135608,573.9999999999999,-10.465486077923337,2021-05-01 13:41:30
92.8,1.10572683116824,59.7,-4.352941176470587,-0.0235294117647058,5.52,0.0,-0.0,294.0,95.0,0.989608185135608,573.9999999999999,-10.465486077923337,2021-05-01 13:41:40
92.8,1.10572683116824,67.41,-4.352941176470587,-0.0235294117647058,5.52,0.0,-0.0,294.0,95.0,0.989608185135608,573.9999999999999,-10.465486077923337,2021-05-01 13:41:50
92.8,1.10572683116824,65.82499999999999,-4.352941176470587,-0.0235294117647058,5.069999999999999,0.0,-0.0,294.0,95.0,0.989608185135608,573.9999999999999,-10.465486077923337,2021-05-01 13:42:00
92.8,1.10572683116824,69.44,-4.352941176470587,-0.0235294117647058,1.5599999999999998,0.0,-0.0,294.0,95.0,0.989608185135608,573.9999999999999,-10.465486077923337,2021-05-01 13:42:10
93.4,1.10572683116824,81.94,-4.352941176470587,-0.0235294117647058,1.2,0.0,-0.0,302.0,96.0,0.989608185135608,573.9999999999999,-10.465486077923337,2021-05-01 13:42:20
93.4,1.10572683116824,87.42,-4.352941176470587,-0.0235294117647058,1.2,0.0,-0.0,302.0,97.0,0.989608185135608,573.9999999999999,-10.465486077923337,2021-05-01 13:42:30
93.4,1.10572683116824,92.9,-4.352941176470587,-0.0235294117647058,1.2,0.0,-0.0,302.0,98.0,0.989608185135608,573.9999999999999,-10.465486077923337,2021-05-01 13:42:40
93.22,1.10572683116824,85.54,-4.352941176470587,-0.0235294117647058,0.0,0.0,-0.0,309.0,99.0,0.989608185135608,573.9999999999999,-10.465486077923337,2021-05-01 13:42:50
93.26,1.10572683116824,85.14,-4.352941176470587,-0.0235294117647058,0.0,0.0,-0.0,301.0,98.5,0.989608185135608,573.9999999999999,-10.465486077923337,2021-05-01 13:43:00
93.3,1.10572683116824,84.53,-4.352941176470587,-0.0235294117647058,0.0,0.0,-0.0,300.5,98.0,0.989608185135608,573.9999999999999,-10.465486077923337,2021-05-01 13:43:10
93.34,0.94613745842872,83.53,-4.352941176470587,-0.0235294117647058,0.0,0.0,-0.0,300.0,97.5,0.8467781975908302,573.9999999999999,-10.465486077923337,2021-05-01 13:43:20
93.34,0.9347381958878401,83.35,-4.352941176470587,-0.0235294117647058,0.0,0.0,-0.0,300.0,97.0,0.8365760362640168,573.9999999999999,-10.465486077923337,2021-05-01 13:43:30
93.34,0.9404378271582801,83.17,-4.352941176470587,-0.0235294117647058,0.0,0.0,-0.0,300.0,96.5,0.8416771169274234,573.9999999999999,-10.465486077923337,2021-05-01 13:43:40
93.35,0.94613745842872,30.645,-4.352941176470587,-0.0235294117647058,0.3,0.0,-0.0,251.0,96.0,0.8467781975908302,573.9999999999999,-10.465486077923337,2021-05-01 13:43:50
93.34142857142857,0.9404378271582801,-35.14,-4.352941176470587,-0.0235294117647058,0.6,0.0,-0.0,264.14285714285717,96.0,0.8416771169274234,573.9999999999999,-10.465486077923337,2021-05-01 13:44:00
93.33285714285714,0.9347381958878401,-38.09,-4.352941176470587,-0.0235294117647058,0.0,0.0,-0.0,277.2857142857143,96.0,0.8365760362640168,573.9999999999999,-10.465486077923337,2021-05-01 13:44:10
93.32428571428571,1.0050335567425253,-33.785,-4.352941176470587,-0.0235294117647058,0.0,0.0,-0.0,290.42857142857144,96.0,0.899489282572203,573.9999999999999,-10.465486077923337,2021-05-01 13:44:20
93.3157142857143,1.07532891759721,-32.75,-4.352941176470587,-0.0235294117647058,0.0,0.0,-0.0,303.57142857142856,96.0,0.9624025288803888,573.9999999999999,-10.465486077923337,2021-05-01 13:44:30
93.30714285714286,1.145624278451895,-32.94,-4.352941176470587,-0.0235294117647058,0.0,0.0,-0.0,316.7142857142857,96.0,1.0253157751885749,573.9999999999999,-10.465486077923337,2021-05-01 13:44:40
93.29857142857144,1.21591963930658,-32.9,-4.352941176470587,-0.0235294117647058,0.0,0.0,-0.0,329.8571428571429,96.0,1.088229021496761,573.9999999999999,-10.465486077923337,2021-05-01 13:44:50
93.29,1.286215000161265,-34.26,-4.352941176470587,-0.0235294117647058,0.0,0.0,-0.0,343.0,96.0,1.1511422678049466,573.9999999999999,-10.465486077923337,2021-05-01 13:45:00
93.3,1.3565103610159501,-32.65,-4.352941176470587,-0.0235294117647058,0.0,0.0,-0.0,351.0,93.0,1.2140555141131326,573.9999999999999,-10.465486077923337,2021-05-01 13:45:10
93.3,1.3045804549353868,46.285000000000004,-4.352941176470587,-0.0235294117647058,0.3,0.0,-0.0,319.0,95.0,1.1675790620075497,573.9999999999999,-10.465486077923337,2021-05-01 13:45:20
93.31,1.2526505488548234,64.88,-4.352941176470587,-0.0235294117647058,0.0,0.0,-0.0,320.0,91.0,1.1211026099019665,573.9999999999999,-10.465486077923337,2021-05-01 13:45:30
93.315,1.20072064277426,64.79,-4.352941176470587,-0.0235294117647058,0.0,0.0,-0.0,323.0,87.5,1.0746261577963836,573.9999999999999,-10.465486077923337,2021-05-01 13:45:40
93.32,1.1487907366936967,64.68,-4.352941176470587,-0.0235294117647058,0.0,0.0,-0.0,326.0,84.0,1.0281497056908004,573.9999999999999,-10.465486077923337,2021-05-01 13:45:50
93.32,1.0968608306131336,61.89,-4.352941176470587,-0.0235294117647058,0.3,0.0,-0.0,322.0,90.0,0.9816732535852175,573.9999999999999,-10.465486077923337,2021-05-01 13:46:00
93.33,1.0449309245325702,0.63,-4.352941176470587,-0.0235294117647058,0.8999999999999999,0.0,-0.0,194.0,79.0,0.9351968014796344,573.9999999999999,-10.465486077923337,2021-05-01 13:46:10
93.32,0.9930010184520067,-26.05,-4.352941176470587,-0.0235294117647058,0.0,0.0,-0.0,187.0,81.0,0.8887203493740511,573.9999999999999,-10.465486077923337,2021-05-01 13:46:20
93.32,0.9410711123714434,-26.05,-4.352941176470587,-0.0235294117647058,0.0,0.0,-0.0,187.0,81.0,0.8422438972684682,573.9999999999999,-10.465486077923337,2021-05-01 13:46:30
93.32,0.8891412062908801,-26.075000000000003,-4.352941176470587,-0.0235294117647058,0.0,0.0,-0.0,187.0,81.0,0.795767445162885,573.9999999999999,-10.465486077923337,2021-05-01 13:46:40
93.32,0.8891412062908801,-52.65,-4.352941176470587,-0.0235294117647058,0.8999999999999999,0.0,-0.0,187.0,81.0,0.795767445162885,573.9999999999999,-10.465486077923337,2021-05-01 13:46:50
93.32,0.8891412062908801,-40.3,-4.352941176470587,-0.0235294117647058,1.5599999999999998,0.0,-0.0,187.0,81.0,0.795767445162885,573.9999999999999,-10.465486077923337,2021-05-01 13:47:00
93.32,0.8891412062908801,-35.67,-4.352941176470587,-0.0235294117647058,1.2,0.0,-0.0,187.0,81.0,0.795767445162885,573.9999999999999,-10.465486077923337,2021-05-01 13:47:10
93.275,0.8891412062908801,-36.09,-4.352941176470587,-0.0235294117647058,1.2,0.0,-0.0,181.0,76.0,0.795767445162885,573.9999999999999,-10.465486077923337,2021-05-01 13:47:20
93.22,0.8891412062908801,-29.92,-4.352941176470587,-0.0235294117647058,1.2,0.0,-0.0,187.0,76.0,0.795767445162885,573.9999999999999,-10.465486077923337,2021-05-01 13:47:30
93.21,0.8891412062908801,-38.74,-4.352941176470587,-0.0235294117647058,0.8999999999999999,0.0,-0.0,181.0,76.0,0.795767445162885,573.9999999999999,-10.465486077923337,2021-05-01 13:47:40
93.22,0.8891412062908801,-36.22,-4.352941176470587,-0.0235294117647058,0.0,0.0,-0.0,175.0,77.0,0.795767445162885,573.9999999999999,-10.465486077923337,2021-05-01 13:47:50
93.21,0.8891412062908801,-30.83,-4.352941176470587,-0.0235294117647058,0.0,0.0,-0.0,170.0,75.0,0.795767445162885,573.9999999999999,-10.465486077923337,2021-05-01 13:48:00
93.21,0.8891412062908801,-30.33,-4.352941176470587,-0.0235294117647058,0.8999999999999999,0.0,-0.0,170.0,75.0,0.795767445162885,573.9999999999999,-10.465486077923337,2021-05-01 13:48:10
93.21,0.8910410833810267,-27.225,-4.352941176470587,-0.0235294117647058,1.71,0.0,-0.0,170.0,75.0,0.7974678053840206,573.9999999999999,-10.465486077923337,2021-05-01 13:48:20
93.21,0.8929409604711734,-25.64,-4.352941176470587,-0.0235294117647058,1.8599999999999999,0.0,-0.0,170.0,75.0,0.7991681656051562,573.9999999999999,-10.465486077923337,2021-05-01 13:48:30
93.175,0.89484083756132,-24.23,-4.352941176470587,-0.0235294117647058,1.8599999999999999,0.0,-0.0,172.5,82.04,0.8008685258262918,573.9999999999999,-10.465486077923337,2021-05-01 13:48:40
93.13999999999999,0.8967407146514667,-18.19,-4.352941176470587,-0.0235294117647058,2.1599999999999997,0.0,-0.0,175.0,78.69333333333334,0.8025688860474273,573.9999999999999,-10.465486077923337,2021-05-01 13:48:50
93.10499999999999,0.8986405917416135,-16.06,-4.352941176470587,-0.0235294117647058,2.1599999999999997,0.0,-0.0,177.5,75.34666666666666,0.8042692462685629,573.9999999999999,-10.465486077923337,2021-05-01 13:49:00
93.07,0.9005404688317601,-15.3,-4.352941176470587,-0.0235294117647058,2.1599999999999997,0.0,-0.0,180.0,72.0,0.8059696064896984,573.9999999999999,-10.465486077923337,2021-05-01 13:49:10
93.07,0.8891412062908801,-18.17,-4.352941176470587,-0.0235294117647058,2.1599999999999997,0.0,-0.0,180.0,72.0,0.795767445162885,573.9999999999999,-10.465486077923337,2021-05-01 13:49:20
92.93,0.8891412062908801,-19.09,-4.352941176470587,-0.0235294117647058,2.76,0.0,-0.0,182.0,73.0,0.795767445162885,573.9999999999999,-10.465486077923337,2021-05-01 13:49:30
92.93,0.8891412062908801,-16.83,-4.352941176470587,-0.0235294117647058,2.76,0.0,-0.0,184.0,73.0,0.795767445162885,573.9999999999999,-10.465486077923337,2021-05-01 13:49:40
92.79,0.8891412062908801,-20.479999999999997,-4.352941176470587,-0.0235294117647058,3.06,0.0,-0.0,186.0,66.0,0.795767445162885,573.9999999999999,-10.465486077923337,2021-05-01 13:49:50
92.79,0.8891412062908801,-22.27,-4.352941176470587,-0.0235294117647058,3.36,0.0,-0.0,132.5,66.0,0.795767445162885,573.9999999999999,-10.465486077923337,2021-05-01 13:50:00
92.69,0.8891412062908801,-14.54,-4.352941176470587,-0.0235294117647058,3.36,0.0,-0.0,176.0,72.0,0.795767445162885,573.9999999999999,-10.465486077923337,2021-05-01 13:50:10
92.69,0.8891412062908801,-14.36,-4.352941176470587,-0.0235294117647058,3.36,0.0,-0.0,176.0,72.0,0.795767445162885,573.9999999999999,-10.465486077923337,2021-05-01 13:50:20
92.69,0.89484083756132,-14.77,-4.352941176470587,-0.0235294117647058,3.36,0.0,-0.0,176.0,72.0,0.8008685258262918,573.9999999999999,-10.465486077923337,2021-05-01 13:50:30
92.69,0.9005404688317601,-11.84,-4.352941176470587,-0.0235294117647058,3.36,0.0,-0.0,176.0,72.0,0.8059696064896984,573.9999999999999,-10.465486077923337,2021-05-01 13:50:40
92.69,0.8891412062908801,-14.36,-4.352941176470587,-0.0235294117647058,3.36,0.0,-0.0,176.0,72.0,0.795767445162885,573.9999999999999,-10.465486077923337,2021-05-01 13:50:50
92.64,0.8891412062908801,-13.35,-4.352941176470587,-0.0235294117647058,3.36,0.0,-0.0,197.0,72.0,0.795767445162885,573.9999999999999,-10.465486077923337,2021-05-01 13:51:00
92.59,0.8891412062908801,-12.29,-4.352941176470587,-0.0235294117647058,3.36,0.0,-0.0,184.0,68.0,0.795767445162885,573.9999999999999,-10.465486077923337,2021-05-01 13:51:10
92.59,0.8891412062908801,-13.15,-4.352941176470587,-0.0235294117647058,3.36,0.0,-0.0,184.0,68.0,0.795767445162885,573.9999999999999,-10.465486077923337,2021-05-01 13:51:20
92.59,0.8891412062908801,-12.85,-4.352941176470587,-0.0235294117647058,3.36,0.0,-0.0,184.0,68.0,0.795767445162885,573.9999999999999,-10.465486077923337,2021-05-01 13:51:30
92.59,0.8891412062908801,-13.05,-4.352941176470587,-0.0235294117647058,3.36,0.0,-0.0,184.0,68.0,0.795767445162885,573.9999999999999,-10.465486077923337,2021-05-01 13:51:40
92.59,0.8891412062908801,-14.06,-4.352941176470587,-0.0235294117647058,3.36,0.0,-0.0,184.0,68.0,0.795767445162885,573.9999999999999,-10.465486077923337,2021-05-01 13:51:50
92.59,0.74665063651284,-14.16,-4.352941176470587,-0.0235294117647058,3.36,0.0,-0.0,184.0,68.0,0.6682406182991442,573.9999999999999,-10.465486077923337,2021-05-01 13:52:00
92.27,0.022798492867920902,-14.875,-4.352941176470587,-0.0235294117647058,3.36,0.0,-0.0,155.0,61.0,0.02040429382274571,573.9999999999999,-10.465486077923337,2021-05-01 13:52:10
92.17,0.6269585312500001,-13.55,-4.352941176470587,-0.0235294117647058,3.36,0.0,-0.0,132.0,66.0,0.5611180598829084,573.9999999999999,-10.465486077923337,2021-05-01 13:52:20
92.17,0.6269585312500001,-13.08,-4.352941176470587,-0.0235294117647058,3.66,0.0,-0.0,132.0,66.0,0.5611180598829084,573.9999999999999,-10.465486077923337,2021-05-01 13:52:30
92.17,0.6269585312500001,-10.28,-4.352941176470587,-0.0235294117647058,3.36,0.0,-0.0,132.0,66.0,0.5611180598829084,573.9999999999999,-10.465486077923337,2021-05-01 13:52:40
92.17,0.6269585312500001,-11.965,-4.352941176470587,-0.0235294117647058,3.36,0.0,-0.0,132.0,66.0,0.5611180598829084,573.9999999999999,-10.465486077923337,2021-05-01 13:52:50
91.51,0.61555926870912,-13.65,-4.352941176470587,-0.0235294117647058,3.36,0.0,-0.0,133.0,59.0,0.5509158985560948,573.9999999999999,-10.465486077923337,2021-05-01 13:53:00
91.33,0.6269585312500001,-14.16,-4.352941176470587,-0.0235294117647058,1.0799999999999998,0.0,-0.0,124.0,66.0,0.5611180598829084,573.9999999999999,-10.465486077923337,2021-05-01 13:53:10
91.33,0.6269585312500001,-13.6,-4.352941176470587,-0.0235294117647058,0.0,0.0,-0.0,124.0,66.0,0.5611180598829084,573.9999999999999,-10.465486077923337,2021-05-01 13:53:20
91.33,1.0487306963781102,-13.3,-4.352941176470587,-0.0235294117647058,0.0,0.0,-0.0,124.0,66.0,0.9385975377320246,573.9999999999999,-10.465486077923337,2021-05-01 13:53:30
91.19,0.9689359797250701,-12.95,-4.352941176470587,-0.0235294117647058,0.0,0.0,-0.0,189.0,65.0,0.8671825168565743,573.9999999999999,-10.465486077923337,2021-05-01 13:53:40
91.21,0.9917344442402701,11.64,-4.352941176470587,-0.0235294117647058,0.8999999999999999,0.0,-0.0,192.0,63.333333333333336,0.8875867853040793,573.9999999999999,-10.465486077923337,2021-05-01 13:53:50
91.23,0.9917344442402701,23.2,-4.352941176470587,-0.0235294117647058,1.2299999999999998,0.0,-0.0,195.0,61.666666666666664,0.8875867853040793,573.9999999999999,-10.465486077923337,2021-05-01 13:54:00
91.25,0.9917344442402701,34.76,-4.352941176470587,-0.0235294117647058,1.5599999999999998,0.0,-0.0,198.0,60.0,0.8875867853040793,573.9999999999999,-10.465486077923337,2021-05-01 13:54:10
91.35,0.9917344442402701,35.44,-4.352941176470587,-0.0235294117647058,2.1599999999999997,0.0,-0.0,192.0,69.0,0.8875867853040793,573.9999999999999,-10.465486077923337,2021-05-01 13:54:20
91.35,0.9917344442402701,34.96,-4.352941176470587,-0.0235294117647058,1.8599999999999999,0.0,-0.0,192.0,69.0,0.8875867853040793,573.9999999999999,-10.465486077923337,2021-05-01 13:54:30
91.35,0.9917344442402701,33.6,-4.352941176470587,-0.0235294117647058,2.1599999999999997,0.0,-0.0,192.0,69.0,0.8875867853040793,573.9999999999999,-10.465486077923337,2021-05-01 13:54:40
91.35,0.9917344442402701,34.52,-4.352941176470587,-0.0235294117647058,1.8599999999999999,0.0,-0.0,192.0,69.0,0.8875867853040793,573.9999999999999,-10.465486077923337,2021-05-01 13:54:50
91.59,0.9917344442402701,33.1,-4.352941176470587,-0.0235294117647058,1.8599999999999999,0.0,-0.0,190.75,65.75,0.8875867853040793,573.9999999999999,-10.465486077923337,2021-05-01 13:55:00
91.83,0.9917344442402701,33.71,-4.352941176470587,-0.0235294117647058,2.1599999999999997,0.0,-0.0,189.5,62.5,0.8875867853040793,573.9999999999999,-10.465486077923337,2021-05-01 13:55:10
91.89,0.9917344442402701,33.02,-4.352941176470587,-0.0235294117647058,2.1599999999999997,0.0,-0.0,190.0,66.0,0.8875867853040793,573.9999999999999,-10.465486077923337,2021-05-01 13:55:20
92.08,0.9917344442402701,33.6,-4.352941176470587,-0.0235294117647058,1.8599999999999999,0.0,-0.0,191.0,66.0,0.8875867853040793,573.9999999999999,-10.465486077923337,2021-05-01 13:55:30
92.17,0.9917344442402701,33.79,-4.352941176470587,-0.0235294117647058,2.1599999999999997,0.0,-0.0,194.0,71.0,0.8875867853040793,573.9999999999999,-10.465486077923337,2021-05-01 13:55:40
92.24,0.9917344442402701,34.36,-4.352941176470587,-0.0235294117647058,2.1599999999999997,0.0,-0.0,205.0,69.0,0.8875867853040793,573.9999999999999,-10.465486077923337,2021-05-01 13:55:50
92.31,0.9917344442402701,34.51,-4.352941176470587,-0.0235294117647058,1.8599999999999999,0.0,-0.0,196.5,82.4,0.8875867853040793,573.9999999999999,-10.465486077923337,2021-05-01 13:56:00
92.38,0.9917344442402701,34.01,-4.352941176470587,-0.0235294117647058,2.1599999999999997,0.0,-0.0,188.0,64.0,0.8875867853040793,573.9999999999999,-10.465486077923337,2021-05-01 13:56:10
92.38,0.9917344442402701,34.41,-4.352941176470587,-0.0235294117647058,1.8599999999999999,0.0,-0.0,188.0,64.0,0.8875867853040793,573.9999999999999,-10.465486077923337,2021-05-01 13:56:20
92.38,0.9917344442402701,34.01,-4.352941176470587,-0.0235294117647058,2.1599999999999997,0.0,-0.0,188.0,64.0,0.8875867853040793,573.9999999999999,-10.465486077923337,2021-05-01 13:56:30
92.54,0.9917344442402701,34.36,-4.352941176470587,-0.0235294117647058,1.8599999999999999,0.0,-0.0,186.0,67.0,0.8875867853040793,573.9999999999999,-10.465486077923337,2021-05-01 13:56:40
92.56,0.9917344442402701,33.85,-4.352941176470587,-0.0235294117647058,1.8599999999999999,0.0,-0.0,183.0,62.0,0.8875867853040793,573.9999999999999,-10.465486077923337,2021-05-01 13:56:50
92.56,0.9917344442402701,34.01,-4.352941176470587,-0.0235294117647058,1.8599999999999999,0.0,-0.0,183.0,62.0,0.8875867853040793,573.9999999999999,-10.465486077923337,2021-05-01 13:57:00
92.56,0.9917344442402701,35.35,-4.352941176470587,-0.0235294117647058,1.8599999999999999,0.0,-0.0,183.0,62.0,0.8875867853040793,573.9999999999999,-10.465486077923337,2021-05-01 13:57:10
92.56,0.9917344442402701,36.12,-4.352941176470587,-0.0235294117647058,2.1599999999999997,0.0,-0.0,183.0,62.0,0.8875867853040793,573.9999999999999,-10.465486077923337,2021-05-01 13:57:20
92.56,0.9860348432531101,36.85,-4.352941176470587,-0.0235294117647058,1.8599999999999999,0.0,-0.0,183.0,62.0,0.8824857317437336,573.9999999999999,-10.465486077923337,2021-05-01 13:57:30
92.56,0.9917344442402701,37.73,-4.352941176470587,-0.0235294117647058,2.1599999999999997,0.0,-0.0,183.0,62.0,0.8875867853040793,573.9999999999999,-10.465486077923337,2021-05-01 13:57:40
92.39,0.9917344442402701,35.52,-4.352941176470587,-0.0235294117647058,1.8599999999999999,0.0,-0.0,190.0,64.0,0.8875867853040793,573.9999999999999,-10.465486077923337,2021-05-01 13:57:50
92.35,0.9917344442402701,35.97,-4.352941176470587,-0.0235294117647058,2.1599999999999997,0.0,-0.0,179.0,62.0,0.8875867853040793,573.9999999999999,-10.465486077923337,2021-05-01 13:58:00
92.3,0.9917344442402701,35.989999999999995,-4.352941176470587,-0.0235294117647058,2.0100000000000002,0.0,-0.0,172.0,67.0,0.8875867853040793,573.9999999999999,-10.465486077923337,2021-05-01 13:58:10
92.26,0.9917344442402701,36.01,-4.352941176470587,-0.0235294117647058,1.8599999999999999,0.0,-0.0,187.0,64.0,0.8875867853040793,573.9999999999999,-10.465486077923337,2021-05-01 13:58:20
92.26,0.9917344442402701,35.47,-4.352941176470587,-0.0235294117647058,1.8599999999999999,0.0,-0.0,187.0,64.0,0.8875867853040793,573.9999999999999,-10.465486077923337,2021-05-01 13:58:30
92.26,0.9917344442402701,34.21,-4.352941176470587,-0.0235294117647058,1.8599999999999999,0.0,-0.0,187.0,64.0,0.8875867853040793,573.9999999999999,-10.465486077923337,2021-05-01 13:58:40
92.2,0.9917344442402701,34.61,-4.352941176470587,-0.0235294117647058,1.8599999999999999,0.0,-0.0,183.5,82.4,0.8875867853040793,573.9999999999999,-10.465486077923337,2021-05-01 13:58:50
92.14,0.9917344442402701,35.045,-4.352941176470587,-0.0235294117647058,2.0100000000000002,0.0,-0.0,180.0,60.0,0.8875867853040793,573.9999999999999,-10.465486077923337,2021-05-01 13:59:00
92.14,0.9917344442402701,34.86,-4.352941176470587,-0.0235294117647058,1.8599999999999999,0.0,-0.0,180.0,60.0,0.8875867853040793,573.9999999999999,-10.465486077923337,2021-05-01 13:59:10
92.14,0.9917344442402701,35.37,-4.352941176470587,-0.0235294117647058,1.8599999999999999,0.0,-0.0,180.0,60.0,0.8875867853040793,573.9999999999999,-10.465486077923337,2021-05-01 13:59:20
92.14,0.9803352422659501,35.37,-4.352941176470587,-0.0235294117647058,1.8599999999999999,0.0,-0.0,180.0,60.0,0.8773846781833878,573.9999999999999,-10.465486077923337,2021-05-01 13:59:30
91.94,0.9917344442402701,34.77,-4.352941176470587,-0.0235294117647058,1.8599999999999999,0.0,-0.0,185.0,71.0,0.8875867853040793,573.9999999999999,-10.465486077923337,2021-05-01 13:59:40
91.94,0.9917344442402701,34.56,-4.352941176470587,-0.0235294117647058,2.1599999999999997,0.0,-0.0,185.0,71.0,0.8875867853040793,573.9999999999999,-10.465486077923337,2021-05-01 13:59:50
91.79,0.9917344442402701,35.82,-4.352941176470587,-0.0235294117647058,2.1599999999999997,0.0,-0.0,177.0,68.0,0.8875867853040793,573.9999999999999,-10.465486077923337,2021-05-01 14:00:00
91.69,0.9917344442402701,36.74,-4.352941176470587,-0.0235294117647058,2.1599999999999997,0.0,-0.0,184.0,68.0,0.8875867853040793,573.9999999999999,-10.465486077923337,2021-05-01 14:00:10
91.62,0.9917344442402701,36.83,-4.352941176470587,-0.0235294117647058,1.8599999999999999,0.0,-0.0,189.0,65.0,0.8875867853040793,573.9999999999999,-10.465486077923337,2021-05-01 14:00:20
91.61,0.9917344442402701,36.78,-4.352941176470587,-0.0235294117647058,1.8599999999999999,0.0,-0.0,193.0,69.0,0.8875867853040793,573.9999999999999,-10.465486077923337,2021-05-01 14:00:30
91.56,0.9803352422659501,36.625,-4.352941176470587,-0.0235294117647058,2.0100000000000002,0.0,-0.0,188.0,65.0,0.8773846781833878,573.9999999999999,-10.465486077923337,2021-05-01 14:00:40
91.56,0.9803352422659501,36.47,-4.352941176470587,-0.0235294117647058,2.1599999999999997,0.0,-0.0,188.0,65.0,0.8773846781833878,573.9999999999999,-10.465486077923337,2021-05-01 14:00:50
91.47,0.9803352422659501,36.22,-4.352941176470587,-0.0235294117647058,1.8599999999999999,0.0,-0.0,191.0,71.0,0.8773846781833878,573.9999999999999,-10.465486077923337,2021-05-01 14:01:00
91.47,0.9917344442402701,36.9,-4.352941176470587,-0.0235294117647058,2.1599999999999997,0.0,-0.0,191.0,71.0,0.8875867853040793,573.9999999999999,-10.465486077923337,2021-05-01 14:01:10
91.47,0.9917344442402701,35.79,-4.352941176470587,-0.0235294117647058,1.8599999999999999,0.0,-0.0,191.0,71.0,0.8875867853040793,573.9999999999999,-10.465486077923337,2021-05-01 14:01:20
91.47,0.9917344442402701,36.03,-4.352941176470587,-0.0235294117647058,1.8599999999999999,0.0,-0.0,191.0,71.0,0.8875867853040793,573.9999999999999,-10.465486077923337,2021-05-01 14:01:30
91.47,0.9917344442402701,36.875,-4.352941176470587,-0.0235294117647058,1.8599999999999999,0.0,-0.0,191.0,71.0,0.8875867853040793,573.9999999999999,-10.465486077923337,2021-05-01 14:01:40
91.47,0.9917344442402701,37.72,-4.352941176470587,-0.0235294117647058,1.8599999999999999,0.0,-0.0,191.0,71.0,0.8875867853040793,573.9999999999999,-10.465486077923337,2021-05-01 14:01:50
91.47,0.9860348432531101,37.99,-4.352941176470587,-0.0235294117647058,1.8599999999999999,0.0,-0.0,191.0,71.0,0.8824857317437336,573.9999999999999,-10.465486077923337,2021-05-01 14:02:00
91.265,0.9803352422659501,38.29,-4.352941176470587,-0.0235294117647058,1.8599999999999999,0.0,-0.0,191.5,68.5,0.8773846781833878,573.9999999999999,-10.465486077923337,2021-05-01 14:02:10
91.06,0.9841349762573901,37.58,-4.352941176470587,-0.0235294117647058,1.8599999999999999,0.0,-0.0,192.0,66.0,0.8807853805569517,573.9999999999999,-10.465486077923337,2021-05-01 14:02:20
90.9,0.9879347102488302,37.23,-4.352941176470587,-0.0235294117647058,1.8599999999999999,0.0,-0.0,201.0,63.0,0.8841860829305155,573.9999999999999,-10.465486077923337,2021-05-01 14:02:30
90.8375,0.9917344442402701,37.82,-4.352941176470587,-0.0235294117647058,1.5599999999999998,0.0,-0.0,201.75,72.52000000000001,0.8875867853040793,573.9999999999999,-10.465486077923337,2021-05-01 14:02:40
90.775,0.9917344442402701,37.475,-4.352941176470587,-0.0235294117647058,1.71,0.0,-0.0,202.5,82.04,0.8875867853040793,573.9999999999999,-10.465486077923337,2021-05-01 14:02:50
90.7125,0.9917344442402701,37.13,-4.352941176470587,-0.0235294117647058,1.8599999999999999,0.0,-0.0,203.25,82.04,0.8875867853040793,573.9999999999999,-10.465486077923337,2021-05-01 14:03:00
90.65,0.9917344442402701,36.02,-4.352941176470587,-0.0235294117647058,1.8599999999999999,0.0,-0.0,204.0,66.0,0.8875867853040793,573.9999999999999,-10.465486077923337,2021-05-01 14:03:10
90.65,0.9917344442402701,36.0,-4.352941176470587,-0.0235294117647058,2.1599999999999997,0.0,-0.0,204.0,66.0,0.8875867853040793,573.9999999999999,-10.465486077923337,2021-05-01 14:03:20
90.605,0.9917344442402701,38.0,-4.352941176470587,-0.0235294117647058,2.1599999999999997,0.0,-0.0,200.0,67.0,0.8875867853040793,573.9999999999999,-10.465486077923337,2021-05-01 14:03:30
90.56,0.9917344442402701,37.515,-4.352941176470587,-0.0235294117647058,2.0100000000000002,0.0,-0.0,196.0,68.0,0.8875867853040793,573.9999999999999,-10.465486077923337,2021-05-01 14:03:40
90.44,0.9917344442402701,37.03,-4.352941176470587,-0.0235294117647058,1.8599999999999999,0.0,-0.0,205.0,68.0,0.8875867853040793,573.9999999999999,-10.465486077923337,2021-05-01 14:03:50
90.44,0.9917344442402701,37.78,-4.352941176470587,-0.0235294117647058,1.8599999999999999,0.0,-0.0,205.0,68.0,0.8875867853040793,573.9999999999999,-10.465486077923337,2021-05-01 14:04:00
90.33,0.9917344442402701,36.89,-4.352941176470587,-0.0235294117647058,1.8599999999999999,0.0,-0.0,190.0,64.0,0.8875867853040793,573.9999999999999,-10.465486077923337,2021-05-01 14:04:10
90.26,0.9917344442402701,37.13,-4.352941176470587,-0.0235294117647058,2.1599999999999997,0.0,-0.0,182.0,63.0,0.8875867853040793,573.9999999999999,-10.465486077923337,2021-05-01 14:04:20
90.25,0.9917344442402701,37.23,-4.352941176470587,-0.0235294117647058,2.1599999999999997,0.0,-0.0,181.0,61.0,0.8875867853040793,573.9999999999999,-10.465486077923337,2021-05-01 14:04:30
90.25,0.9888846437466902,36.98,-4.352941176470587,-0.0235294117647058,2.1599999999999997,0.0,-0.0,181.0,61.0,0.8850362585239064,573.9999999999999,-10.465486077923337,2021-05-01 14:04:40
90.15,0.9860348432531101,36.47,-4.352941176470587,-0.0235294117647058,2.1599999999999997,0.0,-0.0,183.0,62.0,0.8824857317437336,573.9999999999999,-10.465486077923337,2021-05-01 14:04:50
90.09,0.9917344442402701,37.33,-4.352941176470587,-0.0235294117647058,2.1599999999999997,0.0,-0.0,180.66666666666666,61.666666666666664,0.8875867853040793,573.9999999999999,-10.465486077923337,2021-05-01 14:05:00
90.03,0.9917344442402701,38.29,-4.352941176470587,-0.0235294117647058,2.1599999999999997,0.0,-0.0,178.33333333333334,61.333333333333336,0.8875867853040793,573.9999999999999,-10.465486077923337,2021-05-01 14:05:10
89.97,0.9917344442402701,36.33,-4.352941176470587,-0.0235294117647058,2.1599999999999997,0.0,0.0,176.0,61.0,0.8875867853040793,573.9999999999999,-10.465486077923337,2021-05-01 14:05:20
89.93,0.9917344442402701,37.33,-4.352941176470587,-0.0235294117647058,1.8599999999999999,0.0,0.0,178.0,63.0,0.8875867853040793,573.9999999999999,-10.465486077923337,2021-05-01 14:05:30
89.87,0.9917344442402701,37.03,-4.352941176470587,-0.0235294117647058,1.8599999999999999,0.0,0.0,177.0,61.0,0.8875867853040793,573.9999999999999,-10.465486077923337,2021-05-01 14:05:40
89.82,0.9917344442402701,36.37,-4.352941176470587,-0.0235294117647058,2.1599999999999997,0.0,0.0,181.0,62.0,0.8875867853040793,573.9999999999999,-10.465486077923337,2021-05-01 14:05:50
89.82,0.9917344442402701,35.37,-4.352941176470587,-0.0235294117647058,1.8599999999999999,0.0,0.0,181.0,62.0,0.8875867853040793,573.9999999999999,-10.465486077923337,2021-05-01 14:06:00
89.82,0.9803352422659501,35.47,-4.352941176470587,-0.0235294117647058,2.1599999999999997,0.0,0.0,181.0,62.0,0.8773846781833878,573.9999999999999,-10.465486077923337,2021-05-01 14:06:10
89.7,0.9917344442402701,37.53,-4.352941176470587,-0.0235294117647058,1.8599999999999999,0.0,0.0,169.0,58.0,0.8875867853040793,573.9999999999999,-10.465486077923337,2021-05-01 14:06:20
89.7,0.9917344442402701,37.53,-4.352941176470587,-0.0235294117647058,1.8599999999999999,0.0,0.0,169.0,58.0,0.8875867853040793,573.9999999999999,-10.465486077923337,2021-05-01 14:06:30
89.61,0.9917344442402701,37.88,-4.352941176470587,-0.0235294117647058,1.8599999999999999,0.0,0.0,181.0,60.0,0.8875867853040793,573.9999999999999,-10.465486077923337,2021-05-01 14:06:40
89.56,0.9917344442402701,37.58,-4.352941176470587,-0.0235294117647058,1.8599999999999999,0.0,0.0,183.0,61.0,0.8875867853040793,573.9999999999999,-10.465486077923337,2021-05-01 14:06:50
89.56,0.9917344442402701,37.15,-4.352941176470587,-0.0235294117647058,2.46,0.0,0.0,183.0,61.0,0.8875867853040793,573.9999999999999,-10.465486077923337,2021-05-01 14:07:00
89.56,0.9917344442402701,37.19,-4.352941176470587,-0.0235294117647058,2.76,0.0,0.0,183.0,61.0,0.8875867853040793,573.9999999999999,-10.465486077923337,2021-05-01 14:07:10
89.56,0.9917344442402701,37.16,-4.352941176470587,-0.0235294117647058,3.0599999999999996,0.0,0.0,183.0,61.0,0.8875867853040793,573.9999999999999,-10.465486077923337,2021-05-01 14:07:20
89.56,0.9917344442402701,36.8,-4.352941176470587,-0.0235294117647058,2.76,0.0,0.0,183.0,61.0,0.8875867853040793,573.9999999999999,-10.465486077923337,2021-05-01 14:07:30
89.56,1.19692081036216,36.13,-4.352941176470587,-0.0235294117647058,3.0599999999999996,0.0,0.0,183.0,61.0,1.0712253673378713,573.9999999999999,-10.465486077923337,2021-05-01 14:07:40
89.455,1.185521549713985,37.53,-4.352941176470587,-0.0235294117647058,3.0599999999999996,0.0,0.0,207.5,63.125,1.0610232077049992,573.9999999999999,-10.465486077923337,2021-05-01 14:07:50
89.35,1.17412228906581,37.73,-4.352941176470587,-0.0235294117647058,2.76,0.0,0.0,232.0,65.25,1.050821048072127,573.9999999999999,-10.465486077923337,2021-05-01 14:08:00
89.245,1.17412228906581,36.98,-4.352941176470587,-0.0235294117647058,3.0599999999999996,0.0,0.0,256.5,67.375,1.050821048072127,573.9999999999999,-10.465486077923337,2021-05-01 14:08:10
89.14,1.17412228906581,36.57,-4.352941176470587,-0.0235294117647058,2.76,0.0,0.0,281.0,69.5,1.050821048072127,573.9999999999999,-10.465486077923337,2021-05-01 14:08:20
89.12,0.92333893334696,39.7,-4.352941176470587,-0.0235294117647058,2.76,0.0,0.0,285.5,69.75,0.8263738749372033,573.9999999999999,-10.465486077923337,2021-05-01 14:08:30
89.1,0.95753671718419,40.53,-4.352941176470587,-0.0235294117647058,3.0599999999999996,0.0,0.0,290.0,70.0,0.8569803555297608,573.9999999999999,-10.465486077923337,2021-05-01 14:08:40
89.1,0.95753671718419,40.0,-4.352941176470587,-0.0235294117647058,1.8599999999999999,0.0,0.0,290.0,70.0,0.8569803555297608,573.9999999999999,-10.465486077923337,2021-05-01 14:08:50
89.1,0.94613745842872,40.2,-4.352941176470587,-0.0235294117647058,2.1599999999999997,0.0,0.0,282.0,67.0,0.8467781975908302,573.9999999999999,-10.465486077923337,2021-05-01 14:09:00
89.05,0.95753671718419,40.28,-4.352941176470587,-0.0235294117647058,1.5599999999999998,0.0,0.0,274.0,64.0,0.8569803555297608,573.9999999999999,-10.465486077923337,2021-05-01 14:09:10
89.0,0.94613745842872,38.59,-4.352941176470587,-0.0235294117647058,2.1599999999999997,0.0,0.0,274.0,64.0,0.8467781975908302,573.9999999999999,-10.465486077923337,2021-05-01 14:09:20
88.94999999999999,0.94613745842872,37.99,-4.352941176470587,-0.0235294117647058,1.8599999999999999,0.0,0.0,274.0,64.0,0.8467781975908302,573.9999999999999,-10.465486077923337,2021-05-01 14:09:30
88.89999999999999,0.95753671718419,37.62,-4.352941176470587,-0.0235294117647058,2.1599999999999997,0.0,0.0,274.0,64.0,0.8569803555297608,573.9999999999999,-10.465486077923337,2021-05-01 14:09:40
88.85,0.9518370878064549,38.09,-4.352941176470587,-0.0235294117647058,2.1599999999999997,0.0,0.0,222.0,69.0,0.8518792765602954,573.9999999999999,-10.465486077923337,2021-05-01 14:09:50
88.8,0.94613745842872,37.37,-4.352941176470587,-0.0235294117647058,1.8599999999999999,0.0,0.0,222.0,69.0,0.8467781975908302,573.9999999999999,-10.465486077923337,2021-05-01 14:10:00
88.75,0.94613745842872,37.85,-4.352941176470587,-0.0235294117647058,1.8599999999999999,0.0,0.0,222.0,69.0,0.8467781975908302,573.9999999999999,-10.465486077923337,2021-05-01 14:10:10
88.69999999999999,0.94613745842872,36.37,-4.352941176470587,-0.0235294117647058,2.1599999999999997,0.0,0.0,222.0,69.0,0.8467781975908302,573.9999999999999,-10.465486077923337,2021-05-01 14:10:20
88.64999999999999,0.94613745842872,37.08,-4.352941176470587,-0.0235294117647058,2.1599999999999997,0.0,0.0,222.0,69.0,0.8467781975908302,573.9999999999999,-10.465486077923337,2021-05-01 14:10:30
88.6,0.94613745842872,37.33,-4.352941176470587,-0.0235294117647058,2.1599999999999997,0.0,0.0,219.0,64.0,0.8467781975908302,573.9999999999999,-10.465486077923337,2021-05-01 14:10:40
88.6,0.94613745842872,37.53,-4.352941176470587,-0.0235294117647058,2.1599999999999997,0.0,0.0,219.0,64.0,0.8467781975908302,573.9999999999999,-10.465486077923337,2021-05-01 14:10:50
88.55,0.9518370878064549,37.64,-4.352941176470587,-0.0235294117647058,1.8599999999999999,0.0,0.0,211.0,59.0,0.8518792765602954,573.9999999999999,-10.465486077923337,2021-05-01 14:11:00
88.52666666666667,0.95753671718419,36.98,-4.352941176470587,-0.0235294117647058,2.1599999999999997,0.0,0.0,8.0,78.8,0.8569803555297608,573.9999999999999,-10.465486077923337,2021-05-01 14:11:10
88.50333333333333,0.95753671718419,36.239999999999995,-4.352941176470587,-0.0235294117647058,2.0100000000000002,0.0,0.0,8.0,78.8,0.8569803555297608,573.9999999999999,-10.465486077923337,2021-05-01 14:11:20
88.47999999999999,0.95753671718419,36.63,-4.352941176470587,-0.0235294117647058,1.8599999999999999,0.0,0.0,8.0,78.8,0.8569803555297608,573.9999999999999,-10.465486077923337,2021-05-01 14:11:30
88.45666666666666,0.94613745842872,36.64,-4.352941176470587,-0.0235294117647058,1.935,0.0,0.0,8.0,78.8,0.8467781975908302,573.9999999999999,-10.465486077923337,2021-05-01 14:11:40
88.43333333333334,0.94613745842872,36.65,-4.352941176470587,-0.0235294117647058,2.0100000000000002,0.0,0.0,8.0,78.8,0.8467781975908302,573.9999999999999,-10.465486077923337,2021-05-01 14:11:50
88.41,0.95753671718419,37.14,-4.352941176470587,-0.0235294117647058,1.935,0.0,0.0,206.0,64.0,0.8569803555297608,573.9999999999999,-10.465486077923337,2021-05-01 14:12:00
88.36,0.95753671718419,37.63,-4.352941176470587,-0.0235294117647058,1.8599999999999999,0.0,0.0,221.0,64.0,0.8569803555297608,573.9999999999999,-10.465486077923337,2021-05-01 14:12:10
88.36,0.95753671718419,36.74,-4.352941176470587,-0.0235294117647058,2.1599999999999997,0.0,0.0,221.0,64.0,0.8569803555297608,573.9999999999999,-10.465486077923337,2021-05-01 14:12:20
88.36,0.95753671718419,37.33,-4.352941176470587,-0.0235294117647058,2.1599999999999997,0.0,0.0,221.0,64.0,0.8569803555297608,573.9999999999999,-10.465486077923337,2021-05-01 14:12:30
88.34,0.95753671718419,38.09,-4.352941176470587,-0.0235294117647058,2.1599999999999997,0.0,0.0,227.0,71.0,0.8569803555297608,573.9999999999999,-10.465486077923337,2021-05-01 14:12:40
88.33,0.94613745842872,38.29,-4.352941176470587,-0.0235294117647058,2.1599999999999997,0.0,0.0,218.0,68.0,0.8467781975908302,573.9999999999999,-10.465486077923337,2021-05-01 14:12:50
88.32833333333333,0.94613745842872,38.84,-4.352941176470587,-0.0235294117647058,2.1599999999999997,0.0,0.0,215.0,67.0,0.8467781975908302,573.9999999999999,-10.465486077923337,2021-05-01 14:13:00
88.32666666666667,0.94613745842872,38.39,-4.352941176470587,-0.0235294117647058,2.1599999999999997,0.0,0.0,215.0,67.0,0.8467781975908302,573.9999999999999,-10.465486077923337,2021-05-01 14:13:10
88.32499999999999,0.94613745842872,37.18,-4.352941176470587,-0.0235294117647058,1.8599999999999999,0.0,0.0,215.0,67.0,0.8467781975908302,573.9999999999999,-10.465486077923337,2021-05-01 14:13:20
88.32333333333332,0.94613745842872,37.73,-4.352941176470587,-0.0235294117647058,2.1599999999999997,0.0,0.0,215.0,67.0,0.8467781975908302,573.9999999999999,-10.465486077923337,2021-05-01 14:13:30
88.32166666666666,0.95753671718419,38.29,-4.352941176470587,-0.0235294117647058,2.1599999999999997,0.0,0.0,218.0,65.5,0.8569803555297608,573.9999999999999,-10.465486077923337,2021-05-01 14:13:40
88.32,0.95753671718419,38.14,-4.352941176470587,-0.0235294117647058,1.8599999999999999,0.0,0.0,221.0,64.0,0.8569803555297608,573.9999999999999,-10.465486077923337,2021-05-01 14:13:50
88.31,0.94613745842872,37.78,-4.352941176470587,-0.0235294117647058,1.8599999999999999,0.0,0.0,219.0,65.0,0.8467781975908302,573.9999999999999,-10.465486077923337,2021-05-01 14:14:00
88.32,0.94613745842872,35.37,-4.352941176470587,-0.0235294117647058,2.1599999999999997,0.0,0.0,217.0,55.77,0.8467781975908302,573.9999999999999,-10.465486077923337,2021-05-01 14:14:10
88.33,0.94613745842872,36.93,-4.352941176470587,-0.0235294117647058,2.1599999999999997,0.0,0.0,215.0,61.0,0.8467781975908302,573.9999999999999,-10.465486077923337,2021-05-01 14:14:20
88.33,0.9489872731175875,37.605000000000004,-4.352941176470587,-0.0235294117647058,2.0100000000000002,0.0,0.0,215.0,61.0,0.8493287370755628,573.9999999999999,-10.465486077923337,2021-05-01 14:14:30
88.4,0.9518370878064549,38.28,-4.352941176470587,-0.0235294117647058,1.8599999999999999,0.0,0.0,239.0,68.0,0.8518792765602954,573.9999999999999,-10.465486077923337,2021-05-01 14:14:40
88.4,0.9546869024953225,39.45,-4.352941176470587,-0.0235294117647058,1.8599999999999999,0.0,0.0,239.0,68.0,0.8544298160450282,573.9999999999999,-10.465486077923337,2021-05-01 14:14:50
88.4,0.95753671718419,38.39,-4.352941176470587,-0.0235294117647058,1.8599999999999999,0.0,0.0,239.0,68.0,0.8569803555297608,573.9999999999999,-10.465486077923337,2021-05-01 14:15:00
88.51,0.94613745842872,37.97,-4.352941176470587,-0.0235294117647058,2.1599999999999997,0.0,0.0,232.0,65.0,0.8467781975908302,573.9999999999999,-10.465486077923337,2021-05-01 14:15:10
88.535,0.95753671718419,38.79,-4.352941176470587,-0.0235294117647058,2.1599999999999997,0.0,0.0,226.0,67.0,0.8569803555297608,573.9999999999999,-10.465486077923337,2021-05-01 14:15:20
88.56,0.95753671718419,38.989999999999995,-4.352941176470587,-0.0235294117647058,2.1599999999999997,0.0,0.0,220.0,69.0,0.8569803555297608,573.9999999999999,-10.465486077923337,2021-05-01 14:15:30
88.56,0.95753671718419,39.19,-4.352941176470587,-0.0235294117647058,2.1599999999999997,0.0,0.0,220.0,69.0,0.8569803555297608,573.9999999999999,-10.465486077923337,2021-05-01 14:15:40
88.56,0.95753671718419,36.37,-4.352941176470587,-0.0235294117647058,1.5599999999999998,0.0,0.0,220.0,69.0,0.8569803555297608,573.9999999999999,-10.465486077923337,2021-05-01 14:15:50
88.56,0.95753671718419,36.849999999999994,-4.352941176470587,-0.0235294117647058,1.8599999999999999,0.0,0.0,220.0,69.0,0.8569803555297608,573.9999999999999,-10.465486077923337,2021-05-01 14:16:00
88.56,0.95753671718419,37.33,-4.352941176470587,-0.0235294117647058,2.1599999999999997,0.0,0.0,220.0,69.0,0.8569803555297608,573.9999999999999,-10.465486077923337,2021-05-01 14:16:10
88.56,0.95753671718419,39.95,-4.352941176470587,-0.0235294117647058,1.8599999999999999,0.0,0.0,220.0,69.0,0.8569803555297608,573.9999999999999,-10.465486077923337,2021-05-01 14:16:20
88.56,0.94613745842872,39.95,-4.352941176470587,-0.0235294117647058,1.8599999999999999,0.0,0.0,220.0,69.0,0.8467781975908302,573.9999999999999,-10.465486077923337,2021-05-01 14:16:30
88.56,0.94613745842872,39.6225,-4.352941176470587,-0.0235294117647058,1.935,0.0,0.0,220.0,69.0,0.8467781975908302,573.9999999999999,-10.465486077923337,2021-05-01 14:16:40
88.56,0.94613745842872,39.295,-4.352941176470587,-0.0235294117647058,2.0100000000000002,0.0,0.0,220.0,69.0,0.8467781975908302,573.9999999999999,-10.465486077923337,2021-05-01 14:16:50
88.56,0.94613745842872,37.832499999999996,-4.352941176470587,-0.0235294117647058,1.935,0.0,0.0,220.0,69.0,0.8467781975908302,573.9999999999999,-10.465486077923337,2021-05-01 14:17:00
89.08,0.95753671718419,36.37,-4.352941176470587,-0.0235294117647058,1.8599999999999999,0.0,0.0,216.0,73.0,0.8569803555297608,573.9999999999999,-10.465486077923337,2021-05-01 14:17:10
89.13285714285715,0.9518370878064549,36.52,-4.352941176470587,-0.0235294117647058,2.1599999999999997,0.0,0.0,214.71428571428572,73.28571428571429,0.8518792765602954,573.9999999999999,-10.465486077923337,2021-05-01 14:17:20
89.18571428571428,0.94613745842872,37.33,-4.352941176470587,-0.0235294117647058,2.1599999999999997,0.0,0.0,213.42857142857142,73.57142857142857,0.8467781975908302,573.9999999999999,-10.465486077923337,2021-05-01 14:17:30
89.23857142857143,0.94993721134721,38.86,-4.352941176470587,-0.0235294117647058,2.1599999999999997,0.0,0.0,212.14285714285714,73.85714285714286,0.8501789169038069,573.9999999999999,-10.465486077923337,2021-05-01 14:17:40
89.29142857142857,0.9537369642657001,38.5475,-4.352941176470587,-0.0235294117647058,2.085,0.0,0.0,210.85714285714286,74.14285714285714,0.853579636216784,573.9999999999999,-10.465486077923337,2021-05-01 14:17:50
89.34428571428572,0.95753671718419,38.235,-4.352941176470587,-0.0235294117647058,2.0100000000000002,0.0,0.0,209.57142857142858,74.42857142857143,0.8569803555297608,573.9999999999999,-10.465486077923337,2021-05-01 14:18:00
89.39714285714285,0.94613745842872,37.63,-4.352941176470587,-0.0235294117647058,2.1599999999999997,0.0,0.0,208.28571428571428,74.71428571428571,0.8467781975908302,573.9999999999999,-10.465486077923337,2021-05-01 14:18:10
89.45,0.95753671718419,37.59,-4.352941176470587,-0.0235294117647058,1.8599999999999999,0.0,0.0,207.0,75.0,0.8569803555297608,573.9999999999999,-10.465486077923337,2021-05-01 14:18:20
89.535,0.94613745842872,37.73,-4.352941176470587,-0.0235294117647058,2.1599999999999997,0.0,0.0,215.0,78.0,0.8467781975908302,573.9999999999999,-10.465486077923337,2021-05-01 14:18:30
89.62,0.95753671718419,37.394999999999996,-4.352941176470587,-0.0235294117647058,2.0100000000000002,0.0,0.0,223.0,81.0,0.8569803555297608,573.9999999999999,-10.465486077923337,2021-05-01 14:18:40
89.66,0.95753671718419,37.06,-4.352941176470587,-0.0235294117647058,1.8599999999999999,0.0,0.0,218.0,78.0,0.8569803555297608,573.9999999999999,-10.465486077923337,2021-05-01 14:18:50
89.66,0.95753671718419,36.37,-4.352941176470587,-0.0235294117647058,2.1599999999999997,0.0,0.0,218.0,78.0,0.8569803555297608,573.9999999999999,-10.465486077923337,2021-05-01 14:19:00
89.66,0.95753671718419,37.33,-4.352941176470587,-0.0235294117647058,1.8599999999999999,0.0,0.0,218.0,78.0,0.8569803555297608,573.9999999999999,-10.465486077923337,2021-05-01 14:19:10
89.66,0.95753671718419,38.48,-4.352941176470587,-0.0235294117647058,1.8599999999999999,0.0,0.0,218.0,78.0,0.8569803555297608,573.9999999999999,-10.465486077923337,2021-05-01 14:19:20
89.66,0.95753671718419,39.66,-4.352941176470587,-0.0235294117647058,2.1599999999999997,0.0,0.0,218.0,78.0,0.8569803555297608,573.9999999999999,-10.465486077923337,2021-05-01 14:19:30
89.81,0.95753671718419,41.71,-4.352941176470587,-0.0235294117647058,2.1599999999999997,0.0,0.0,301.0,69.0,0.8569803555297608,573.9999999999999,-10.465486077923337,2021-05-01 14:19:40
89.81,0.95753671718419,41.71,-4.352941176470587,-0.0235294117647058,1.8599999999999999,0.0,0.0,301.0,69.0,0.8569803555297608,573.9999999999999,-10.465486077923337,2021-05-01 14:19:50
89.81,0.94613745842872,39.55,-4.352941176470587,-0.0235294117647058,1.8599999999999999,0.0,0.0,301.0,69.0,0.8467781975908302,573.9999999999999,-10.465486077923337,2021-05-01 14:20:00
89.81,0.94613745842872,38.68,-4.352941176470587,-0.0235294117647058,2.1599999999999997,0.0,0.0,301.0,69.0,0.8467781975908302,573.9999999999999,-10.465486077923337,2021-05-01 14:20:10
89.81,0.94613745842872,37.83,-4.352941176470587,-0.0235294117647058,1.8599999999999999,0.0,0.0,301.0,69.0,0.8467781975908302,573.9999999999999,-10.465486077923337,2021-05-01 14:20:20
89.81,0.95753671718419,38.5,-4.352941176470587,-0.0235294117647058,2.1599999999999997,0.0,0.0,301.0,69.0,0.8569803555297608,573.9999999999999,-10.465486077923337,2021-05-01 14:20:30
89.81,0.95753671718419,39.45,-4.352941176470587,-0.0235294117647058,2.1599999999999997,0.0,0.0,301.0,69.0,0.8569803555297608,573.9999999999999,-10.465486077923337,2021-05-01 14:20:40
89.81,0.94613745842872,40.3,-4.352941176470587,-0.0235294117647058,1.8599999999999999,0.0,0.0,301.0,69.0,0.8467781975908302,573.9999999999999,-10.465486077923337,2021-05-01 14:20:50
89.81,0.95753671718419,39.44,-4.352941176470587,-0.0235294117647058,2.1599999999999997,0.0,0.0,301.0,69.0,0.8569803555297608,573.9999999999999,-10.465486077923337,2021-05-01 14:21:00
89.755,0.95753671718419,37.72,-4.352941176470587,-0.0235294117647058,2.1599999999999997,0.0,0.0,265.0,64.5,0.8569803555297608,573.9999999999999,-10.465486077923337,2021-05-01 14:21:10
89.7,0.95753671718419,38.39,-4.352941176470587,-0.0235294117647058,1.8599999999999999,0.0,0.0,274.0,60.0,0.8569803555297608,573.9999999999999,-10.465486077923337,2021-05-01 14:21:20
89.75,0.95753671718419,37.19,-4.352941176470587,-0.0235294117647058,2.1599999999999997,0.0,0.0,278.0,64.0,0.8569803555297608,573.9999999999999,-10.465486077923337,2021-05-01 14:21:30
89.78,0.95753671718419,38.19,-4.352941176470587,-0.0235294117647058,2.1599999999999997,0.0,0.0,284.0,58.0,0.8569803555297608,573.9999999999999,-10.465486077923337,2021-05-01 14:21:40
89.78,0.95753671718419,39.55,-4.352941176470587,-0.0235294117647058,1.8599999999999999,0.0,0.0,284.0,58.0,0.8569803555297608,573.9999999999999,-10.465486077923337,2021-05-01 14:21:50
89.87,0.94613745842872,37.88,-4.352941176470587,-0.0235294117647058,1.8599999999999999,0.0,0.0,297.0,61.0,0.8467781975908302,573.9999999999999,-10.465486077923337,2021-05-01 14:22:00
89.92,0.94613745842872,39.91,-4.352941176470587,-0.0235294117647058,2.1599999999999997,0.0,0.0,329.0,56.0,0.8467781975908302,573.9999999999999,-10.465486077923337,2021-05-01 14:22:10
89.96,0.94613745842872,41.11,-4.352941176470587,-0.0235294117647058,1.8599999999999999,0.0,0.0,341.0,62.0,0.8467781975908302,573.9999999999999,-10.465486077923337,2021-05-01 14:22:20
89.96,0.94613745842872,41.35,-4.352941176470587,-0.0235294117647058,1.8599999999999999,0.0,0.0,341.0,62.0,0.8467781975908302,573.9999999999999,-10.465486077923337,2021-05-01 14:22:30
89.96,0.94613745842872,41.12,-4.352941176470587,-0.0235294117647058,1.8599999999999999,0.0,0.0,341.0,62.0,0.8467781975908302,573.9999999999999,-10.465486077923337,2021-05-01 14:22:40
89.96,0.94613745842872,39.55,-4.352941176470587,-0.0235294117647058,2.1599999999999997,0.0,0.0,341.0,62.0,0.8467781975908302,573.9999999999999,-10.465486077923337,2021-05-01 14:22:50
89.96,0.95753671718419,39.45,-4.352941176470587,-0.0235294117647058,2.1599999999999997,0.0,0.0,341.0,62.0,0.8569803555297608,573.9999999999999,-10.465486077923337,2021-05-01 14:23:00
90.05,0.94613745842872,39.35,-4.352941176470587,-0.0235294117647058,2.1599999999999997,0.0,-0.0,311.0,61.0,0.8467781975908302,573.9999999999999,-10.465486077923337,2021-05-01 14:23:10
90.03,0.9518370878064549,39.7,-4.352941176470587,-0.0235294117647058,1.8599999999999999,0.0,-0.0,318.0,55.0,0.8518792765602954,573.9999999999999,-10.465486077923337,2021-05-01 14:23:20
90.03,0.95753671718419,39.4,-4.352941176470587,-0.0235294117647058,1.8599999999999999,0.0,-0.0,318.0,55.0,0.8569803555297608,573.9999999999999,-10.465486077923337,2021-05-01 14:23:30
90.06,0.95753671718419,38.72,-4.352941176470587,-0.0235294117647058,1.8599999999999999,0.0,-0.0,307.0,61.0,0.8569803555297608,573.9999999999999,-10.465486077923337,2021-05-01 14:23:40
90.06,0.94613745842872,38.39,-4.352941176470587,-0.0235294117647058,2.1599999999999997,0.0,-0.0,307.0,61.0,0.8467781975908302,573.9999999999999,-10.465486077923337,2021-05-01 14:23:50
90.06,0.95753671718419,39.13,-4.352941176470587,-0.0235294117647058,1.8599999999999999,0.0,-0.0,307.0,61.0,0.8569803555297608,573.9999999999999,-10.465486077923337,2021-05-01 14:24:00
90.06,0.95753671718419,39.66,-4.352941176470587,-0.0235294117647058,2.1599999999999997,0.0,-0.0,310.0,63.0,0.8569803555297608,573.9999999999999,-10.465486077923337,2021-05-01 14:24:10
90.05,0.9518370878064549,39.93,-4.352941176470587,-0.0235294117647058,2.1599999999999997,0.0,-0.0,292.0,56.0,0.8518792765602954,573.9999999999999,-10.465486077923337,2021-05-01 14:24:20
90.05,0.94613745842872,40.2,-4.352941176470587,-0.0235294117647058,2.1599999999999997,0.0,-0.0,292.0,56.0,0.8467781975908302,573.9999999999999,-10.465486077923337,2021-05-01 14:24:30
90.05,0.95753671718419,38.95,-4.352941176470587,-0.0235294117647058,2.1599999999999997,0.0,-0.0,292.0,56.0,0.8569803555297608,573.9999999999999,-10.465486077923337,2021-05-01 14:24:40
90.05,0.95753671718419,36.94,-4.352941176470587,-0.0235294117647058,1.8599999999999999,0.0,-0.0,292.0,56.0,0.8569803555297608,573.9999999999999,-10.465486077923337,2021-05-01 14:24:50
90.05,0.95753671718419,38.94,-4.352941176470587,-0.0235294117647058,1.8599999999999999,0.0,-0.0,292.0,56.0,0.8569803555297608,573.9999999999999,-10.465486077923337,2021-05-01 14:25:00
90.05,0.95753671718419,39.93,-4.352941176470587,-0.0235294117647058,2.1599999999999997,0.0,-0.0,292.0,56.0,0.8569803555297608,573.9999999999999,-10.465486077923337,2021-05-01 14:25:10
90.12,0.95753671718419,40.55,-4.352941176470587,-0.0235294117647058,2.1599999999999997,0.0,-0.0,290.0,56.0,0.8569803555297608,573.9999999999999,-10.465486077923337,2021-05-01 14:25:20
90.14,0.95753671718419,39.55,-4.352941176470587,-0.0235294117647058,1.8599999999999999,0.0,-0.0,283.0,62.0,0.8569803555297608,573.9999999999999,-10.465486077923337,2021-05-01 14:25:30
90.12,0.95753671718419,39.144999999999996,-4.352941176470587,-0.0235294117647058,1.8599999999999999,0.0,-0.0,315.0,56.0,0.8569803555297608,573.9999999999999,-10.465486077923337,2021-05-01 14:25:40
90.09,0.9518370878064549,38.74,-4.352941176470587,-0.0235294117647058,1.8599999999999999,0.0,-0.0,322.0,56.0,0.8518792765602954,573.9999999999999,-10.465486077923337,2021-05-01 14:25:50
90.07666666666667,0.94613745842872,39.95,-4.352941176470587,-0.0235294117647058,1.8599999999999999,0.0,-0.0,325.3333333333333,56.0,0.8467781975908302,573.9999999999999,-10.465486077923337,2021-05-01 14:26:00
90.06333333333333,0.94613745842872,39.95,-4.352941176470587,-0.0235294117647058,1.8599999999999999,0.0,-0.0,328.6666666666667,56.0,0.8467781975908302,573.9999999999999,-10.465486077923337,2021-05-01 14:26:10
90.05,0.95753671718419,40.76,-4.352941176470587,-0.0235294117647058,2.1599999999999997,0.0,-0.0,332.0,56.0,0.8569803555297608,573.9999999999999,-10.465486077923337,2021-05-01 14:26:20
90.05,0.94613745842872,40.88,-4.352941176470587,-0.0235294117647058,2.1599999999999997,0.0,-0.0,332.0,56.0,0.8467781975908302,573.9999999999999,-10.465486077923337,2021-05-01 14:26:30
90.0,0.94613745842872,40.71,-4.352941176470587,-0.0235294117647058,2.1599999999999997,0.0,0.0,327.0,53.0,0.8467781975908302,573.9999999999999,-10.465486077923337,2021-05-01 14:26:40
90.0,0.94613745842872,39.64,-4.352941176470587,-0.0235294117647058,2.1599999999999997,0.0,0.0,327.0,53.0,0.8467781975908302,573.9999999999999,-10.465486077923337,2021-05-01 14:26:50
90.0,0.95753671718419,39.49,-4.352941176470587,-0.0235294117647058,2.1599999999999997,0.0,0.0,327.0,53.0,0.8569803555297608,573.9999999999999,-10.465486077923337,2021-05-01 14:27:00
90.0,0.95753671718419,39.45,-4.352941176470587,-0.0235294117647058,2.1599999999999997,0.0,0.0,327.0,53.0,0.8569803555297608,573.9999999999999,-10.465486077923337,2021-05-01 14:27:10
89.93,0.95753671718419,39.81,-4.352941176470587,-0.0235294117647058,2.1599999999999997,0.0,0.0,339.0,60.0,0.8569803555297608,573.9999999999999,-10.465486077923337,2021-05-01 14:27:20
89.86,0.9518370878064549,40.215,-4.352941176470587,-0.0235294117647058,2.1599999999999997,0.0,0.0,330.0,57.0,0.8518792765602954,573.9999999999999,-10.465486077923337,2021-05-01 14:27:30
89.86,0.94613745842872,40.62,-4.352941176470587,-0.0235294117647058,2.1599999999999997,0.0,0.0,330.0,57.0,0.8467781975908302,573.9999999999999,-10.465486077923337,2021-05-01 14:27:40
89.86,0.95753671718419,38.39,-4.352941176470587,-0.0235294117647058,1.8599999999999999,0.0,0.0,330.0,57.0,0.8569803555297608,573.9999999999999,-10.465486077923337,2021-05-01 14:27:50
89.86,0.94613745842872,38.75,-4.352941176470587,-0.0235294117647058,1.8599999999999999,0.0,0.0,330.0,57.0,0.8467781975908302,573.9999999999999,-10.465486077923337,2021-05-01 14:28:00
89.78,0.95753671718419,38.775,-4.352941176470587,-0.0235294117647058,1.8599999999999999,0.0,0.0,307.0,60.0,0.8569803555297608,573.9999999999999,-10.465486077923337,2021-05-01 14:28:10
89.68,0.95753671718419,38.8,-4.352941176470587,-0.0235294117647058,1.8599999999999999,0.0,0.0,304.0,53.0,0.8569803555297608,573.9999999999999,-10.465486077923337,2021-05-01 14:28:20
89.68,0.95753671718419,39.28,-4.352941176470587,-0.0235294117647058,2.1599999999999997,0.0,0.0,304.0,53.0,0.8569803555297608,573.9999999999999,-10.465486077923337,2021-05-01 14:28:30
89.57,0.94613745842872,40.71,-4.352941176470587,-0.0235294117647058,1.8599999999999999,0.0,0.0,306.0,78.0,0.8467781975908302,573.9999999999999,-10.465486077923337,2021-05-01 14:28:40
89.57,0.95753671718419,39.9,-4.352941176470587,-0.0235294117647058,2.1599999999999997,0.0,0.0,306.0,78.0,0.8569803555297608,573.9999999999999,-10.465486077923337,2021-05-01 14:28:50
89.57,0.94613745842872,39.64,-4.352941176470587,-0.0235294117647058,1.8599999999999999,0.0,0.0,306.0,78.0,0.8467781975908302,573.9999999999999,-10.465486077923337,2021-05-01 14:29:00
89.53,0.95753671718419,38.79,-4.352941176470587,-0.0235294117647058,2.1599999999999997,0.0,0.0,321.0,70.0,0.8569803555297608,573.9999999999999,-10.465486077923337,2021-05-01 14:29:10
89.51,0.95753671718419,37.885,-4.352941176470587,-0.0235294117647058,1.0799999999999998,0.0,0.0,297.0,73.0,0.8569803555297608,573.9999999999999,-10.465486077923337,2021-05-01 14:29:20
89.51,0.58136154165304,36.98,-4.352941176470587,-0.0235294117647058,0.0,0.0,0.0,297.0,73.0,0.5203094687817765,573.9999999999999,-10.465486077923337,2021-05-01 14:29:30
89.47,0.29068077082652,36.49,-4.352941176470587,-0.0235294117647058,0.0,0.0,0.0,175.0,70.0,0.26015473439088826,573.9999999999999,-10.465486077923337,2021-05-01 14:29:40
89.46,0.56996227911216,36.02,-4.352941176470587,-0.0235294117647058,0.0,0.0,0.0,111.0,61.0,0.5101073074549631,573.9999999999999,-10.465486077923337,2021-05-01 14:30:30
89.46,1.17412228906581,36.07,-4.352941176470587,-0.0235294117647058,0.0,0.0,0.0,111.0,61.0,1.050821048072127,573.9999999999999,-10.465486077923337,2021-05-01 14:30:40
89.46,1.117126095601825,36.12,-4.352941176470587,-0.0235294117647058,0.0,0.0,0.0,111.0,61.0,0.9998103481563627,573.9999999999999,-10.465486077923337,2021-05-01 14:30:50
89.46,1.0601299021378399,39.24,-4.352941176470587,-0.0235294117647058,0.0,0.0,0.0,111.0,61.0,0.9487996482405983,573.9999999999999,-10.465486077923337,2021-05-01 14:31:00
89.465,1.0601299021378399,41.2,-4.352941176470587,-0.0235294117647058,1.2,0.0,0.0,193.5,61.0,0.9487996482405983,573.9999999999999,-10.465486077923337,2021-05-01 14:31:10
89.47,1.0487306963781102,40.75,-4.352941176470587,-0.0235294117647058,1.53,0.0,0.0,276.0,61.0,0.9385975377320246,573.9999999999999,-10.465486077923337,2021-05-01 14:31:20
89.47,1.00313370678115,40.3,-4.352941176470587,-0.0235294117647058,1.8599999999999999,0.0,0.0,276.0,61.0,0.8977889466308926,573.9999999999999,-10.465486077923337,2021-05-01 14:31:30
89.4425,0.95753671718419,40.4,-4.352941176470587,-0.0235294117647058,2.1599999999999997,0.0,0.0,272.5,62.0,0.8569803555297608,573.9999999999999,-10.465486077923337,2021-05-01 14:31:40
89.41499999999999,0.95753671718419,39.04,-4.352941176470587,-0.0235294117647058,1.8599999999999999,0.0,0.0,269.0,63.0,0.8569803555297608,573.9999999999999,-10.465486077923337,2021-05-01 14:31:50
89.3875,0.94613745842872,38.59,-4.352941176470587,-0.0235294117647058,2.1599999999999997,0.0,0.0,265.5,64.0,0.8467781975908302,573.9999999999999,-10.465486077923337,2021-05-01 14:32:00
89.36,0.94613745842872,38.42,-4.352941176470587,-0.0235294117647058,2.0100000000000002,0.0,0.0,262.0,65.0,0.8467781975908302,573.9999999999999,-10.465486077923337,2021-05-01 14:32:10
89.36,0.94613745842872,38.25,-4.352941176470587,-0.0235294117647058,1.8599999999999999,0.0,0.0,262.0,65.0,0.8467781975908302,573.9999999999999,-10.465486077923337,2021-05-01 14:32:20
89.35,0.95753671718419,38.14,-4.352941176470587,-0.0235294117647058,1.8599999999999999,0.0,0.0,237.0,72.0,0.8569803555297608,573.9999999999999,-10.465486077923337,2021-05-01 14:32:30
89.35,0.95753671718419,39.24,-4.352941176470587,-0.0235294117647058,2.1599999999999997,0.0,0.0,237.0,72.0,0.8569803555297608,573.9999999999999,-10.465486077923337,2021-05-01 14:32:40
89.35,0.95753671718419,38.575,-4.352941176470587,-0.0235294117647058,2.1599999999999997,0.0,0.0,237.0,72.0,0.8569803555297608,573.9999999999999,-10.465486077923337,2021-05-01 14:32:50
89.35,0.94613745842872,37.91,-4.352941176470587,-0.0235294117647058,2.1599999999999997,0.0,0.0,237.0,72.0,0.8467781975908302,573.9999999999999,-10.465486077923337,2021-05-01 14:33:00
89.27,0.9518370878064549,38.485,-4.352941176470587,-0.0235294117647058,2.1599999999999997,0.0,0.0,247.0,72.0,0.8518792765602954,573.9999999999999,-10.465486077923337,2021-05-01 14:33:10
89.215,0.95753671718419,39.06,-4.352941176470587,-0.0235294117647058,2.1599999999999997,0.0,0.0,241.5,73.5,0.8569803555297608,573.9999999999999,-10.465486077923337,2021-05-01 14:33:20
89.16,0.94613745842872,39.45,-4.352941176470587,-0.0235294117647058,2.1599999999999997,0.0,0.0,236.0,75.0,0.8467781975908302,573.9999999999999,-10.465486077923337,2021-05-01 14:33:30
89.16,0.95753671718419,40.63,-4.352941176470587,-0.0235294117647058,2.1599999999999997,0.0,0.0,225.0,79.0,0.8569803555297608,573.9999999999999,-10.465486077923337,2021-05-01 14:33:40
89.13,0.95753671718419,40.71,-4.352941176470587,-0.0235294117647058,2.1599999999999997,0.0,0.0,222.0,77.0,0.8569803555297608,573.9999999999999,-10.465486077923337,2021-05-01 14:33:50
89.13,0.94613745842872,37.4,-4.352941176470587,-0.0235294117647058,1.8599999999999999,0.0,0.0,222.0,77.0,0.8467781975908302,573.9999999999999,-10.465486077923337,2021-05-01 14:34:00
89.13,0.94613745842872,37.73,-4.352941176470587,-0.0235294117647058,2.1599999999999997,0.0,0.0,222.0,77.0,0.8467781975908302,573.9999999999999,-10.465486077923337,2021-05-01 14:34:10
89.06,0.95753671718419,38.74,-4.352941176470587,-0.0235294117647058,1.8599999999999999,0.0,0.0,211.0,76.0,0.8569803555297608,573.9999999999999,-10.465486077923337,2021-05-01 14:34:20
89.02,0.94613745842872,39.64,-4.352941176470587,-0.0235294117647058,2.1599999999999997,0.0,0.0,213.0,80.0,0.8467781975908302,573.9999999999999,-10.465486077923337,2021-05-01 14:34:30
89.02,0.95753671718419,40.019999999999996,-4.352941176470587,-0.0235294117647058,2.1599999999999997,0.0,0.0,213.0,80.0,0.8569803555297608,573.9999999999999,-10.465486077923337,2021-05-01 14:34:40
88.94,0.94613745842872,40.4,-4.352941176470587,-0.0235294117647058,2.1599999999999997,0.0,0.0,212.0,74.0,0.8467781975908302,573.9999999999999,-10.465486077923337,2021-05-01 14:34:50
88.94,0.94993721134721,41.31,-4.352941176470587,-0.0235294117647058,1.8599999999999999,0.0,0.0,212.0,74.0,0.8501789169038069,573.9999999999999,-10.465486077923337,2021-05-01 14:35:00
88.86,0.9537369642657001,39.45,-4.352941176470587,-0.0235294117647058,1.8599999999999999,0.0,0.0,209.0,73.0,0.853579636216784,573.9999999999999,-10.465486077923337,2021-05-01 14:35:10
88.86,0.95753671718419,38.19,-4.352941176470587,-0.0235294117647058,1.8599999999999999,0.0,0.0,209.0,73.0,0.8569803555297608,573.9999999999999,-10.465486077923337,2021-05-01 14:35:20
88.86,0.95753671718419,37.88,-4.352941176470587,-0.0235294117647058,1.8599999999999999,0.0,0.0,209.0,73.0,0.8569803555297608,573.9999999999999,-10.465486077923337,2021-05-01 14:35:30
88.86,0.94613745842872,38.35,-4.352941176470587,-0.0235294117647058,2.1599999999999997,0.0,0.0,209.0,73.0,0.8467781975908302,573.9999999999999,-10.465486077923337,2021-05-01 14:35:40
88.86,0.94613745842872,39.8,-4.352941176470587,-0.0235294117647058,2.1599999999999997,0.0,0.0,209.0,73.0,0.8467781975908302,573.9999999999999,-10.465486077923337,2021-05-01 14:35:50
88.86,0.94613745842872,40.05,-4.352941176470587,-0.0235294117647058,2.1599999999999997,0.0,0.0,209.0,73.0,0.8467781975908302,573.9999999999999,-10.465486077923337,2021-05-01 14:36:00
88.86,0.9518370878064549,40.3,-4.352941176470587,-0.0235294117647058,2.1599999999999997,0.0,0.0,209.0,73.0,0.8518792765602954,573.9999999999999,-10.465486077923337,2021-05-01 14:36:10
88.86,0.95753671718419,41.83,-4.352941176470587,-0.0235294117647058,2.1599999999999997,0.0,0.0,209.0,73.0,0.8569803555297608,573.9999999999999,-10.465486077923337,2021-05-01 14:36:20
88.735,0.94613745842872,38.59,-4.352941176470587,-0.0235294117647058,1.8599999999999999,0.0,0.0,206.5,72.5,0.8467781975908302,573.9999999999999,-10.465486077923337,2021-05-01 14:36:30
88.61,0.94613745842872,39.24,-4.352941176470587,-0.0235294117647058,2.1599999999999997,0.0,0.0,204.0,72.0,0.8467781975908302,573.9999999999999,-10.465486077923337,2021-05-01 14:36:40
88.575,0.95753671718419,39.394999999999996,-4.352941176470587,-0.0235294117647058,2.1599999999999997,0.0,0.0,207.0,75.0,0.8569803555297608,573.9999999999999,-10.465486077923337,2021-05-01 14:36:50
88.54,0.95753671718419,39.55,-4.352941176470587,-0.0235294117647058,2.1599999999999997,0.0,0.0,214.0,72.0,0.8569803555297608,573.9999999999999,-10.465486077923337,2021-05-01 14:37:00
88.54,0.95753671718419,40.15,-4.352941176470587,-0.0235294117647058,2.1599999999999997,0.0,0.0,214.0,72.0,0.8569803555297608,573.9999999999999,-10.465486077923337,2021-05-01 14:37:10
88.54,0.94613745842872,42.45,-4.352941176470587,-0.0235294117647058,1.8599999999999999,0.0,0.0,214.0,72.0,0.8467781975908302,573.9999999999999,-10.465486077923337,2021-05-01 14:37:20
88.54,0.95753671718419,41.26,-4.352941176470587,-0.0235294117647058,1.8599999999999999,0.0,0.0,214.0,72.0,0.8569803555297608,573.9999999999999,-10.465486077923337,2021-05-01 14:37:30
88.54,0.95753671718419,41.31,-4.352941176470587,-0.0235294117647058,1.8599999999999999,0.0,0.0,214.0,72.0,0.8569803555297608,573.9999999999999,-10.465486077923337,2021-05-01 14:37:40
88.54,0.95753671718419,41.86,-4.352941176470587,-0.0235294117647058,2.1599999999999997,0.0,0.0,214.0,72.0,0.8569803555297608,573.9999999999999,-10.465486077923337,2021-05-01 14:37:50
88.48,0.95753671718419,42.315,-4.352941176470587,-0.0235294117647058,2.0100000000000002,0.0,0.0,207.0,75.0,0.8569803555297608,573.9999999999999,-10.465486077923337,2021-05-01 14:38:00
88.48,0.95753671718419,42.77,-4.352941176470587,-0.0235294117647058,1.8599999999999999,0.0,0.0,210.0,75.0,0.8569803555297608,573.9999999999999,-10.465486077923337,2021-05-01 14:38:10
88.46,0.94613745842872,45.09,-4.352941176470587,-0.0235294117647058,2.1599999999999997,0.0,0.0,206.0,79.0,0.8467781975908302,573.9999999999999,-10.465486077923337,2021-05-01 14:38:20
88.46,0.94613745842872,46.4,-4.352941176470587,-0.0235294117647058,2.1599999999999997,0.0,0.0,206.0,79.0,0.8467781975908302,573.9999999999999,-10.465486077923337,2021-05-01 14:38:30
88.46,0.95753671718419,46.29,-4.352941176470587,-0.0235294117647058,1.8599999999999999,0.0,0.0,206.0,79.0,0.8569803555297608,573.9999999999999,-10.465486077923337,2021-05-01 14:38:40
88.46,0.95753671718419,44.99,-4.352941176470587,-0.0235294117647058,1.8599999999999999,0.0,0.0,206.0,79.0,0.8569803555297608,573.9999999999999,-10.465486077923337,2021-05-01 14:38:50
88.4,0.95753671718419,46.35,-4.352941176470587,-0.0235294117647058,1.8599999999999999,0.0,0.0,215.0,70.0,0.8569803555297608,573.9999999999999,-10.465486077923337,2021-05-01 14:39:00
88.4,0.94613745842872,46.8,-4.352941176470587,-0.0235294117647058,1.8599999999999999,0.0,0.0,215.0,70.0,0.8467781975908302,573.9999999999999,-10.465486077923337,2021-05-01 14:39:10
88.39750000000001,0.94613745842872,46.99,-4.352941176470587,-0.0235294117647058,1.8599999999999999,0.0,0.0,212.75,71.0,0.8467781975908302,573.9999999999999,-10.465486077923337,2021-05-01 14:39:20
88.39500000000001,0.95753671718419,47.71,-4.352941176470587,-0.0235294117647058,1.8599999999999999,0.0,0.0,210.5,72.0,0.8569803555297608,573.9999999999999,-10.465486077923337,2021-05-01 14:39:30
88.39,0.95753671718419,48.11,-4.352941176470587,-0.0235294117647058,2.1599999999999997,0.0,0.0,212.0,75.0,0.8569803555297608,573.9999999999999,-10.465486077923337,2021-05-01 14:39:40
88.39,0.94613745842872,47.2,-4.352941176470587,-0.0235294117647058,1.8599999999999999,0.0,0.0,206.0,71.0,0.8467781975908302,573.9999999999999,-10.465486077923337,2021-05-01 14:39:50
88.39,0.95753671718419,46.04,-4.352941176470587,-0.0235294117647058,2.1599999999999997,0.0,0.0,206.0,71.0,0.8569803555297608,573.9999999999999,-10.465486077923337,2021-05-01 14:40:00
88.37,0.94613745842872,45.94,-4.352941176470587,-0.0235294117647058,2.1599999999999997,0.0,0.0,204.0,70.0,0.8467781975908302,573.9999999999999,-10.465486077923337,2021-05-01 14:40:10
88.38,0.94613745842872,46.9,-4.352941176470587,-0.0235294117647058,1.8599999999999999,0.0,0.0,207.5,71.5,0.8467781975908302,573.9999999999999,-10.465486077923337,2021-05-01 14:40:20
88.39,0.95753671718419,48.11,-4.352941176470587,-0.0235294117647058,2.1599999999999997,0.0,0.0,211.0,73.0,0.8569803555297608,573.9999999999999,-10.465486077923337,2021-05-01 14:40:30
88.41,0.95753671718419,48.235,-4.352941176470587,-0.0235294117647058,2.0100000000000002,0.0,0.0,204.0,75.0,0.8569803555297608,573.9999999999999,-10.465486077923337,2021-05-01 14:40:40
88.41,0.94613745842872,48.36,-4.352941176470587,-0.0235294117647058,1.8599999999999999,0.0,0.0,204.0,75.0,0.8467781975908302,573.9999999999999,-10.465486077923337,2021-05-01 14:40:50
88.41,0.95753671718419,47.71,-4.352941176470587,-0.0235294117647058,2.1599999999999997,0.0,0.0,204.0,75.0,0.8569803555297608,573.9999999999999,-10.465486077923337,2021-05-01 14:41:00
88.44,0.9518370878064549,45.11,-4.352941176470587,-0.0235294117647058,1.8599999999999999,0.0,0.0,215.0,77.0,0.8518792765602954,573.9999999999999,-10.465486077923337,2021-05-01 14:41:10
88.445,0.94613745842872,46.4,-4.352941176470587,-0.0235294117647058,1.8599999999999999,0.0,0.0,87.57,76.5,0.8467781975908302,573.9999999999999,-10.465486077923337,2021-05-01 14:41:20
88.45,0.94613745842872,46.15,-4.352941176470587,-0.0235294117647058,1.8599999999999999,0.0,0.0,207.0,76.0,0.8467781975908302,573.9999999999999,-10.465486077923337,2021-05-01 14:41:30
88.45,0.94613745842872,48.31,-4.352941176470587,-0.0235294117647058,1.8599999999999999,0.0,0.0,207.0,76.0,0.8467781975908302,573.9999999999999,-10.465486077923337,2021-05-01 14:41:40
88.45,0.94613745842872,50.54,-4.352941176470587,-0.0235294117647058,1.8599999999999999,0.0,0.0,207.0,76.0,0.8467781975908302,573.9999999999999,-10.465486077923337,2021-05-01 14:41:50
88.45,0.94613745842872,51.01,-4.352941176470587,-0.0235294117647058,2.1599999999999997,0.0,0.0,207.0,76.0,0.8467781975908302,573.9999999999999,-10.465486077923337,2021-05-01 14:42:00
88.45,0.95753671718419,49.35,-4.352941176470587,-0.0235294117647058,2.1599999999999997,0.0,0.0,207.0,76.0,0.8569803555297608,573.9999999999999,-10.465486077923337,2021-05-01 14:42:10
88.49,0.95753671718419,47.46,-4.352941176470587,-0.0235294117647058,1.8599999999999999,0.0,0.0,204.0,77.0,0.8569803555297608,573.9999999999999,-10.465486077923337,2021-05-01 14:42:20
88.49,0.9518370878064549,48.055,-4.352941176470587,-0.0235294117647058,2.0100000000000002,0.0,0.0,204.0,77.0,0.8518792765602954,573.9999999999999,-10.465486077923337,2021-05-01 14:42:30
88.49,0.94613745842872,48.65,-4.352941176470587,-0.0235294117647058,2.1599999999999997,0.0,0.0,204.0,77.0,0.8467781975908302,573.9999999999999,-10.465486077923337,2021-05-01 14:42:40
88.49,0.95753671718419,50.88,-4.352941176470587,-0.0235294117647058,2.1599999999999997,0.0,0.0,204.0,77.0,0.8569803555297608,573.9999999999999,-10.465486077923337,2021-05-01 14:42:50
88.49,0.95753671718419,53.85,-4.352941176470587,-0.0235294117647058,1.8599999999999999,0.0,0.0,204.0,77.0,0.8569803555297608,573.9999999999999,-10.465486077923337,2021-05-01 14:43:00
88.53,0.95753671718419,54.06,-4.352941176470587,-0.0235294117647058,1.8599999999999999,0.0,0.0,218.0,78.0,0.8569803555297608,573.9999999999999,-10.465486077923337,2021-05-01 14:43:10
88.52,1.0145329693220302,53.7,-4.352941176470587,-0.0235294117647058,2.1599999999999997,0.0,0.0,213.0,80.0,0.9079911079577062,573.9999999999999,-10.465486077923337,2021-05-01 14:43:20
88.515,1.33371183593419,53.35,-4.352941176470587,-0.0235294117647058,2.1599999999999997,0.0,0.0,252.0,81.5,1.1936511914595058,573.9999999999999,-10.465486077923337,2021-05-01 14:43:30
88.51,1.3365616373741225,53.0,-4.352941176470587,-0.0235294117647058,2.1599999999999997,0.0,0.0,291.0,83.0,1.1962017190866492,573.9999999999999,-10.465486077923337,2021-05-01 14:43:40
88.51,1.3394114388140552,54.06,-4.352941176470587,-0.0235294117647058,2.1599999999999997,0.0,0.0,291.0,83.0,1.198752246713793,573.9999999999999,-10.465486077923337,2021-05-01 14:43:50
88.51,1.3422612402539875,53.855000000000004,-4.352941176470587,-0.0235294117647058,2.1599999999999997,0.0,0.0,291.0,83.0,1.2013027743409364,573.9999999999999,-10.465486077923337,2021-05-01 14:44:00
88.49,1.34511104169392,53.65,-4.352941176470587,-0.0235294117647058,2.1599999999999997,0.0,0.0,304.0,76.0,1.20385330196808,573.9999999999999,-10.465486077923337,2021-05-01 14:44:10
88.5,1.34511104169392,53.7,-4.352941176470587,-0.0235294117647058,2.1599999999999997,0.0,0.0,316.0,82.0,1.20385330196808,573.9999999999999,-10.465486077923337,2021-05-01 14:44:20
88.5,1.34511104169392,53.09,-4.352941176470587,-0.0235294117647058,1.8599999999999999,0.0,0.0,316.0,82.0,1.20385330196808,573.9999999999999,-10.465486077923337,2021-05-01 14:44:30
88.5,1.34511104169392,50.88,-4.352941176470587,-0.0235294117647058,2.1599999999999997,0.0,0.0,316.0,82.0,1.20385330196808,573.9999999999999,-10.465486077923337,2021-05-01 14:44:40
88.5,1.34511104169392,51.235,-4.352941176470587,-0.0235294117647058,2.1599999999999997,0.0,0.0,316.0,82.0,1.20385330196808,573.9999999999999,-10.465486077923337,2021-05-01 14:44:50
88.5,1.34511104169392,51.59,-4.352941176470587,-0.0235294117647058,2.1599999999999997,0.0,0.0,316.0,82.0,1.20385330196808,573.9999999999999,-10.465486077923337,2021-05-01 14:45:00
88.53,1.34511104169392,51.13,-4.352941176470587,-0.0235294117647058,1.8599999999999999,0.0,0.0,304.0,81.0,1.20385330196808,573.9999999999999,-10.465486077923337,2021-05-01 14:45:10
88.53,1.34511104169392,51.03,-4.352941176470587,-0.0235294117647058,2.1599999999999997,0.0,0.0,304.0,81.0,1.20385330196808,573.9999999999999,-10.465486077923337,2021-05-01 14:45:20
88.53,1.34511104169392,51.13,-4.352941176470587,-0.0235294117647058,2.1599999999999997,0.0,0.0,304.0,81.0,1.20385330196808,573.9999999999999,-10.465486077923337,2021-05-01 14:45:30
88.53,1.33371183593419,51.69,-4.352941176470587,-0.0235294117647058,2.1599999999999997,0.0,0.0,304.0,81.0,1.1936511914595058,573.9999999999999,-10.465486077923337,2021-05-01 14:45:40
88.52,1.34511104169392,52.61,-4.352941176470587,-0.0235294117647058,1.8599999999999999,0.0,0.0,310.0,82.0,1.20385330196808,573.9999999999999,-10.465486077923337,2021-05-01 14:45:50
88.48,1.3394114388140552,53.485,-4.352941176470587,-0.0235294117647058,1.8599999999999999,0.0,0.0,312.0,78.0,1.198752246713793,573.9999999999999,-10.465486077923337,2021-05-01 14:46:00
88.48,1.33371183593419,54.36,-4.352941176470587,-0.0235294117647058,1.8599999999999999,0.0,0.0,312.0,78.0,1.1936511914595058,573.9999999999999,-10.465486077923337,2021-05-01 14:46:10
88.44,1.34511104169392,53.7,-4.352941176470587,-0.0235294117647058,1.8599999999999999,0.0,0.0,313.0,84.0,1.20385330196808,573.9999999999999,-10.465486077923337,2021-05-01 14:46:20
88.44,1.33371183593419,54.61,-4.352941176470587,-0.0235294117647058,2.1599999999999997,0.0,0.0,313.0,84.0,1.1936511914595058,573.9999999999999,-10.465486077923337,2021-05-01 14:46:30
88.44,1.33371183593419,54.03,-4.352941176470587,-0.0235294117647058,2.1599999999999997,0.0,0.0,313.0,84.0,1.1936511914595058,573.9999999999999,-10.465486077923337,2021-05-01 14:46:40
88.34,1.139924647181455,53.45,-4.352941176470587,-0.0235294117647058,2.1599999999999997,0.0,0.0,234.0,80.0,1.020214694525168,573.9999999999999,-10.465486077923337,2021-05-01 14:46:50
88.34,0.94613745842872,51.49,-4.352941176470587,-0.0235294117647058,2.1599999999999997,0.0,0.0,234.0,80.0,0.8467781975908302,573.9999999999999,-10.465486077923337,2021-05-01 14:47:00
88.325,0.94613745842872,57.44,-4.352941176470587,-0.0235294117647058,1.8599999999999999,0.0,0.0,222.25,80.5,0.8467781975908302,573.9999999999999,-10.465486077923337,2021-05-01 14:47:10
88.31,0.94613745842872,57.83,-4.352941176470587,-0.0235294117647058,0.6,0.0,0.0,210.5,81.0,0.8467781975908302,573.9999999999999,-10.465486077923337,2021-05-01 14:47:20
88.295,0.58136154165304,54.26,-4.352941176470587,-0.0235294117647058,0.0,0.0,0.0,198.75,81.5,0.5203094687817765,573.9999999999999,-10.465486077923337,2021-05-01 14:47:30
88.28,0.5927608041939201,54.11,-4.352941176470587,-0.0235294117647058,0.0,0.0,0.0,187.0,82.0,0.53051163010859,573.9999999999999,-10.465486077923337,2021-05-01 14:47:40
88.265,0.58136154165304,54.085,-4.352941176470587,-0.0235294117647058,0.0,0.0,0.0,175.25,82.5,0.5203094687817765,573.9999999999999,-10.465486077923337,2021-05-01 14:47:50
88.25,0.5927608041939201,54.06,-4.352941176470587,-0.0235294117647058,0.0,0.0,0.0,163.5,83.0,0.53051163010859,573.9999999999999,-10.465486077923337,2021-05-01 14:48:00
88.235,0.5927608041939201,45.44,-4.352941176470587,-0.0235294117647058,0.3,0.0,0.0,151.75,83.5,0.53051163010859,573.9999999999999,-10.465486077923337,2021-05-01 14:48:10
88.22,0.5927608041939201,-19.97,-4.352941176470587,-0.0235294117647058,0.6,0.0,0.0,140.0,84.0,0.53051163010859,573.9999999999999,-10.465486077923337,2021-05-01 14:48:20
88.22,0.5927608041939201,-25.24,-4.352941176470587,-0.0235294117647058,0.6,0.0,0.0,140.0,84.0,0.53051163010859,573.9999999999999,-10.465486077923337,2021-05-01 14:48:30
88.25999999999999,0.58136154165304,-20.6,-4.352941176470587,-0.0235294117647058,0.3,0.0,0.0,138.0,78.0,0.5203094687817765,573.9999999999999,-10.465486077923337,2021-05-01 14:48:40
88.3,0.58136154165304,-14.16,-4.352941176470587,-0.0235294117647058,0.0,0.0,0.0,136.0,72.0,0.5203094687817765,573.9999999999999,-10.465486077923337,2021-05-01 14:48:50
88.3,1.23111853741824,-12.545,-4.352941176470587,-0.0235294117647058,0.0,0.0,0.0,136.0,72.0,1.1018317971121896,573.9999999999999,-10.465486077923337,2021-05-01 14:49:00
88.31,1.071529132502735,-10.93,-4.352941176470587,-0.0235294117647058,0.0,0.0,0.0,139.0,75.0,0.9590017807704092,573.9999999999999,-10.465486077923337,2021-05-01 14:49:10
88.31,0.91193972758723,1.21,-4.352941176470587,-0.0235294117647058,0.3,0.0,0.0,139.0,75.0,0.8161717644286293,573.9999999999999,-10.465486077923337,2021-05-01 14:49:20
88.31,0.5927608041939201,24.64,-4.352941176470587,-0.0235294117647058,0.0,0.0,0.0,139.0,75.0,0.53051163010859,573.9999999999999,-10.465486077923337,2021-05-01 14:49:30
88.31,0.56996227911216,19.8,-4.352941176470587,-0.0235294117647058,0.0,0.0,0.0,94.0,73.0,0.5101073074549631,573.9999999999999,-10.465486077923337,2021-05-01 14:52:20
88.31,1.07152922145987,22.12,-4.352941176470587,-0.0235294117647058,0.3,0.0,0.0,96.0,74.0,0.9590018603856512,573.9999999999999,-10.465486077923337,2021-05-01 14:52:30
88.31,1.00313365,44.63,-4.352941176470587,-0.0235294117647058,0.6,0.0,0.0,96.0,74.0,0.8977888958126533,573.9999999999999,-10.465486077923337,2021-05-01 14:52:40
88.31,1.00313365,45.715,-4.352941176470587,-0.0235294117647058,1.08,0.0,0.0,96.0,74.0,0.8977888958126533,573.9999999999999,-10.465486077923337,2021-05-01 14:52:50
88.28,1.00313365,46.8,-4.352941176470587,-0.0235294117647058,1.5599999999999998,0.0,0.0,228.0,78.0,0.8977888958126533,573.9999999999999,-10.465486077923337,2021-05-01 14:53:00
88.28,1.00313365,48.49,-4.352941176470587,-0.0235294117647058,2.1599999999999997,0.0,0.0,228.0,78.0,0.8977888958126533,573.9999999999999,-10.465486077923337,2021-05-01 14:53:10
88.24333333333334,1.00313365,53.55,-4.352941176470587,-0.0235294117647058,1.8599999999999999,0.0,0.0,20.52,77.6,0.8977888958126533,573.9999999999999,-10.465486077923337,2021-05-01 14:53:20
88.20666666666666,1.00313365,56.47,-4.352941176470587,-0.0235294117647058,1.8599999999999999,0.0,0.0,20.52,77.2,0.8977888958126533,573.9999999999999,-10.465486077923337,2021-05-01 14:53:30
88.17,1.00313365,57.58,-4.352941176470587,-0.0235294117647058,1.8599999999999999,0.0,0.0,20.52,76.8,0.8977888958126533,573.9999999999999,-10.465486077923337,2021-05-01 14:53:40
88.13333333333334,1.00313365,60.1,-4.352941176470587,-0.0235294117647058,2.1599999999999997,0.0,0.0,20.52,76.4,0.8977888958126533,573.9999999999999,-10.465486077923337,2021-05-01 14:53:50
88.09666666666666,1.00313365,59.065,-4.352941176470587,-0.0235294117647058,1.0799999999999998,0.0,0.0,212.0,76.0,0.8977888958126533,573.9999999999999,-10.465486077923337,2021-05-01 14:54:00
88.06,0.501566825,58.03,-4.352941176470587,-0.0235294117647058,0.0,0.0,0.0,156.0,71.0,0.44889444790632665,573.9999999999999,-10.465486077923337,2021-05-01 14:54:10
88.07,0.58136154165304,-26.25,-4.352941176470587,-0.0235294117647058,1.8599999999999999,0.0,0.0,99.0,68.0,0.5203094687817765,573.9999999999999,-10.465486077923337,2021-05-01 15:06:00
88.07,0.58706117292348,-26.475,-4.352941176470587,-0.0235294117647058,2.0100000000000002,0.0,0.0,99.0,68.0,0.5254105494451833,573.9999999999999,-10.465486077923337,2021-05-01 15:06:10
88.07,0.5927608041939201,-26.7,-4.352941176470587,-0.0235294117647058,2.1599999999999997,0.0,0.0,99.0,68.0,0.53051163010859,573.9999999999999,-10.465486077923337,2021-05-01 15:06:20
88.07,0.5927608041939201,-25.94,-4.352941176470587,-0.0235294117647058,2.46,0.0,0.0,99.0,68.0,0.53051163010859,573.9999999999999,-10.465486077923337,2021-05-01 15:06:30
88.16999999999999,0.5927608041939201,-26.25,-4.352941176470587,-0.0235294117647058,2.46,0.0,0.0,120.5,69.0,0.53051163010859,573.9999999999999,-10.465486077923337,2021-05-01 15:06:40
88.27,0.5927608041939201,-24.71,-4.352941176470587,-0.0235294117647058,2.46,0.0,0.0,142.0,70.0,0.53051163010859,573.9999999999999,-10.465486077923337,2021-05-01 15:06:50
88.27,0.5927608041939201,-23.17,-4.352941176470587,-0.0235294117647058,2.46,0.0,0.0,142.0,70.0,0.53051163010859,573.9999999999999,-10.465486077923337,2021-05-01 15:07:00
88.27,0.58136154165304,-24.33,-4.352941176470587,-0.0235294117647058,2.76,0.0,0.0,142.0,70.0,0.5203094687817765,573.9999999999999,-10.465486077923337,2021-05-01 15:07:10
88.34,0.5927608041939201,-27.15,-4.352941176470587,-0.0235294117647058,3.36,0.0,0.0,140.0,69.5,0.53051163010859,573.9999999999999,-10.465486077923337,2021-05-01 15:07:20
88.41,0.5927608041939201,-31.154999999999998,-4.352941176470587,-0.0235294117647058,3.21,0.0,0.0,138.0,69.0,0.53051163010859,573.9999999999999,-10.465486077923337,2021-05-01 15:07:30
88.41,0.5927608041939201,-35.16,-4.352941176470587,-0.0235294117647058,3.0599999999999996,0.0,0.0,138.0,69.0,0.53051163010859,573.9999999999999,-10.465486077923337,2021-05-01 15:07:40
88.41,0.5927608041939201,-37.99,-4.352941176470587,-0.0235294117647058,1.8599999999999999,0.0,0.0,138.0,69.0,0.53051163010859,573.9999999999999,-10.465486077923337,2021-05-01 15:07:50
88.41,0.5927608041939201,-36.78,-4.352941176470587,-0.0235294117647058,2.31,0.0,0.0,138.0,69.0,0.53051163010859,573.9999999999999,-10.465486077923337,2021-05-01 15:08:00
88.41,0.5927608041939201,-35.57,-4.352941176470587,-0.0235294117647058,2.76,0.0,0.0,138.0,69.0,0.53051163010859,573.9999999999999,-10.465486077923337,2021-05-01 15:08:10
88.41,0.5927608041939201,-37.78,-4.352941176470587,-0.0235294117647058,2.46,0.0,0.0,138.0,69.0,0.53051163010859,573.9999999999999,-10.465486077923337,2021-05-01 15:08:20
88.41,0.58136154165304,-49.57,-4.352941176470587,-0.0235294117647058,2.1599999999999997,0.0,0.0,138.0,69.0,0.5203094687817765,573.9999999999999,-10.465486077923337,2021-05-01 15:08:30
88.41,0.58706117292348,-51.235,-4.352941176470587,-0.0235294117647058,1.5299999999999998,0.0,0.0,138.0,69.0,0.5254105494451833,573.9999999999999,-10.465486077923337,2021-05-01 15:08:40
88.41,0.5927608041939201,-52.9,-4.352941176470587,-0.0235294117647058,0.8999999999999999,0.0,0.0,138.0,69.0,0.53051163010859,573.9999999999999,-10.465486077923337,2021-05-01 15:08:50
88.41,0.5927608041939201,-55.05,-4.352941176470587,-0.0235294117647058,1.2,0.0,0.0,138.0,69.0,0.53051163010859,573.9999999999999,-10.465486077923337,2021-05-01 15:09:00
88.41,0.5927608041939201,-55.334999999999994,-4.352941176470587,-0.0235294117647058,1.05,0.0,0.0,138.0,69.0,0.53051163010859,573.9999999999999,-10.465486077923337,2021-05-01 15:09:10
88.41,0.5927608041939201,-55.62,-4.352941176470587,-0.0235294117647058,0.8999999999999999,0.0,0.0,138.0,69.0,0.53051163010859,573.9999999999999,-10.465486077923337,2021-05-01 15:09:20
88.41,0.9347381958878401,-54.27,-4.352941176470587,-0.0235294117647058,0.8999999999999999,0.0,0.0,138.0,69.0,0.8365760362640168,573.9999999999999,-10.465486077923337,2021-05-01 15:09:30
88.41,0.9347381958878401,-53.405,-4.352941176470587,-0.0235294117647058,1.2299999999999998,0.0,0.0,138.0,69.0,0.8365760362640168,573.9999999999999,-10.465486077923337,2021-05-01 15:09:40
88.41,0.9347381958878401,-52.54,-4.352941176470587,-0.0235294117647058,1.5599999999999998,0.0,0.0,138.0,69.0,0.8365760362640168,573.9999999999999,-10.465486077923337,2021-05-01 15:09:50
88.41,0.9347381958878401,-52.19,-4.352941176470587,-0.0235294117647058,1.71,0.0,0.0,138.0,69.0,0.8365760362640168,573.9999999999999,-10.465486077923337,2021-05-01 15:10:00
88.41,0.9385379500681335,-51.84,-4.352941176470587,-0.0235294117647058,1.8599999999999999,0.0,0.0,138.0,69.0,0.8399767567062879,573.9999999999999,-10.465486077923337,2021-05-01 15:10:10
88.50333333333333,0.9423377042484267,-43.95,-4.352941176470587,-0.0235294117647058,2.46,0.0,0.0,72.23,73.36,0.8433774771485589,573.9999999999999,-10.465486077923337,2021-05-01 15:10:20
88.59666666666666,0.94613745842872,-42.895,-4.352941176470587,-0.0235294117647058,2.46,0.0,0.0,6.46,77.72,0.8467781975908302,573.9999999999999,-10.465486077923337,2021-05-01 15:10:30
88.69,0.94613745842872,-41.84,-4.352941176470587,-0.0235294117647058,2.46,0.0,0.0,212.0,75.0,0.8467781975908302,573.9999999999999,-10.465486077923337,2021-05-01 15:10:40
88.69,0.94613745842872,-53.27,-4.352941176470587,-0.0235294117647058,2.76,0.0,0.0,212.0,75.0,0.8467781975908302,573.9999999999999,-10.465486077923337,2021-05-01 15:10:50
88.69,0.94613745842872,-56.835,-4.352941176470587,-0.0235294117647058,2.31,0.0,0.0,212.0,75.0,0.8467781975908302,573.9999999999999,-10.465486077923337,2021-05-01 15:11:00
88.67,0.9404378271582801,-60.4,-4.352941176470587,-0.0235294117647058,1.8599999999999999,0.0,0.0,216.0,77.0,0.8416771169274234,573.9999999999999,-10.465486077923337,2021-05-01 15:11:10
88.61,0.9347381958878401,-49.24,-4.352941176470587,-0.0235294117647058,3.66,0.0,0.0,212.0,80.0,0.8365760362640168,573.9999999999999,-10.465486077923337,2021-05-01 15:11:20
88.61,0.94613745842872,-49.28,-4.352941176470587,-0.0235294117647058,5.22,0.0,0.0,212.0,80.0,0.8467781975908302,573.9999999999999,-10.465486077923337,2021-05-01 15:11:30
88.61,0.94613745842872,-53.35,-4.352941176470587,-0.0235294117647058,5.37,0.0,0.0,212.0,80.0,0.8467781975908302,573.9999999999999,-10.465486077923337,2021-05-01 15:11:40
88.61,0.94613745842872,-57.42,-4.352941176470587,-0.0235294117647058,5.52,0.0,0.0,214.0,77.0,0.8467781975908302,573.9999999999999,-10.465486077923337,2021-05-01 15:11:50
88.61,0.58136154165304,-50.08,-4.352941176470587,-0.0235294117647058,5.82,0.0,0.0,214.0,77.0,0.5203094687817765,573.9999999999999,-10.465486077923337,2021-05-01 15:12:00
88.61,0.58136154165304,-51.49,-4.352941176470587,-0.0235294117647058,6.119999999999999,0.0,0.0,214.0,77.0,0.5203094687817765,573.9999999999999,-10.465486077923337,2021-05-01 15:12:10
88.61,0.58136154165304,-54.95,-4.352941176470587,-0.0235294117647058,5.82,0.0,0.0,214.0,77.0,0.5203094687817765,573.9999999999999,-10.465486077923337,2021-05-01 15:12:20
88.61,0.58136154165304,-78.84,-4.352941176470587,-0.0235294117647058,5.22,0.0,0.0,214.0,77.0,0.5203094687817765,573.9999999999999,-10.465486077923337,2021-05-01 15:12:30
88.61,0.5927608041939201,-67.2,-4.352941176470587,-0.0235294117647058,3.66,0.0,0.0,214.0,77.0,0.53051163010859,573.9999999999999,-10.465486077923337,2021-05-01 15:12:40
88.60666666666667,0.5927608041939201,-67.15,-4.352941176470587,-0.0235294117647058,3.36,0.0,0.0,197.0,99.65,0.53051163010859,573.9999999999999,-10.465486077923337,2021-05-01 15:12:50
88.60333333333332,0.5927608041939201,-70.95,-4.352941176470587,-0.0235294117647058,2.76,0.0,0.0,180.0,99.65,0.53051163010859,573.9999999999999,-10.465486077923337,2021-05-01 15:13:00
88.6,0.5927608041939201,-68.17,-4.352941176470587,-0.0235294117647058,2.4599999999999995,0.0,0.0,163.0,73.0,0.53051163010859,573.9999999999999,-10.465486077923337,2021-05-01 15:13:10
88.59,0.5927608041939201,-65.39,-4.352941176470587,-0.0235294117647058,2.1599999999999997,0.0,0.0,166.0,78.0,0.53051163010859,573.9999999999999,-10.465486077923337,2021-05-01 15:13:20
88.59,0.58136154165304,-58.6,-4.352941176470587,-0.0235294117647058,2.46,0.0,0.0,166.0,78.0,0.5203094687817765,573.9999999999999,-10.465486077923337,2021-05-01 15:13:30
88.59,0.5927608041939201,-56.63,-4.352941176470587,-0.0235294117647058,1.8599999999999999,0.0,0.0,166.0,78.0,0.53051163010859,573.9999999999999,-10.465486077923337,2021-05-01 15:13:40
88.625,0.58136154165304,-55.47,-4.352941176470587,-0.0235294117647058,1.8599999999999999,0.0,0.0,149.0,74.0,0.5203094687817765,573.9999999999999,-10.465486077923337,2021-05-01 15:13:50
88.66,0.58136154165304,-56.67,-4.352941176470587,-0.0235294117647058,1.8599999999999999,0.0,0.0,149.0,74.0,0.5203094687817765,573.9999999999999,-10.465486077923337,2021-05-01 15:14:00
88.69500000000001,0.5927608041939201,-56.38,-4.352941176470587,-0.0235294117647058,2.16,0.0,0.0,149.0,74.0,0.53051163010859,573.9999999999999,-10.465486077923337,2021-05-01 15:14:10
88.73,0.5927608041939201,-56.09,-4.352941176470587,-0.0235294117647058,2.46,0.0,0.0,138.0,70.0,0.53051163010859,573.9999999999999,-10.465486077923337,2021-05-01 15:14:20
88.73,0.5927608041939201,-43.28,-4.352941176470587,-0.0235294117647058,3.36,0.0,0.0,143.5,73.0,0.53051163010859,573.9999999999999,-10.465486077923337,2021-05-01 15:14:30
88.73,0.5927608041939201,-36.72,-4.352941176470587,-0.0235294117647058,3.36,0.0,0.0,149.0,76.0,0.53051163010859,573.9999999999999,-10.465486077923337,2021-05-01 15:14:40
88.73,0.58136154165304,-34.46,-4.352941176470587,-0.0235294117647058,3.36,0.0,0.0,149.0,76.0,0.5203094687817765,573.9999999999999,-10.465486077923337,2021-05-01 15:14:50
88.73,0.58706117292348,-33.32,-4.352941176470587,-0.0235294117647058,3.51,0.0,0.0,161.0,69.0,0.5254105494451833,573.9999999999999,-10.465486077923337,2021-05-01 15:15:00
88.73,0.5927608041939201,-32.18,-4.352941176470587,-0.0235294117647058,3.66,0.0,0.0,161.0,69.0,0.53051163010859,573.9999999999999,-10.465486077923337,2021-05-01 15:15:10
88.76333333333334,0.5927608041939201,-25.54,-4.352941176470587,-0.0235294117647058,4.92,0.0,0.0,165.66666666666666,70.66666666666667,0.53051163010859,573.9999999999999,-10.465486077923337,2021-05-01 15:15:20
88.79666666666667,0.58136154165304,-22.98,-4.352941176470587,-0.0235294117647058,7.0200000000000005,0.0,0.0,170.33333333333334,72.33333333333333,0.5203094687817765,573.9999999999999,-10.465486077923337,2021-05-01 15:15:30
88.83,0.5927608041939201,-21.42,-4.352941176470587,-0.0235294117647058,8.280000000000001,0.0,0.0,175.0,74.0,0.53051163010859,573.9999999999999,-10.465486077923337,2021-05-01 15:15:40
88.89,0.58136154165304,-19.75,-4.352941176470587,-0.0235294117647058,8.879999999999999,0.0,0.0,145.0,73.0,0.5203094687817765,573.9999999999999,-10.465486077923337,2021-05-01 15:15:50
88.89,0.58136154165304,-17.005,-4.352941176470587,-0.0235294117647058,8.580000000000002,0.0,0.0,145.0,73.0,0.5203094687817765,573.9999999999999,-10.465486077923337,2021-05-01 15:16:00
88.89,0.58136154165304,-14.26,-4.352941176470587,-0.0235294117647058,8.280000000000001,0.0,0.0,145.0,73.0,0.5203094687817765,573.9999999999999,-10.465486077923337,2021-05-01 15:16:10
88.89,0.5927608041939201,-16.82,-4.352941176470587,-0.0235294117647058,8.280000000000001,0.0,0.0,145.0,73.0,0.53051163010859,573.9999999999999,-10.465486077923337,2021-05-01 15:16:20
89.11666666666666,0.58136154165304,-13.46,-4.352941176470587,-0.0235294117647058,9.48,0.0,0.0,145.66666666666666,65.66666666666667,0.5203094687817765,573.9999999999999,-10.465486077923337,2021-05-01 15:16:30
89.34333333333333,0.58136154165304,-15.52,-4.352941176470587,-0.0235294117647058,10.08,0.0,0.0,146.33333333333334,58.333333333333336,0.5203094687817765,573.9999999999999,-10.465486077923337,2021-05-01 15:16:40
89.57,0.5927608041939201,-15.52,-4.352941176470587,-0.0235294117647058,10.08,0.0,0.0,147.0,51.0,0.53051163010859,573.9999999999999,-10.465486077923337,2021-05-01 15:16:50
89.57,0.5927608041939201,-15.92,-4.352941176470587,-0.0235294117647058,8.879999999999999,0.0,0.0,147.0,51.0,0.53051163010859,573.9999999999999,-10.465486077923337,2021-05-01 15:17:00
90.12,0.58136154165304,-17.53,-4.352941176470587,-0.0235294117647058,8.879999999999999,0.0,-0.0,167.0,41.0,0.5203094687817765,573.9999999999999,-10.465486077923337,2021-05-01 15:17:10
90.17,0.58136154165304,-16.32,-4.352941176470587,-0.0235294117647058,9.18,0.0,-0.0,166.0,40.0,0.5203094687817765,573.9999999999999,-10.465486077923337,2021-05-01 15:17:20
90.16,0.5927608041939201,-16.87,-4.352941176470587,-0.0235294117647058,8.879999999999999,0.0,-0.0,161.0,43.0,0.53051163010859,573.9999999999999,-10.465486077923337,2021-05-01 15:17:30
90.15,0.5927608041939201,-17.42,-4.352941176470587,-0.0235294117647058,8.58,0.0,-0.0,161.0,43.0,0.53051163010859,573.9999999999999,-10.465486077923337,2021-05-01 15:17:40
90.14,0.5927608041939201,-19.23,-4.352941176470587,-0.0235294117647058,8.879999999999999,0.0,-0.0,166.0,47.0,0.53051163010859,573.9999999999999,-10.465486077923337,2021-05-01 15:17:50
90.08,0.5927608041939201,-18.81,-4.352941176470587,-0.0235294117647058,8.58,0.0,-0.0,177.0,56.0,0.53051163010859,573.9999999999999,-10.465486077923337,2021-05-01 15:18:00
90.08,0.5927608041939201,-19.7,-4.352941176470587,-0.0235294117647058,8.58,0.0,-0.0,177.0,56.0,0.53051163010859,573.9999999999999,-10.465486077923337,2021-05-01 15:18:10
90.08,0.5927608041939201,-18.14,-4.352941176470587,-0.0235294117647058,9.18,0.0,-0.0,177.0,56.0,0.53051163010859,573.9999999999999,-10.465486077923337,2021-05-01 15:18:20
90.08,0.5927608041939201,-17.3825,-4.352941176470587,-0.0235294117647058,9.105,0.0,-0.0,177.0,56.0,0.53051163010859,573.9999999999999,-10.465486077923337,2021-05-01 15:18:30
89.925,0.5927608041939201,-16.625,-4.352941176470587,-0.0235294117647058,9.03,0.0,0.0,158.5,63.0,0.53051163010859,573.9999999999999,-10.465486077923337,2021-05-01 15:18:40
89.8475,0.5927608041939201,-16.0,-4.352941176470587,-0.0235294117647058,9.18,0.0,0.0,149.25,66.5,0.53051163010859,573.9999999999999,-10.465486077923337,2021-05-01 15:18:50
89.77,0.58136154165304,-17.5,-4.352941176470587,-0.0235294117647058,8.879999999999999,0.0,0.0,140.0,70.0,0.5203094687817765,573.9999999999999,-10.465486077923337,2021-05-01 15:19:00
89.77,0.58706117292348,-15.93,-4.352941176470587,-0.0235294117647058,8.879999999999999,0.0,0.0,140.0,70.0,0.5254105494451833,573.9999999999999,-10.465486077923337,2021-05-01 15:19:10
89.77,0.5927608041939201,-15.01,-4.352941176470587,-0.0235294117647058,9.18,0.0,0.0,140.0,70.0,0.53051163010859,573.9999999999999,-10.465486077923337,2021-05-01 15:19:20
89.29499999999999,0.44457060314544006,-16.57,-4.352941176470587,-0.0235294117647058,9.18,0.0,0.0,147.0,64.5,0.3978837225814425,573.9999999999999,-10.465486077923337,2021-05-01 15:19:30
88.96249999999999,0.29638040209696004,-20.37,-4.352941176470587,-0.0235294117647058,8.879999999999999,0.0,0.0,124.0,61.75,0.265255815054295,573.9999999999999,-10.465486077923337,2021-05-01 15:19:40
88.63,0.14819020104848002,-21.41,-4.352941176470587,-0.0235294117647058,8.879999999999999,0.0,0.0,101.0,59.0,0.1326279075271475,573.9999999999999,-10.465486077923337,2021-05-01 15:19:50
